date,ticker,open,high,low,close,volume
2024-01-01,RELIANCE.NS,1274.9008072558752,1287.8941431135045,1271.244822078984,1279.6929931640625,4030540
2024-01-02,RELIANCE.NS,1277.099135940161,1291.920402508132,1271.1706293129728,1290.2900390625,7448800
2024-01-03,RELIANCE.NS,1289.450180352941,1301.3071935056118,1273.2455715878027,1276.25927734375,9037536
2024-01-04,RELIANCE.NS,1278.5811975278393,1289.376067708453,1274.1842702494187,1282.8546142578125,9612778
2024-01-05,RELIANCE.NS,1285.9424160498672,1294.3165279752034,1283.521657474919,1288.3138427734375,8086406
2024-01-08,RELIANCE.NS,1289.4502625359673,1300.2944657165137,1269.1698042070248,1278.26025390625,7734652
2024-01-09,RELIANCE.NS,1284.5096770702141,1287.8691880410897,1273.2454911635218,1274.8758544921875,5403074
2024-01-10,RELIANCE.NS,1273.146817539874,1313.658280108081,1272.1834593214687,1309.2613525390625,11102740
2024-01-11,RELIANCE.NS,1313.6583733689063,1346.2651626289091,1312.6702888458758,1343.6961669921875,23725852
2024-01-12,RELIANCE.NS,1343.6960023683716,1356.9609630954171,1329.714583957277,1354.3919677734375,15012164
2024-01-15,RELIANCE.NS,1358.616069177015,1379.8104316098675,1349.723309451493,1377.51318359375,8610594
2024-01-16,RELIANCE.NS,1373.412554424991,1379.662260463631,1354.169635353321,1358.2454833984375,9069024
2024-01-17,RELIANCE.NS,1343.30084717423,1369.7568331827044,1338.8791932605309,1345.35107421875,12197382
2024-01-18,RELIANCE.NS,1335.2972997496222,1354.663730119792,1335.1490629645289,1351.6500244140625,10279438
2024-01-19,RELIANCE.NS,1359.6041759840746,1359.6041759840746,1342.8067406703178,1351.156005859375,10422704
2024-01-23,RELIANCE.NS,1355.4048574857818,1355.4048574857818,1306.791150318716,1312.7442626953125,20055420
2024-01-24,RELIANCE.NS,1319.314984194113,1333.4199132911328,1308.1497027138623,1327.8619384765625,21919128
2024-01-25,RELIANCE.NS,1326.9479158139593,1347.895377764627,1319.2902616038493,1336.9522705078125,11808872
2024-01-29,RELIANCE.NS,1348.241269998228,1435.192704047216,1343.9678528779282,1430.7957763671875,23893438
2024-01-30,RELIANCE.NS,1442.5537625848374,1442.5784888178382,1387.690473107798,1390.852294921875,14093978
2024-01-31,RELIANCE.NS,1387.2704457772934,1417.159997760743,1385.7883192326594,1409.6258544921875,15130226
2024-02-01,RELIANCE.NS,1417.9011153905622,1426.1515960154993,1401.1531330404457,1409.650634765625,13349362
2024-02-02,RELIANCE.NS,1416.0980132616144,1457.3258137867138,1416.0980132616144,1440.3306884765625,19652588
2024-02-05,RELIANCE.NS,1443.3442832345067,1452.9781061073709,1414.4675408489986,1421.878173828125,8814432
2024-02-06,RELIANCE.NS,1424.6695010773788,1424.6695010773788,1402.9069175392074,1410.7869873046875,9047984
2024-02-07,RELIANCE.NS,1418.8151411125152,1432.2283386037336,1412.2196294925052,1424.9659423828125,9296568
2024-02-08,RELIANCE.NS,1432.7224367107362,1442.0845126481563,1410.515263064875,1432.845947265625,14694634
2024-02-09,RELIANCE.NS,1436.6746688077615,1454.4354611714164,1433.660963243804,1443.34423828125,12556798
2024-02-12,RELIANCE.NS,1443.3443671360003,1443.5913882496639,1425.163589047209,1435.04443359375,6674430
2024-02-13,RELIANCE.NS,1438.1567484987418,1461.3767303535824,1436.674621997369,1447.642333984375,7715594
2024-02-14,RELIANCE.NS,1440.1329959711338,1465.9714268487612,1440.1329959711338,1463.7235107421875,7117888
2024-02-15,RELIANCE.NS,1465.6751036103208,1467.0337197836,1449.050630318146,1453.0770263671875,10006782
2024-02-16,RELIANCE.NS,1458.8819534815811,1459.4007219371786,1441.170612214809,1443.17138671875,9767498
2024-02-19,RELIANCE.NS,1444.6288410678121,1461.8708655513933,1436.2053974591388,1456.4364013671875,6729828
2024-02-20,RELIANCE.NS,1457.4492860314679,1457.9186020207894,1444.3818933388152,1453.4969482421875,7117496
2024-02-21,RELIANCE.NS,1456.4365283424868,1470.7884795851646,1440.1825868389801,1450.2115478515625,12720292
2024-02-22,RELIANCE.NS,1450.6561919754163,1467.2559381666686,1440.6271108051608,1464.0941162109375,18493728
2024-02-23,RELIANCE.NS,1471.7517883622584,1479.7059164315408,1465.6750448712426,1475.82763671875,14438584
2024-02-26,RELIANCE.NS,1475.753583346703,1476.7169415654328,1464.8352018923576,1469.6026611328125,7513106
2024-02-27,RELIANCE.NS,1465.3539102526265,1482.0771665679397,1460.4382144226488,1467.9476318359375,10826044
2024-02-28,RELIANCE.NS,1465.3292067243183,1473.5056294891751,1432.8953836215212,1438.2803955078125,8647950
2024-02-29,RELIANCE.NS,1447.5437052316252,1461.352161163495,1437.1935448412644,1443.393798828125,23628976
2024-03-01,RELIANCE.NS,1446.061542580972,1482.1266237591103,1445.0734581651325,1474.345458984375,12132926
2024-03-04,RELIANCE.NS,1472.7150995331629,1494.4282305064353,1469.503825173054,1489.4384765625,10024420
2024-03-05,RELIANCE.NS,1487.832984359659,1489.4386216961695,1468.3430414288637,1482.3243408203125,7107668
2024-03-06,RELIANCE.NS,1475.6545662551582,1491.0193265812127,1460.8827530485903,1485.0908203125,7805676
2024-03-07,RELIANCE.NS,1485.0662153094684,1485.1897258668157,1457.968071396935,1461.3028564453125,8315726
2024-03-11,RELIANCE.NS,1471.2577496463198,1471.2577496463198,1446.0615961097308,1449.1246337890625,11277130
2024-03-12,RELIANCE.NS,1449.1245651727334,1470.269595576354,1447.568380480176,1457.844482421875,9432678
2024-03-13,RELIANCE.NS,1462.142657909758,1465.4279903850718,1410.7622676768488,1415.10986328125,13522134
2024-03-14,RELIANCE.NS,1422.5450608782721,1431.2649780682007,1408.514310659922,1414.4180908203125,18571102
2024-03-15,RELIANCE.NS,1408.9589780840722,1416.1473166057365,1396.0645483366263,1401.3260498046875,19223818
2024-03-18,RELIANCE.NS,1403.0799549430176,1424.5460660460144,1399.6463855144648,1422.3228759765625,9169392
2024-03-19,RELIANCE.NS,1411.7256294896865,1420.4701525728194,1400.3626585436627,1408.267333984375,8275764
2024-03-20,RELIANCE.NS,1410.935092987457,1427.7819805194806,1407.056934025752,1426.546875,8488806
2024-03-21,RELIANCE.NS,1435.2173701383908,1440.5283239841642,1427.460931435626,1433.685791015625,13006936
2024-03-22,RELIANCE.NS,1432.697625631682,1442.6031956703118,1430.1039041326171,1437.6875,19527608
2024-03-26,RELIANCE.NS,1427.7820647176966,1435.0939139473653,1421.853557874578,1424.3978271484375,11415906
2024-03-27,RELIANCE.NS,1430.74620650665,1482.1265951381042,1429.7581221098912,1475.061767578125,16326644
2024-03-28,RELIANCE.NS,1475.0865810929813,1488.0057370987279,1461.0311038405712,1468.145263671875,21854364
2024-04-01,RELIANCE.NS,1474.6912092837645,1476.1733358521226,1464.8350917273362,1467.0830078125,5013880
2024-04-02,RELIANCE.NS,1466.3172549197961,1476.198098955644,1457.4244952875333,1469.2320556640625,8910166
2024-04-03,RELIANCE.NS,1464.4152240453116,1466.7619246317818,1451.397283687729,1454.0650634765625,7008292
2024-04-04,RELIANCE.NS,1462.117879861305,1462.117879861305,1432.7223691832353,1445.493408203125,14490272
2024-04-05,RELIANCE.NS,1443.467815909923,1453.274601948929,1438.6509043996564,1442.7020263671875,7442298
2024-04-08,RELIANCE.NS,1445.5427357963142,1473.2090987059642,1443.5912932499484,1468.2686767578125,8357118
2024-04-09,RELIANCE.NS,1471.2577557160955,1472.0482715276003,1445.0735176190665,1446.2098388671875,7071414
2024-04-10,RELIANCE.NS,1448.8776750369068,1469.281643980642,1448.8776750369068,1461.945068359375,9138330
2024-04-12,RELIANCE.NS,1458.289226116748,1468.76289779902,1445.6416961431235,1449.668212890625,15551012
2024-04-15,RELIANCE.NS,1443.591352839028,1464.4646364315843,1429.0911655763507,1447.3707275390625,12902062
2024-04-16,RELIANCE.NS,1436.0323976352518,1453.645073932083,1433.636365403093,1448.28466796875,9366184
2024-04-18,RELIANCE.NS,1446.0615875622616,1468.2934876101954,1441.9610129858208,1446.876708984375,19005692
2024-04-19,RELIANCE.NS,1439.4167626045175,1456.4364932961696,1425.8306012864564,1452.607666015625,15741778
2024-04-22,RELIANCE.NS,1454.9048261235944,1465.1562017707047,1450.3103301575065,1462.2166748046875,10350362
2024-04-23,RELIANCE.NS,1461.3770126451404,1475.7042382593086,1438.2064787775075,1441.9364013671875,14605554
2024-04-24,RELIANCE.NS,1446.0615625184662,1451.051437133562,1432.2283805059903,1432.8953857421875,10462776
2024-04-25,RELIANCE.NS,1425.3117405225619,1450.483166375014,1424.3236561270523,1442.5784912109375,15943926
2024-04-26,RELIANCE.NS,1446.5061312694434,1447.5436681516292,1432.7224019248206,1435.2420654296875,9413848
2024-04-29,RELIANCE.NS,1432.7223672737166,1450.4091019997668,1432.7223672737166,1447.568359375,7247974
2024-04-30,RELIANCE.NS,1450.5079819172845,1465.403306850403,1445.4440490785064,1449.5198974609375,11474262
2024-05-02,RELIANCE.NS,1454.460206935621,1459.7217080112785,1446.6790424453916,1449.0751953125,14512646
2024-05-03,RELIANCE.NS,1453.4722101911175,1457.3750954799905,1399.275802819383,1416.9130859375,17226958
2024-05-06,RELIANCE.NS,1418.3952205864964,1422.841600588335,1401.1037428015688,1402.610595703125,7394208
2024-05-07,RELIANCE.NS,1399.1028593353728,1403.8209867220144,1375.4135586957902,1384.775634765625,14517472
2024-05-08,RELIANCE.NS,1380.8479912935143,1415.8755361000522,1380.8479912935143,1401.647216796875,9439002
2024-05-09,RELIANCE.NS,1396.1632769069981,1406.7851843569276,1373.437335386219,1377.51318359375,11009612
2024-05-10,RELIANCE.NS,1380.106935558881,1393.1990543318577,1371.535254832905,1390.65478515625,10505096
2024-05-13,RELIANCE.NS,1383.2195197456997,1390.2101693574684,1367.5089520262873,1385.986083984375,8456620
2024-05-14,RELIANCE.NS,1384.2815424166113,1410.070521585227,1383.342910466477,1403.1539306640625,7188300
2024-05-15,RELIANCE.NS,1403.5740469957013,1412.9361236084007,1396.188139403763,1399.3994140625,5046534
2024-05-16,RELIANCE.NS,1401.6471872524828,1410.4904944706304,1381.3667306256436,1408.3660888671875,14711774
2024-05-17,RELIANCE.NS,1406.093722836626,1420.0750222861304,1396.4104463053004,1418.5928955078125,10916476
2024-05-21,RELIANCE.NS,1408.6132041549795,1424.6448506468714,1408.6132041549795,1419.0128173828125,11176128
2024-05-22,RELIANCE.NS,1419.1609264752628,1451.2736690394956,1419.1609264752628,1443.2454833984375,10281604
2024-05-23,RELIANCE.NS,1441.1705740518107,1474.4442444107415,1437.6628261266358,1468.3428955078125,14608260
2024-05-24,RELIANCE.NS,1465.9467233388211,1470.7636348065282,1458.5113640783345,1462.6119384765625,7094776
2024-05-27,RELIANCE.NS,1462.587264504762,1467.2066075031105,1444.134859977049,1448.77880859375,6629010
2024-05-28,RELIANCE.NS,1450.5079553599196,1460.8828419616084,1435.4396676765145,1438.8485107421875,7820162
2024-05-29,RELIANCE.NS,1429.264181324664,1440.6271526936466,1421.310053120064,1423.607421875,7383556
2024-05-30,RELIANCE.NS,1418.3951935729253,1423.2368313836507,1403.178669288835,1407.8720703125,13206858
2024-05-31,RELIANCE.NS,1414.245257118902,1425.0647331073133,1405.3030450073677,1413.35595703125,31069832
2024-06-03,RELIANCE.NS,1465.3292536675044,1496.4539141466187,1441.6152266357983,1492.32861328125,21527942
2024-06-04,RELIANCE.NS,1480.1999676014107,1480.1999676014107,1343.1032493273078,1380.625732421875,36709098
2024-06-05,RELIANCE.NS,1405.0560283617258,1414.0970248192752,1367.6076051704213,1403.8209228515625,17464890
2024-06-06,RELIANCE.NS,1417.9011371144834,1426.4974232883105,1404.4137607114592,1414.5416259765625,17855722
2024-06-07,RELIANCE.NS,1411.478521453965,1454.4601915157414,1409.5023527154926,1452.4345703125,18558696
2024-06-10,RELIANCE.NS,1452.4346368701142,1475.5558362929214,1450.5819785928986,1453.867431640625,9251760
2024-06-11,RELIANCE.NS,1451.4960860069511,1456.1154291491666,1437.3418242246385,1439.3179931640625,11774902
2024-06-12,RELIANCE.NS,1440.1330064471847,1458.41256776401,1437.835758473946,1445.8885498046875,10081742
2024-06-13,RELIANCE.NS,1454.4603416652449,1454.7073627830548,1442.7021123343332,1447.790771484375,9181160
2024-06-14,RELIANCE.NS,1452.4841280922399,1462.0438933040555,1439.8613252368543,1459.9442138671875,8157998
2024-06-18,RELIANCE.NS,1469.6273935638167,1469.6768460329972,1453.8180422457062,1463.3778076171875,7196766
2024-06-19,RELIANCE.NS,1469.7756214798555,1469.7756214798555,1438.650961260282,1441.2694091796875,8725874
2024-06-20,RELIANCE.NS,1441.6152213906755,1465.181011544537,1432.8212456085912,1456.1400146484375,16113776
2024-06-21,RELIANCE.NS,1456.0659025463858,1457.1280450509373,1423.4096642387256,1436.872314453125,31170360
2024-06-24,RELIANCE.NS,1428.3007403004744,1432.2283517054532,1420.3713387903338,1424.2989501953125,8878386
2024-06-25,RELIANCE.NS,1425.8058325289194,1438.576872033328,1423.8296636688654,1436.822998046875,7045386
2024-06-26,RELIANCE.NS,1428.8194845866847,1500.875466568816,1427.905458276952,1495.9844970703125,22014882
2024-06-27,RELIANCE.NS,1495.7128766848623,1519.1798830077462,1488.0552219900264,1512.312744140625,28383030
2024-06-28,RELIANCE.NS,1512.782033239127,1562.1615299634889,1512.782033239127,1546.7474365234375,28957336
2024-07-01,RELIANCE.NS,1543.9066370278445,1560.5805616644209,1537.138282854078,1541.5599365234375,7724306
2024-07-02,RELIANCE.NS,1550.798441129772,1554.750778666898,1538.4473863262538,1546.5250244140625,7749246
2024-07-03,RELIANCE.NS,1547.661278880494,1556.2329594590622,1524.391963189475,1533.927001953125,9049620
2024-07-04,RELIANCE.NS,1538.447461634288,1548.822348177101,1532.321386398175,1535.5079345703125,6837176
2024-07-05,RELIANCE.NS,1535.3101717849263,1579.4528899457323,1529.5546284867023,1569.695556640625,12269710
2024-07-08,RELIANCE.NS,1570.0661123316786,1589.6302317071045,1563.6682899618515,1581.8243408203125,9500806
2024-07-09,RELIANCE.NS,1578.5637202787966,1581.4291893561121,1561.6675000170792,1571.3260498046875,6960002
2024-07-10,RELIANCE.NS,1575.9946562525065,1578.4648673124634,1544.5241914718106,1565.3480224609375,7134578
2024-07-11,RELIANCE.NS,1568.5840280306456,1585.1344421846698,1551.786592769845,1561.815673828125,11940946
2024-07-12,RELIANCE.NS,1565.619788574804,1586.023756297877,1555.7389442164904,1577.6990966796875,12924784
2024-07-15,RELIANCE.NS,1585.332123675554,1586.7154660951303,1566.607970695329,1578.1932373046875,5329688
2024-07-16,RELIANCE.NS,1574.5125966882063,1580.9351457176842,1550.4280378276635,1557.4681396484375,9386838
2024-07-18,RELIANCE.NS,1557.2210712967385,1574.9078068261192,1539.2625884242743,1567.7689208984375,12298374
2024-07-19,RELIANCE.NS,1567.1018870092746,1571.0294984478235,1534.2975325767013,1536.6195068359375,13140390
2024-07-22,RELIANCE.NS,1518.9328421942273,1519.1798633102128,1481.4103587992008,1482.793701171875,19674376
2024-07-23,RELIANCE.NS,1483.1146576505776,1487.8080584659276,1445.5674511277782,1470.1707763671875,18052044
2024-07-24,RELIANCE.NS,1467.3053526491226,1491.5134207568017,1458.8078508242754,1477.8778076171875,11913362
2024-07-25,RELIANCE.NS,1463.353122317903,1482.5960435405543,1459.474842467878,1474.6173095703125,12519876
2024-07-26,RELIANCE.NS,1474.6172851615388,1494.4037007697482,1472.59166375446,1491.044189453125,9859940
2024-07-29,RELIANCE.NS,1493.9341486268256,1509.2989091727318,1493.7613062276428,1501.987060546875,7538550
2024-07-30,RELIANCE.NS,1498.9488223237445,1506.8287716127938,1492.0075050067665,1495.1199951171875,8228208
2024-07-31,RELIANCE.NS,1486.0788700242824,1492.4519658681731,1483.2628537354879,1487.4869384765625,10057346
2024-08-01,RELIANCE.NS,1493.983779705346,1499.9122867676688,1486.3755772216791,1497.2445068359375,10764222
2024-08-02,RELIANCE.NS,1487.067144475012,1491.3405616106625,1475.4818780540024,1481.459716796875,10268248
2024-08-05,RELIANCE.NS,1462.3650548737628,1466.2186085334113,1416.1721046606897,1430.079345703125,17046704
2024-08-06,RELIANCE.NS,1437.8110173129378,1459.8946792000177,1434.0315221699125,1438.7003173828125,10236186
2024-08-07,RELIANCE.NS,1451.4960282823629,1454.954323788822,1444.0853950542364,1447.3707275390625,8174568
2024-08-08,RELIANCE.NS,1440.1577210643813,1447.5436277380477,1428.6959662921352,1431.8577880859375,12387192
2024-08-09,RELIANCE.NS,1442.603254689353,1458.9066476361847,1438.6509170052725,1456.73291015625,6249776
2024-08-12,RELIANCE.NS,1452.4841167562581,1455.4483700557605,1440.3800824499558,1443.2208251953125,8184584
2024-08-13,RELIANCE.NS,1443.3444377180147,1452.5582774619256,1440.6272053348387,1446.1851806640625,6265064
2024-08-14,RELIANCE.NS,1446.1109681889411,1454.460233101401,1436.3782403810737,1444.43115234375,6267466
2024-08-16,RELIANCE.NS,1451.1502913945535,1462.7602840003062,1440.676620060605,1460.58642578125,9416902
2024-08-19,RELIANCE.NS,1469.8067419652286,1485.47150978375,1467.8238660907393,1475.65625,13797742
2024-08-20,RELIANCE.NS,1484.4057091952604,1491.0484162933285,1477.2674041310693,1483.1416015625,8411808
2024-08-21,RELIANCE.NS,1480.464784262564,1494.964564922092,1477.2426107826689,1485.8433837890625,7769996
2024-08-22,RELIANCE.NS,1490.1312336221058,1493.6012664349316,1477.8869991875908,1485.2979736328125,10445782
2024-08-23,RELIANCE.NS,1490.8749048344312,1498.3849993365056,1485.5955458508122,1487.1322021484375,9249654
2024-08-26,RELIANCE.NS,1494.0723308917522,1509.9601498448217,1490.1313888488291,1499.649169921875,8816114
2024-08-27,RELIANCE.NS,1497.5671500638725,1500.516654009415,1486.6117113802566,1487.6031494140625,6251156
2024-08-28,RELIANCE.NS,1492.1142662167426,1494.5680511870519,1480.2170096090344,1485.4716796875,9610286
2024-08-29,RELIANCE.NS,1490.2303777286736,1523.8401488737275,1481.2083164719252,1507.90283203125,38335358
2024-08-30,RELIANCE.NS,1520.865886117465,1526.5418444404818,1490.4534771750382,1496.6995849609375,41620730
2024-09-02,RELIANCE.NS,1497.9389648135596,1513.7276641806195,1493.7253530981907,1503.2679443359375,11240852
2024-09-03,RELIANCE.NS,1508.2250430567562,1509.9600595401412,1494.5927706873033,1496.203857421875,10923800
2024-09-04,RELIANCE.NS,1487.850885016148,1504.50709100704,1486.6612078847159,1501.5823974609375,11983304
2024-09-05,RELIANCE.NS,1506.0439573959175,1512.7113538076746,1474.3179410781217,1480.192138671875,16264168
2024-09-06,RELIANCE.NS,1479.721175380084,1484.182646260627,1449.110527949692,1452.2830810546875,19394228
2024-09-09,RELIANCE.NS,1453.943839140462,1457.3395627288749,1443.1371406451965,1449.928466796875,9010298
2024-09-10,RELIANCE.NS,1447.995226435091,1459.446383962114,1445.0952218200862,1449.011474609375,10768260
2024-09-11,RELIANCE.NS,1450.5234230036904,1456.1745712275017,1435.1561339115874,1439.072265625,9760202
2024-09-12,RELIANCE.NS,1444.5250498204912,1473.2767495080643,1433.4953029575859,1467.1298828125,22349376
2024-09-13,RELIANCE.NS,1463.7590600068495,1470.451266381587,1456.918113729867,1460.016357421875,8711328
2024-09-16,RELIANCE.NS,1464.8993077290233,1468.2206009201684,1452.2088525514882,1458.7523193359375,5481774
2024-09-17,RELIANCE.NS,1461.3796100548857,1464.8248328952707,1454.0677548146177,1459.6942138671875,5935328
2024-09-18,RELIANCE.NS,1457.413766699014,1469.3110219373734,1448.0447266088618,1450.9197998046875,8574714
2024-09-19,RELIANCE.NS,1453.6959512825117,1463.8581906691413,1443.0876132109174,1457.0916748046875,16955902
2024-09-20,RELIANCE.NS,1461.3795684407844,1482.1997658201985,1458.7770437683578,1473.2025146484375,30897320
2024-09-23,RELIANCE.NS,1478.2340798324108,1488.6441789861601,1476.2015834923338,1480.5887451171875,8832314
2024-09-24,RELIANCE.NS,1475.7554165819738,1487.6526722077606,1475.1357678514642,1476.6229248046875,17137444
2024-09-25,RELIANCE.NS,1471.1948125268714,1483.6869066134093,1467.5264194610884,1481.15869140625,7069002
2024-09-26,RELIANCE.NS,1477.8870868947113,1491.122760061236,1475.309372285805,1485.12451171875,18818998
2024-09-27,RELIANCE.NS,1486.1655345930462,1520.345334807694,1479.2254687210307,1513.10791015625,20597478
2024-09-30,RELIANCE.NS,1506.3908994638518,1511.9181178232873,1461.7761901136828,1463.9324951171875,27008814
2024-10-01,RELIANCE.NS,1467.9726595996829,1475.2100841908111,1450.3002051077794,1452.2830810546875,16431642
2024-10-03,RELIANCE.NS,1424.2750076222521,1436.9902726871705,1390.070396353704,1394.928466796875,37757294
2024-10-04,RELIANCE.NS,1391.9046094477658,1405.2145916660443,1369.9442340651563,1374.653564453125,37072876
2024-10-07,RELIANCE.NS,1381.568793209071,1384.5431070803497,1349.7188488374588,1358.98876953125,22181340
2024-10-08,RELIANCE.NS,1361.2194430814652,1389.004514771482,1353.4118695241307,1385.3857421875,17020808
2024-10-09,RELIANCE.NS,1385.5594536683957,1388.979866453412,1360.7486928237201,1362.8306884765625,14310610
2024-10-10,RELIANCE.NS,1368.209166456891,1374.132983939481,1357.699948504806,1359.31103515625,22358646
2024-10-11,RELIANCE.NS,1358.2700551936466,1371.4314188021033,1357.1050671377104,1360.35205078125,7980122
2024-10-14,RELIANCE.NS,1367.6390728953818,1368.2587216327886,1356.5350159311083,1360.7734375,12221432
2024-10-15,RELIANCE.NS,1346.8933067731043,1359.9554295521655,1329.2208521541709,1332.5174560546875,33762794
2024-10-16,RELIANCE.NS,1328.5270030007441,1352.3215164873245,1326.1723376036346,1342.4814453125,20034438
2024-10-17,RELIANCE.NS,1354.0067695283685,1356.7332239102464,1340.4737382347967,1344.811279296875,15543660
2024-10-18,RELIANCE.NS,1340.5976258716714,1356.70849216764,1329.840427555484,1347.66162109375,12082452
2024-10-21,RELIANCE.NS,1355.4197431686716,1362.2358797577067,1346.1002013000875,1357.4769287109375,14067408
2024-10-22,RELIANCE.NS,1357.4767913068545,1364.2186177698431,1328.749900940748,1331.84814453125,15831960
2024-10-23,RELIANCE.NS,1326.048205061888,1345.8521531156357,1323.5696102860716,1327.064453125,17214742
2024-10-24,RELIANCE.NS,1323.8424540123256,1332.1952468902052,1311.7964576126847,1328.3287353515625,22155934
2024-10-25,RELIANCE.NS,1331.996862815434,1332.8395608533488,1310.6809472586556,1316.4808349609375,18597496
2024-10-28,RELIANCE.NS,1325.552505604476,1341.4155124030337,1310.7800563182918,1322.9251708984375,10824350
2024-10-29,RELIANCE.NS,1316.728719636798,1331.6994085045892,1308.995576227512,1328.52685546875,12008361
2024-10-30,RELIANCE.NS,1323.569732267355,1338.4413022928309,1314.0023313459362,1332.3935546875,11984423
2024-10-31,RELIANCE.NS,1328.5269031210519,1331.5012170832633,1314.7955112005386,1320.64501953125,9331650
2024-11-01,RELIANCE.NS,1321.6364480777281,1330.4601492824747,1321.5868277686543,1327.1884765625,2127335
2024-11-04,RELIANCE.NS,1326.3952636738204,1328.52687951389,1274.0969107675833,1291.0009765625,19796890
2024-11-05,RELIANCE.NS,1281.9292880644173,1298.337634786513,1275.1379622128013,1294.1240234375,16267479
2024-11-06,RELIANCE.NS,1298.7837703539942,1316.9271340293028,1289.0676296160968,1314.0023193359375,21625209
2024-11-07,RELIANCE.NS,1312.6639327180499,1312.6639327180499,1291.4471349781516,1294.4710693359375,9611974
2024-11-08,RELIANCE.NS,1286.5394340693545,1290.505185727704,1264.0833410989228,1272.7584228515625,19814406
2024-11-11,RELIANCE.NS,1267.9994654475693,1274.9891511168566,1256.151830843746,1261.802978515625,9056552
2024-11-12,RELIANCE.NS,1264.6287615317467,1278.2610337323058,1256.6476373969983,1263.33984375,10671091
2024-11-13,RELIANCE.NS,1259.374078659472,1264.5295076822267,1238.8017408266169,1241.3299560546875,14633633
2024-11-14,RELIANCE.NS,1242.866693712679,1261.7040163358736,1240.38809863068,1256.746826171875,12612633
2024-11-18,RELIANCE.NS,1256.7467703539512,1262.0014401044657,1233.24973843027,1249.9554443359375,13620611
2024-11-19,RELIANCE.NS,1249.9553610165642,1270.5276979121372,1224.5745744010292,1231.0189208984375,14183746
2024-11-21,RELIANCE.NS,1231.0190296194417,1233.299264427905,1206.8279179645579,1212.5286865234375,19433843
2024-11-22,RELIANCE.NS,1218.8737871048172,1257.9859641270039,1211.983221035894,1254.5655517578125,20471957
2024-11-25,RELIANCE.NS,1278.9549045518283,1293.2811339485756,1271.4694999174592,1275.9805908203125,28923341
2024-11-26,RELIANCE.NS,1283.8626226527838,1286.737817131633,1273.2046638791435,1284.606201171875,9247557
2024-11-27,RELIANCE.NS,1282.4250432843673,1292.6864023015983,1274.9892583407009,1282.1275634765625,9572746
2024-11-28,RELIANCE.NS,1278.905374093644,1285.4984608667178,1258.184417128475,1259.91943359375,15027412
2024-11-29,RELIANCE.NS,1269.0406134614407,1288.3736540571424,1264.3312830599236,1281.1361083984375,13202307
2024-12-02,RELIANCE.NS,1276.9722229086012,1300.1222774340952,1266.1160245478172,1297.941162109375,11024152
2024-12-03,RELIANCE.NS,1305.7237413234882,1315.4398813546288,1295.8093621182986,1311.9698486328125,16869482
2024-12-04,RELIANCE.NS,1314.6467414933138,1317.0262168141671,1292.884726573221,1297.74267578125,19608540
2024-12-05,RELIANCE.NS,1303.0964459866593,1318.5628538088617,1294.966703202915,1310.7305908203125,16858723
2024-12-06,RELIANCE.NS,1312.5646685095264,1312.5646685095264,1298.783657405313,1300.3204345703125,9037514
2024-12-09,RELIANCE.NS,1291.8436769577456,1303.7409326166044,1282.0284168341586,1284.0609130859375,14650002
2024-12-10,RELIANCE.NS,1278.2113501165884,1283.812998621138,1269.238788448007,1273.8489990234375,16043729
2024-12-11,RELIANCE.NS,1273.9978081396894,1278.9549980546296,1265.1244866020038,1267.2559814453125,11724373
2024-12-12,RELIANCE.NS,1259.1262215126183,1267.25596445406,1249.8066803924569,1252.0870361328125,20906813
2024-12-13,RELIANCE.NS,1249.2119494931856,1264.2817595214547,1228.986588963027,1261.951904296875,28630222
2024-12-16,RELIANCE.NS,1264.0835044447913,1270.0321327010022,1255.7059013940218,1257.44091796875,9486781
2024-12-17,RELIANCE.NS,1250.2528426173371,1253.078416496042,1232.1591005022085,1234.6376953125,17462791
2024-12-18,RELIANCE.NS,1230.027558928225,1249.162239402372,1230.027558928225,1242.5196533203125,12670179
2024-12-19,RELIANCE.NS,1228.3916379278016,1234.2411461229626,1218.4772582835096,1219.914794921875,14244653
2024-12-20,RELIANCE.NS,1213.5200660980383,1228.8873545167635,1191.2127119418244,1194.980224609375,20312896
2024-12-23,RELIANCE.NS,1204.5971709809228,1216.6926661807136,1202.8125341694108,1211.834716796875,10052824
2024-12-24,RELIANCE.NS,1211.834663048231,1222.9883400626134,1210.5457452942906,1212.28076171875,6734917
2024-12-26,RELIANCE.NS,1213.767935093776,1217.1883476811242,1203.8535553911518,1206.1339111328125,10016178
2024-12-27,RELIANCE.NS,1207.86900439277,1217.3867853075249,1206.5800865394056,1210.595458984375,7000397
2024-12-30,RELIANCE.NS,1205.9852538075309,1212.7269598518426,1197.756269680847,1200.333984375,8818766
2024-12-31,RELIANCE.NS,1197.6570485426987,1208.6619856280877,1195.8229125326573,1205.043212890625,6405475
2025-01-01,RELIANCE.NS,1204.4483521073844,1215.800389087432,1201.2261788160188,1210.7935791015625,5892590
2025-01-02,RELIANCE.NS,1210.7936258321927,1233.7949384205442,1209.554328364606,1231.167724609375,15486276
2025-01-03,RELIANCE.NS,1233.2498182568117,1251.244443122699,1224.921714407087,1240.437744140625,15521102
2025-01-06,RELIANCE.NS,1243.213556672038,1251.1946805005002,1204.5970973122883,1207.5714111328125,14816766
2025-01-07,RELIANCE.NS,1211.5371275851955,1233.8444805890147,1210.7935491517349,1230.2257080078125,10070505
2025-01-08,RELIANCE.NS,1238.3060678446636,1260.167324257905,1234.6872949225542,1254.664794921875,19346579
2025-01-09,RELIANCE.NS,1256.1518282285128,1258.8782824728921,1237.364128300027,1244.0067138671875,12794704
2025-01-10,RELIANCE.NS,1243.114481097643,1245.9896754309787,1225.4173374439545,1231.266845703125,8120332
2025-01-13,RELIANCE.NS,1219.4687349455062,1234.5881643828388,1215.899582365329,1229.234375,13764861
2025-01-14,RELIANCE.NS,1233.4479678208604,1242.6187691440975,1216.742262047884,1228.143798828125,13095266
2025-01-15,RELIANCE.NS,1234.2905907014622,1246.2374660533972,1231.2171573529768,1241.478515625,9578856
2025-01-16,RELIANCE.NS,1248.1212833322295,1264.0834104275011,1240.586378973141,1255.6065673828125,14117603
2025-01-17,RELIANCE.NS,1310.9288585996749,1314.6467509950228,1273.997794139219,1291.19921875,29366277
2025-01-20,RELIANCE.NS,1304.7324245206253,1304.7324245206253,1289.1172758229052,1294.272705078125,14040244
2025-01-21,RELIANCE.NS,1299.2795231523412,1301.7581181984158,1259.324522599558,1262.7945556640625,14562976
2025-01-22,RELIANCE.NS,1267.3552034506358,1271.9157939003728,1257.83730213362,1266.1654052734375,10273590
2025-01-23,RELIANCE.NS,1259.126173066555,1266.4132176584087,1250.7980702365203,1252.83056640625,8720682
2025-01-24,RELIANCE.NS,1255.1605533566642,1262.1006196074513,1232.8531975505623,1235.6292724609375,14235970
2025-01-27,RELIANCE.NS,1228.4907387555406,1229.8291557820492,1209.5542981292017,1218.82421875,9536019
2025-01-28,RELIANCE.NS,1227.400329601704,1234.0925365684338,1208.0672872533735,1223.8311767578125,10568025
2025-01-29,RELIANCE.NS,1225.4173498520336,1232.1095562529247,1217.53546627882,1224.921630859375,5928156
2025-01-30,RELIANCE.NS,1224.971246456504,1246.237542749693,1221.8481926097397,1242.3214111328125,9269259
2025-01-31,RELIANCE.NS,1245.09738698474,1256.1519448799122,1238.306060895825,1254.2681884765625,6584612
2025-02-01,RELIANCE.NS,1254.2681799336815,1259.6715896071485,1230.374548522757,1253.7724609375,7118453
2025-02-03,RELIANCE.NS,1240.2889757645512,1245.2461659154887,1226.9541826685895,1235.232666015625,9252345
2025-02-04,RELIANCE.NS,1237.3642207434832,1277.7653184740125,1235.9265630557768,1274.196044921875,16691069
2025-02-05,RELIANCE.NS,1271.6679530846961,1279.4507170461238,1265.7688244708304,1267.2559814453125,10112028
2025-02-06,RELIANCE.NS,1262.7945076095025,1276.9721191435924,1259.4732145791813,1270.577392578125,9956001
2025-02-07,RELIANCE.NS,1265.2236540965398,1272.7089385364054,1251.1947819010975,1255.8544921875,8764283
2025-02-10,RELIANCE.NS,1253.673337746878,1255.6562137259161,1234.8856362555493,1242.916259765625,6970972
2025-02-11,RELIANCE.NS,1253.7230036544372,1253.7230036544372,1219.567891058193,1224.2772216796875,8859714
2025-02-12,RELIANCE.NS,1209.0089844264594,1216.3952699200001,1183.1324776076385,1206.1339111328125,21131654
2025-02-13,RELIANCE.NS,1206.629682868639,1217.4858807075602,1201.622872489872,1205.687744140625,8511216
2025-02-14,RELIANCE.NS,1208.56289732395,1213.5200872227356,1195.1288642881832,1206.827880859375,10298145
2025-02-17,RELIANCE.NS,1200.7304615718228,1216.9900679473901,1194.1869953911457,1214.412353515625,8166683
2025-02-18,RELIANCE.NS,1214.362863790828,1219.3696743222742,1205.6877809072391,1214.908203125,6673250
2025-02-19,RELIANCE.NS,1209.0586678925579,1222.1952216847485,1207.125412159616,1216.9405517578125,6217338
2025-02-20,RELIANCE.NS,1213.4704313005311,1228.738599945727,1211.5371757067999,1222.4429931640625,7795582
2025-02-21,RELIANCE.NS,1218.1797397323817,1229.3830367840985,1211.6858938870325,1217.634521484375,6904025
2025-02-24,RELIANCE.NS,1206.1338768607443,1212.7764626626977,1200.1356289010387,1204.1510009765625,7172498
2025-02-25,RELIANCE.NS,1200.6313497853835,1210.5457292220917,1191.2126893205104,1193.6912841796875,11552182
2025-02-27,RELIANCE.NS,1202.416039651657,1204.597154814102,1190.370043898487,1196.7647705078125,11509215
2025-02-28,RELIANCE.NS,1191.7084634163882,1206.9270123506615,1183.0830013175257,1189.82470703125,23007298
2025-03-03,RELIANCE.NS,1193.6912720117396,1196.1202465389174,1146.1022512006402,1161.2216796875,17944938
2025-03-04,RELIANCE.NS,1152.2491409974891,1163.948157257321,1149.6219272411693,1151.9517822265625,11377373
2025-03-05,RELIANCE.NS,1151.0595745918054,1172.8712116641736,1147.0938223968292,1165.5345458984375,8664095
2025-03-06,RELIANCE.NS,1186.75131332057,1203.5561393973805,1175.002796955133,1199.243408203125,14468014
2025-03-07,RELIANCE.NS,1205.5885908312287,1244.0564330934674,1201.622838887705,1239.0992431640625,16474965
2025-03-10,RELIANCE.NS,1234.3402190424754,1247.2289120927182,1224.8224391488623,1227.7967529296875,11931051
2025-03-11,RELIANCE.NS,1229.3830600118497,1238.801720552263,1219.2208210077197,1236.62060546875,10089838
2025-03-12,RELIANCE.NS,1247.2289270068015,1252.1861167007874,1233.3487958636417,1246.287109375,11977555
2025-03-13,RELIANCE.NS,1249.2615727756533,1253.326444606414,1233.2002036288977,1237.215576171875,9505270
2025-03-17,RELIANCE.NS,1231.5145912773855,1246.6340190017775,1222.5420300210542,1228.2427978515625,16640917
2025-03-18,RELIANCE.NS,1228.2427978515625,1228.2427978515625,1228.2427978515625,1228.2427978515625,0
2025-03-19,RELIANCE.NS,1230.4241762433128,1242.5196714129374,1228.1934407470596,1236.471923828125,16162399
2025-03-20,RELIANCE.NS,1241.1316434245866,1262.1005814534499,1239.347127629136,1258.2835693359375,15971477
2025-03-21,RELIANCE.NS,1264.0833359554676,1270.0319634187874,1259.2252659887295,1265.4217529296875,21780769
2025-03-24,RELIANCE.NS,1279.9463572168718,1294.8179260458828,1273.254151243817,1290.9512939453125,20299319
2025-03-25,RELIANCE.NS,1296.50346593687,1296.50346593687,1271.6183955406093,1274.4439697265625,13713899
2025-03-26,RELIANCE.NS,1279.9464094999762,1282.7224842048433,1257.8869148358597,1262.150146484375,12074747
2025-03-27,RELIANCE.NS,1267.2064821612498,1273.9978081396894,1260.4151561828103,1267.2559814453125,15028056
2025-03-28,RELIANCE.NS,1269.0405652360093,1284.6557128160619,1258.1347478785124,1264.1824951171875,18147129
2025-04-01,RELIANCE.NS,1253.7723771839194,1266.9585500115554,1238.603449529153,1241.8751220703125,12099648
2025-04-02,RELIANCE.NS,1236.8685913550723,1244.8000957785905,1233.2498182568117,1240.437744140625,10142590
2025-04-03,RELIANCE.NS,1222.4927580494818,1241.08222182284,1222.4927580494818,1238.0086669921875,7434366
2025-04-04,RELIANCE.NS,1230.473619610667,1234.7863505024063,1182.9342181609516,1194.38525390625,17908652
2025-04-07,RELIANCE.NS,1122.5059464290011,1161.2216449878495,1105.304523000697,1155.7191162109375,22156106
2025-04-08,RELIANCE.NS,1161.9653833278503,1186.3547349162204,1153.3399207865864,1172.0780029296875,19555040
2025-04-09,RELIANCE.NS,1159.4867811653644,1179.613021672609,1157.9996241138485,1175.2010498046875,10223104
2025-04-11,RELIANCE.NS,1184.917153801556,1212.1816988912137,1184.917153801556,1208.5133056640625,11224242
2025-04-15,RELIANCE.NS,1240.288998738938,1240.288998738938,1226.5079856590305,1229.4822998046875,13378535
2025-04-16,RELIANCE.NS,1223.5336585713449,1230.2754856402491,1218.477348782242,1228.689208984375,8248464
2025-04-17,RELIANCE.NS,1229.5813957339365,1269.238916912585,1217.0893007676923,1263.5877685546875,15398401
2025-04-21,RELIANCE.NS,1259.126169726638,1289.7616259352505,1256.1518559398821,1284.4078369140625,10429964
2025-04-22,RELIANCE.NS,1288.8694787336528,1292.7361113748846,1275.2868257139828,1280.144775390625,13051707
2025-04-23,RELIANCE.NS,1285.8950708007812,1294.8180126953125,1274.3944143417477,1288.869384765625,10480888
2025-04-24,RELIANCE.NS,1281.3345072026398,1293.3308829080645,1279.2525115884996,1290.4556884765625,10468940
2025-04-25,RELIANCE.NS,1292.3394247863746,1313.85358083958,1277.071255478384,1289.2659912109375,14431012
2025-04-28,RELIANCE.NS,1328.5269802313521,1362.8307123815491,1308.8964585313056,1357.0804443359375,31104496
2025-04-29,RELIANCE.NS,1359.2614765022709,1398.8198762816546,1358.2700385179512,1387.7156982421875,32538970
2025-04-30,RELIANCE.NS,1389.9960230274132,1400.3070020394923,1357.2785702742715,1392.9703369140625,25480745
2025-05-02,RELIANCE.NS,1401.8932881277126,1414.4845019236116,1397.0352178747166,1407.6436767578125,13007841
2025-05-05,RELIANCE.NS,1418.747808269532,1427.1750314493302,1414.6829365878357,1419.0452880859375,12685649
2025-05-06,RELIANCE.NS,1418.7477523435755,1419.7391903256466,1398.5223933042987,1408.7342529296875,14084117
2025-05-07,RELIANCE.NS,1408.7342420156256,1412.2042749259901,1390.6899982666434,1393.9617919921875,13440169
2025-05-08,RELIANCE.NS,1392.0780527042998,1408.6351396947061,1386.030305191398,1394.9532470703125,16106175
2025-05-09,RELIANCE.NS,1373.637308764333,1382.8577303043132,1362.731491083779,1365.4083251953125,13668904
2025-05-12,RELIANCE.NS,1388.013077711669,1426.6791563050656,1388.013077711669,1424.2005615234375,10674081
2025-05-13,RELIANCE.NS,1421.226256646525,1435.304626683893,1400.3069407641844,1403.57861328125,11407896
2025-05-14,RELIANCE.NS,1407.8419941921477,1417.6572548355593,1403.3805230837922,1412.204345703125,5570160
2025-05-15,RELIANCE.NS,1412.7992032271827,1448.8875719918406,1400.6044669576877,1441.7491455078125,20177211
2025-05-16,RELIANCE.NS,1440.757623701411,1448.4908883531898,1434.9082364412498,1443.9302978515625,9036695
2025-05-19,RELIANCE.NS,1439.667043567546,1442.1456384779733,1425.886031660542,1428.4638671875,6195791
2025-05-20,RELIANCE.NS,1425.88599760598,1432.6278240113834,1409.6265122020175,1412.4024658203125,11270560
2025-05-21,RELIANCE.NS,1411.708464386899,1423.9030780659657,1405.9580760983038,1416.9630126953125,6136364
2025-05-22,RELIANCE.NS,1409.031659643212,1411.6094953044076,1384.9397884743898,1397.332763671875,12134466
2025-05-23,RELIANCE.NS,1394.5567410207764,1421.5239286750705,1394.5567410207764,1414.5838623046875,6474883
2025-05-26,RELIANCE.NS,1419.7391840414937,1428.6621258406371,1412.898237790455,1422.5152587890625,4842944
2025-05-27,RELIANCE.NS,1413.8897021801247,1424.696400543767,1401.794207036506,1409.9239501953125,12640414
2025-05-28,RELIANCE.NS,1407.9411620533203,1410.4197571984832,1398.621620102477,1400.8028564453125,5944611
2025-05-29,RELIANCE.NS,1400.0096192804465,1407.842003929875,1396.5395861721686,1405.660888671875,13771917
2025-05-30,RELIANCE.NS,1405.8590585766528,1418.3511529457182,1397.6300749154059,1408.7342529296875,13788484
2025-06-02,RELIANCE.NS,1400.0095486308933,1405.3633379328091,1383.650821945961,1401.5958251953125,8098668
2025-06-03,RELIANCE.NS,1410.1222707307113,1414.2862617875367,1391.3840689247124,1393.466064453125,11252626
2025-06-04,RELIANCE.NS,1402.5871874772963,1413.493004678654,1394.0608455067168,1411.3118896484375,8126827
2025-06-05,RELIANCE.NS,1415.7734397380668,1442.244785474372,1411.4110884077945,1430.0501708984375,13716817
2025-06-06,RELIANCE.NS,1428.6620302216834,1439.0721282906131,1424.6962785763767,1431.140625,8182161
2025-06-09,RELIANCE.NS,1444.5251287223314,1445.0208477095387,1432.9253528317358,1436.3953857421875,7885125
2025-06-10,RELIANCE.NS,1437.5850079496329,1441.4516401070769,1423.704876838395,1426.1834716796875,7913181
2025-06-11,RELIANCE.NS,1433.4210733170682,1456.0257865422643,1430.7441181682645,1436.4945068359375,8195700
2025-06-12,RELIANCE.NS,1441.055094094315,1444.5251270006308,1422.1186530105915,1429.2569580078125,8828114
2025-06-13,RELIANCE.NS,1411.8076840776937,1423.2092208521976,1402.1907840779525,1415.67431640625,9757276
2025-06-16,RELIANCE.NS,1414.6828043278585,1430.050092219024,1412.204209506703,1425.489501953125,8458093
2025-06-17,RELIANCE.NS,1435.602128554236,1435.602128554236,1413.5922548276174,1418.9459228515625,10366599
2025-06-18,RELIANCE.NS,1417.7563491543892,1430.4468040463896,1413.4931173168031,1417.85546875,6681735
2025-06-19,RELIANCE.NS,1417.8554020854735,1427.5715425014369,1413.4930508573852,1421.028076171875,10007230
2025-06-20,RELIANCE.NS,1418.7477927518771,1458.4053131642288,1415.8725983169522,1453.6463623046875,29010635
2025-06-23,RELIANCE.NS,1440.5593915455418,1451.266970188698,1429.6535737155343,1444.326904296875,5989078
2025-06-24,RELIANCE.NS,1452.4565437947847,1462.3709229333156,1430.7440292763747,1438.378173828125,16402744
2025-06-25,RELIANCE.NS,1451.4652666586912,1459.7933702625824,1447.9952335758323,1454.737060546875,7525851
2025-06-26,RELIANCE.NS,1456.5214458748073,1485.9672251547677,1452.55569413543,1482.4971923828125,14657893
2025-06-27,RELIANCE.NS,1486.5620421012081,1508.9685148979506,1484.0834473001275,1502.425048828125,11117052
2025-06-30,RELIANCE.NS,1500.838885203447,1511.7447031481738,1483.191240482831,1487.7518310546875,8409527
2025-07-01,RELIANCE.NS,1487.7518183386467,1518.2881567329412,1487.256099345396,1515.3138427734375,10368523
2025-07-02,RELIANCE.NS,1515.3139235508756,1516.9002002088087,1495.7825215605471,1505.796142578125,6361002
2025-07-03,RELIANCE.NS,1507.7788792727886,1518.783816287235,1500.0456148706696,1504.8045654296875,11283291
2025-07-04,RELIANCE.NS,1510.9515946827762,1516.900223008299,1504.2097675037892,1514.223388671875,6603501
2025-07-07,RELIANCE.NS,1513.5291857359532,1531.5734294639212,1511.9429091838053,1528.3016357421875,7251074
2025-07-08,RELIANCE.NS,1522.8487819842126,1531.6726044702705,1517.0983931213486,1524.43505859375,7171261
2025-07-09,RELIANCE.NS,1523.5426661942138,1537.7202774459709,1497.1704406377573,1505.9942626953125,8870660
2025-07-10,RELIANCE.NS,1506.688311848956,1511.6455019531181,1494.5928164048603,1504.209716796875,10047129
2025-07-11,RELIANCE.NS,1499.0542783474266,1502.0285923917668,1477.540121836759,1482.3980712890625,7234991
2025-07-14,RELIANCE.NS,1479.4236826617216,1487.1569471972039,1466.4358695278945,1470.9964599609375,10311846
2025-07-15,RELIANCE.NS,1473.4750846086956,1483.6869442622558,1469.7076928815193,1472.6820068359375,8132454
2025-07-16,RELIANCE.NS,1460.388154594461,1478.234038357326,1458.9009976142222,1472.8802490234375,10409983
2025-07-17,RELIANCE.NS,1474.6648507992907,1476.845965908467,1461.2804382949055,1463.759033203125,11854613
2025-07-18,RELIANCE.NS,1472.0871292027396,1472.0871292027396,1456.521480639079,1463.3624267578125,10296318
2025-07-21,RELIANCE.NS,1452.4566531183941,1463.362470991638,1410.9153771961905,1416.3682861328125,22442744
2025-07-22,RELIANCE.NS,1415.178583447059,1419.640054314783,1398.6214967228645,1400.70361328125,20396320
2025-07-23,RELIANCE.NS,1413.7905031420296,1413.7905031420296,1402.2898472373465,1412.4024658203125,8354596
2025-07-24,RELIANCE.NS,1407.0486714179167,1410.8161839876018,1384.0473596954969,1390.8883056640625,14740507
2025-07-25,RELIANCE.NS,1386.9226057137396,1389.0046012536307,1372.2492752918665,1379.7841796875,11854722
2025-07-28,RELIANCE.NS,1380.379191620021,1395.746480796028,1373.1416457270684,1375.7193603515625,7748361
2025-07-29,RELIANCE.NS,1371.1587845273314,1408.0402305383973,1371.1587845273314,1404.966796875,10750072
2025-07-30,RELIANCE.NS,1405.9582375902166,1411.1137879299629,1389.3021514025702,1398.0267333984375,7209849
2025-07-31,RELIANCE.NS,1376.215001569177,1390.5908519212596,1370.365493427784,1378.2969970703125,17065827
2025-08-01,RELIANCE.NS,1375.025384070285,1393.8627060383,1372.4476694796913,1381.76708984375,10321171
2025-08-04,RELIANCE.NS,1383.155066191865,1403.975263237478,1379.7841529413568,1399.4146728515625,6312820
2025-08-05,RELIANCE.NS,1398.918980991344,1398.918980991344,1376.2150271869518,1379.7841796875,9315972
2025-08-06,RELIANCE.NS,1379.9825595355662,1383.9483114870873,1371.456217044825,1380.8748779296875,5834312
2025-08-07,RELIANCE.NS,1375.818389126872,1381.7670168023217,1354.3042341107182,1377.50390625,9976705
2025-08-08,RELIANCE.NS,1373.1415514013454,1385.2370458989403,1353.312792536344,1356.0888671875,8793606
2025-08-11,RELIANCE.NS,1358.2700517359046,1376.1159356273254,1349.5453489789295,1374.331298828125,9997486
2025-08-12,RELIANCE.NS,1370.0682117041065,1389.8969719255274,1363.4255044148417,1368.5810546875,12244664
2025-08-13,RELIANCE.NS,1376.115874093997,1379.8833867126677,1365.7057756228248,1370.7620849609375,7457021
2025-08-14,RELIANCE.NS,1370.961308962897,1374.3455639562076,1363.794372575189,1367.4774169921875,7126128
2025-08-18,RELIANCE.NS,1383.602791829514,1388.4802648218374,1370.6626218339861,1375.3409423828125,11785109
2025-08-19,RELIANCE.NS,1383.6027633741608,1414.460091190419,1382.7068811681168,1413.564208984375,14384719
2025-08-20,RELIANCE.NS,1406.4969482421875,1418.342205158243,1403.510755146132,1406.4969482421875,8725641
2025-08-21,RELIANCE.NS,1418.4417067156319,1425.3099750709036,1413.7633861810953,1418.24267578125,11021323
2025-08-22,RELIANCE.NS,1413.464698965694,1416.84907536351,1401.4204113959267,1402.71435546875,5818868
2025-08-25,RELIANCE.NS,1408.1890657335161,1412.9670232567023,1399.230486508923,1406.0987548828125,5979407
2025-08-26,RELIANCE.NS,1401.519906786198,1403.5107021083375,1375.241384232256,1378.5262451171875,12145259
2025-08-28,RELIANCE.NS,1383.50331940736,1385.7926612650012,1360.2109883890075,1379.521728515625,13161813
2025-08-29,RELIANCE.NS,1374.7437651325777,1397.0406983353935,1343.7869203796088,1350.9537353515625,18758842
2025-09-01,RELIANCE.NS,1349.759256141992,1356.9260708455383,1334.430107544873,1347.6689453125,11232238
2025-09-02,RELIANCE.NS,1348.5648331807902,1378.128095842481,1348.2661652716795,1360.2109375,11517006
2025-09-03,RELIANCE.NS,1363.3961593284287,1370.1649121838109,1354.2385492379765,1366.2828369140625,7847563
2025-09-04,RELIANCE.NS,1365.4865379446771,1367.6763641601647,1350.8541196588233,1353.0440673828125,13223177
2025-09-05,RELIANCE.NS,1356.7271022727273,1374.6442613636364,1353.0441792852228,1368.671875,5777575
2025-09-08,RELIANCE.NS,1373.6488583038629,1379.6212446443146,1366.0838599076599,1372.15576171875,6986720
2025-09-09,RELIANCE.NS,1370.2643943031567,1374.843199236951,1362.4007284883235,1369.8662109375,9754452
2025-09-10,RELIANCE.NS,1377.5308659113482,1382.1096709119122,1367.7759200987732,1370.66259765625,7790815
2025-09-11,RELIANCE.NS,1369.6672638548873,1379.1235422027225,1368.6718661340626,1376.9337158203125,9766072
2025-09-12,RELIANCE.NS,1376.9337291414593,1389.873899637371,1374.146566892781,1388.579833984375,7403368
2025-09-15,RELIANCE.NS,1386.5889315301856,1394.3530818320328,1382.2091575524387,1392.8599853515625,5396697
2025-09-16,RELIANCE.NS,1398.2350616507645,1401.5199225726963,1391.7649767809332,1398.8323974609375,8686961
2025-09-17,RELIANCE.NS,1400.5245819104894,1409.6821922648512,1400.4250664409112,1407.2933349609375,7519417
2025-09-18,RELIANCE.NS,1413.8628424954393,1415.4554544293837,1404.2074124117412,1408.4876708984375,9332642
2025-09-19,RELIANCE.NS,1408.3882121473878,1410.4785229891424,1397.1401696768169,1400.9227294921875,13461373
2025-09-22,RELIANCE.NS,1397.4387885526373,1404.2074196840813,1381.6119415772491,1384.199951171875,7757970
2025-09-23,RELIANCE.NS,1384.5982372618869,1388.5798281670254,1370.4636381520502,1383.40380859375,14014702
2025-09-24,RELIANCE.NS,1378.9244730635044,1389.5751797778832,1374.0470000648747,1376.635009765625,5922759
2025-09-25,RELIANCE.NS,1374.942926360271,1378.128150477363,1362.6994857374575,1366.0838623046875,11411143
2025-09-26,RELIANCE.NS,1365.685684712474,1376.3363918134596,1359.7132983361805,1371.2598876953125,9879109
2025-09-29,RELIANCE.NS,1375.2413599514077,1382.6073268149732,1361.7039763015719,1366.48193359375,14231999
2025-09-30,RELIANCE.NS,1370.7620971908361,1370.7620971908361,1356.5279835173724,1357.722412109375,14604684
2025-10-01,RELIANCE.NS,1360.7086293823172,1372.255218175594,1356.4283707523282,1362.4007568359375,12045916
2025-10-03,RELIANCE.NS,1356.926091696157,1365.287456651113,1350.6551591113212,1357.125244140625,12842347
2025-10-06,RELIANCE.NS,1353.740909090909,1371.0608538471567,1352.7455113636363,1368.671875,12396580
2025-10-07,RELIANCE.NS,1369.667209612737,1389.47564777439,1369.5676941462978,1378.4267578125,11244040
2025-10-08,RELIANCE.NS,1378.426755451918,1382.6073771032557,1358.2201339506064,1361.1068115234375,8525081
2025-10-09,RELIANCE.NS,1367.676424553763,1373.6488106871855,1362.7989515764332,1371.458984375,8826633
2025-10-10,RELIANCE.NS,1371.45898859096,1381.6119964455866,1368.7713419175536,1375.3409423828125,6373084
2025-10-13,RELIANCE.NS,1370.5631549835205,1371.3594002602317,1361.505059967041,1368.671875,7600682
2025-10-14,RELIANCE.NS,1373.6488553790207,1381.612037149334,1363.7943936365562,1369.5677490234375,9768174
2025-10-15,RELIANCE.NS,1376.6350089791804,1377.6304066718624,1366.382364141153,1367.97509765625,10882743
2025-10-16,RELIANCE.NS,1368.7713249510273,1394.0544503152107,1368.671809484766,1391.8646240234375,12315932
2025-10-17,RELIANCE.NS,1394.5522084059296,1416.7496262080865,1392.6609284325848,1410.279541015625,19335561
2025-10-20,RELIANCE.NS,1433.3726108781723,1467.0170999313523,1426.7034952504036,1460.04931640625,24721978
2025-10-21,RELIANCE.NS,1461.2438272093502,1467.2162134241023,1453.2806455896807,1458.4566650390625,2066169
2025-10-23,RELIANCE.NS,1468.2115624957596,1476.0752283864208,1437.9514490416038,1441.7340087890625,18707090
2025-10-24,RELIANCE.NS,1443.3266994671071,1453.0816457634617,1434.3681199531734,1444.9193115234375,9700837
2025-10-27,RELIANCE.NS,1456.266786847925,1478.16553552233,1451.289798512833,1477.2696533203125,14113867
2025-10-28,RELIANCE.NS,1477.26972256393,1485.1333888036675,1470.79963742504,1480.056884765625,17631577
2025-10-29,RELIANCE.NS,1483.1425015536738,1501.3583271895798,1481.2512217130793,1497.277099609375,11884745
2025-10-30,RELIANCE.NS,1493.0964871305005,1496.1821955688695,1477.1701246011085,1481.6494140625,9318663
2025-10-31,RELIANCE.NS,1483.540795005222,1490.6080945575152,1475.4780977270138,1479.5592041015625,8758053
2025-11-03,RELIANCE.NS,1479.1610089962214,1488.1195884585134,1472.4918928888083,1477.866943359375,8452085
2025-11-04,RELIANCE.NS,1477.07065615293,1485.9297198935935,1463.334119430687,1466.3203125,10007806
2025-11-06,RELIANCE.NS,1477.1701896475465,1494.6891648996161,1469.406038969176,1489.2144775390625,16772678
2025-11-07,RELIANCE.NS,1487.7213309001133,1491.5038906434634,1469.1074431042953,1471.19775390625,7821765
2025-11-10,RELIANCE.NS,1471.0982430243503,1494.0919049344996,1468.7092643110286,1482.44580078125,7068438
2025-11-11,RELIANCE.NS,1490.1103850249956,1491.9021495222175,1473.3876547459602,1486.5269775390625,7127506
2025-11-12,RELIANCE.NS,1498.0734942427068,1517.6827797499902,1493.0965058897411,1504.5435791015625,12384459
2025-11-13,RELIANCE.NS,1508.0275174062697,1515.0948167835015,1499.8653048593553,1503.9464111328125,7196443
2025-11-14,RELIANCE.NS,1498.5711928131457,1513.900341239272,1498.5711928131457,1511.9095458984375,7682823
2025-11-17,RELIANCE.NS,1513.900387650411,1516.6874283079178,1504.5436249599409,1511.3123779296875,5871416
2025-11-18,RELIANCE.NS,1514.696568271851,1520.7685911952462,1503.5481631005248,1512.4072265625,11045042
2025-11-19,RELIANCE.NS,1510.4164493928117,1515.2939222795571,1505.0412776708577,1511.9095458984375,5692366
2025-11-20,RELIANCE.NS,1522.9585089376258,1543.7623455509595,1519.6736478639639,1541.9705810546875,18171724
2025-11-21,RELIANCE.NS,1533.9078528560988,1550.6305827884978,1533.0119706260582,1539.4820556640625,9615271
2025-11-24,RELIANCE.NS,1542.8663816107544,1542.8663816107544,1524.7501927010492,1528.831298828125,18433951
2025-11-25,RELIANCE.NS,1528.8313312270848,1552.4222077972818,1518.0809876078647,1532.61376953125,15033482
2025-11-26,RELIANCE.NS,1535.2018536795324,1564.3669320995493,1533.4100892950657,1562.6748046875,14054299
2025-11-27,RELIANCE.NS,1567.7513003642512,1568.2489991897637,1548.8387449947777,1556.2047119140625,9794643
2025-11-28,RELIANCE.NS,1560.7835875199362,1574.0224254817672,1555.806599039324,1560.285888671875,8959508
2025-12-01,RELIANCE.NS,1567.7513979315313,1570.2398922139623,1556.403839701944,1558.892333984375,8920233
2025-12-02,RELIANCE.NS,1553.9152843475838,1560.2858537619331,1534.9032130787248,1539.1834716796875,11389150
2025-12-03,RELIANCE.NS,1538.0884656023031,1545.2554018922647,1525.9446623591427,1531.718017578125,6090883
2025-12-04,RELIANCE.NS,1528.9308982335338,1553.3181423785347,1510.6155558800758,1528.53271484375,11867930
2025-12-05,RELIANCE.NS,1523.356635808528,1538.685784402705,1513.6016899280953,1533.5096435546875,10183266
2025-12-08,RELIANCE.NS,1532.1161217020071,1543.861863398969,1527.9354998822807,1535.898681640625,11301491
2025-12-09,RELIANCE.NS,1533.211064854301,1535.4008911036892,1513.1039592099478,1522.3612060546875,11503971
2025-12-10,RELIANCE.NS,1526.9401045329791,1540.3779737710465,1524.3520947592017,1529.8267822265625,7991629
2025-12-11,RELIANCE.NS,1529.826707449835,1542.8663926602953,1516.9860531705099,1537.889404296875,4706197
2025-12-12,RELIANCE.NS,1543.6628294631555,1552.62140892391,1538.9843872841,1549.3365478515625,5106655
2025-12-15,RELIANCE.NS,1544.060853330096,1551.4268205626304,1539.3825327747268,1549.037841796875,5774543
2025-12-16,RELIANCE.NS,1537.8894294536826,1544.5585453663573,1531.7180123854912,1535.201904296875,11731856
2025-12-17,RELIANCE.NS,1542.8664391614582,1542.8664391614582,1532.2157323461342,1537.292236328125,7116649
2025-12-18,RELIANCE.NS,1528.1345045583196,1544.3595357154854,1528.1345045583196,1537.292236328125,6580829
2025-12-19,RELIANCE.NS,1547.2461442463334,1566.9549449740825,1543.8617679066683,1557.8968505859375,13937275
2025-12-22,RELIANCE.NS,1566.2582562309594,1570.2398469681211,1558.0960438231807,1568.1495361328125,10184852
2025-12-23,RELIANCE.NS,1573.6241984599117,1573.6241984599117,1560.8830596994947,1563.4710693359375,7506564
2025-12-24,RELIANCE.NS,1565.4619535362338,1568.448146711295,1546.4498812900458,1551.0286865234375,8815745
2025-12-26,RELIANCE.NS,1547.5447581940155,1553.8158123179846,1547.1466963201515,1552.0240478515625,2311495
2025-12-29,RELIANCE.NS,1547.7439417510202,1550.9291658570105,1536.495898892566,1538.4866943359375,5972105
2025-12-30,RELIANCE.NS,1539.8801935176687,1546.449793829553,1530.7225835687998,1532.71337890625,8815884
2025-12-31,RELIANCE.NS,1533.9078900841737,1569.7422080874378,1533.9078900841737,1563.172607421875,5771830
2026-01-01,RELIANCE.NS,1566.457230908256,1585.1707553042595,1563.8692213237453,1568.3485107421875,6408128
2026-01-02,RELIANCE.NS,1572.7283614795997,1587.2611435561273,1570.9365970213464,1584.9718017578125,6602230
2026-01-05,RELIANCE.NS,1585.6684856930358,1604.3820104615531,1568.049995566515,1570.8370361328125,8704973
2026-01-06,RELIANCE.NS,1561.77894010158,1561.77894010158,1489.4135782872731,1500.6614990234375,27417125
2026-01-07,RELIANCE.NS,1503.0504545946628,1513.004431115157,1491.1056827700695,1497.277099609375,11199340
2026-01-08,RELIANCE.NS,1493.0965028672745,1496.9785780764303,1462.040144211037,1463.831787109375,16518684
2026-01-09,RELIANCE.NS,1458.2576091430024,1473.0890589574892,1458.2576091430024,1468.51025390625,8335311
2026-01-12,RELIANCE.NS,1468.5102348906719,1478.4642116159973,1444.322022844729,1476.373779296875,8883745
2026-01-13,RELIANCE.NS,1478.165525590484,1478.9618923221497,1438.050951275772,1446.11376953125,13499760
2026-01-14,RELIANCE.NS,1437.3542473990606,1460.2483939989072,1433.5716876182923,1452.086181640625,8321764
2026-01-15,RELIANCE.NS,1452.086181640625,1452.086181640625,1452.086181640625,1452.086181640625,0
2026-01-16,RELIANCE.NS,1452.0861898343726,1473.1885721290346,1448.4031454989463,1451.1903076171875,17167161
2026-01-19,RELIANCE.NS,1443.9238298491432,1443.9238298491432,1396.8415931572963,1407.0941162109375,20392765
2026-01-20,RELIANCE.NS,1404.207443054835,1409.4830993039366,1383.6027599099377,1387.5843505859375,13189498
2026-01-21,RELIANCE.NS,1383.105138772638,1406.3974698374059,1366.681076311502,1398.1356201171875,17352720
2026-01-22,RELIANCE.NS,1403.610286379211,1412.9670491536458,1388.5798052619484,1396.0452880859375,15721693
2026-01-23,RELIANCE.NS,1395.348519642108,1400.5245389866304,1374.6441992470054,1379.720703125,9837802
2026-01-27,RELIANCE.NS,1373.6487855396595,1385.195374217857,1361.7040134914885,1374.146484375,26302396
2026-01-28,RELIANCE.NS,1378.6257466723232,1403.4111724845945,1378.526231208921,1390.2718505859375,11121657
2026-01-29,RELIANCE.NS,1396.4434009824272,1396.4434009824272,1377.6303609139109,1384.59814453125,20846683
2026-01-30,RELIANCE.NS,1376.236766748553,1391.5659148620384,1372.1556606847782,1388.9779052734375,11239835
2026-02-02,RELIANCE.NS,1333.8329085367304,1386.4894707948447,1329.35361891851,1384.0009765625,15711165
2026-02-03,RELIANCE.NS,1467.1166446366906,1482.6448239290096,1423.6176937150067,1430.4859619140625,25456171
2026-02-04,RELIANCE.NS,1437.3543194605445,1457.2622740237098,1433.6713964697635,1450.095458984375,8333387
2026-02-05,RELIANCE.NS,1450.2944646433757,1454.7737543419996,1432.8750047042822,1436.757080078125,11763658
2026-02-06,RELIANCE.NS,1434.865799564727,1446.113842295832,1426.9026178813986,1444.123046875,8277304
2026-02-09,RELIANCE.NS,1451.2898835062008,1459.153549837875,1446.3128948796364,1454.873291015625,5775864
2026-02-10,RELIANCE.NS,1464.2299462371711,1464.2299462371711,1445.5164217743147,1451.7874755859375,10259630
2026-02-11,RELIANCE.NS,1452.882456999606,1463.234617369774,1446.91007080626,1461.9405517578125,7106877
2026-02-12,RELIANCE.NS,1463.2345557130195,1466.2207486838624,1438.8473131178025,1442.231689453125,11135399
2026-02-13,RELIANCE.NS,1438.8473526451965,1444.0233720001163,1409.7817888672503,1413.0665283203125,10755693
2026-02-16,RELIANCE.NS,1413.564201587246,1432.9744560797708,1402.8139796964888,1430.4859619140625,5896514
2026-02-17,RELIANCE.NS,1424.5136248062843,1425.2104761017015,1412.0711535507119,1416.450927734375,10731630
2026-02-18,RELIANCE.NS,1420.4325123887006,1435.4629932986807,1412.6683617554224,1434.666748046875,5521096
2026-02-19,RELIANCE.NS,1436.3588845536149,1436.3588845536149,1393.5567833507007,1403.0130615234375,11884664
2026-02-20,RELIANCE.NS,1403.013091941889,1420.8307355027325,1399.6287153786739,1412.8675537109375,8177670
2026-02-23,RELIANCE.NS,1418.4416634695872,1428.2961245911818,1411.772547760535,1421.4278564453125,7758856
2026-02-24,RELIANCE.NS,1418.7403513100855,1426.7035326906043,1408.4877066792656,1422.2242431640625,12529409
2026-02-25,RELIANCE.NS,1428.395737725409,1433.8704252219175,1387.0867320699354,1392.063720703125,10728792
2026-02-26,RELIANCE.NS,1392.0637118415314,1406.397463315574,1385.4941111892442,1400.3255615234375,16683858
2026-02-27,RELIANCE.NS,1391.5659695052796,1403.9089251530934,1381.711508080472,1387.48486328125,12031440
2026-03-02,RELIANCE.NS,1369.1694587628867,1372.2551671563263,1335.3259388807069,1351.75,23728722
2026-03-04,RELIANCE.NS,1323.8789706886037,1346.5740873609554,1300.9848230751916,1338.8099365234375,32495007
2026-03-05,RELIANCE.NS,1346.8726294272453,1392.5614090361375,1346.8726294272453,1383.005615234375,25957532
2026-03-06,RELIANCE.NS,1390.0728674061675,1417.7449716586152,1383.9014503612218,1398.334716796875,19311971
2026-03-09,RELIANCE.NS,1368.6718029922313,1422.8214608086796,1363.6948146177142,1417.4462890625,24870822
2026-03-10,RELIANCE.NS,1424.015880450879,1424.9117626543534,1394.1539503917586,1402.3162841796875,18071259
2026-03-11,RELIANCE.NS,1418.34212900751,1427.4002232775151,1377.2321576556008,1383.8017578125,21848087
2026-03-12,RELIANCE.NS,1383.6027762448114,1404.4066120742223,1374.7437125844203,1385.7926025390625,20939959
2026-03-13,RELIANCE.NS,1378.8248707870416,1394.3531723993444,1372.0562392077015,1374.3455810546875,17265090
2026-03-16,RELIANCE.NS,1373.6488401657623,1390.8692691567512,1357.224777946389,1388.6793212890625,22837802
2026-03-17,RELIANCE.NS,1392.5613056143347,1399.429573667814,1381.8109624429321,1391.167724609375,19007744
2026-03-18,RELIANCE.NS,1390.7696473738063,1406.3974645008152,1390.7696473738063,1401.6195068359375,9559327
2026-03-19,RELIANCE.NS,1381.6119817895922,1409.1844489610974,1369.7667250791762,1378.4267578125,16498373
2026-03-20,RELIANCE.NS,1391.5659566755692,1423.4186824363833,1389.6746767818195,1407.8905029296875,22994918
2026-03-23,RELIANCE.NS,1393.5567722314413,1409.0849519631759,1384.598192981382,1401.3209228515625,18979554
2026-03-24,RELIANCE.NS,1413.4647025895886,1415.8536813182018,1400.1263494042955,1405.302490234375,18620893
2026-03-25,RELIANCE.NS,1413.464703831985,1423.9163794589117,1401.9181150601291,1406.596435546875,19041331
2026-03-27,RELIANCE.NS,1394.552193095842,1398.235116023098,1338.809921280448,1341.8956298828125,23266517
2026-03-30,RELIANCE.NS,1328.855902170806,1358.7178325566667,1327.960019957529,1337.7149658203125,24393861
2026-04-01,RELIANCE.NS,1377.8294025098971,1378.028554948465,1356.6275051009459,1362.8984375,14404619
2026-04-02,RELIANCE.NS,1350.7546307176451,1351.9490593116357,1321.8880984473344,1344.2845458984375,21280051
2026-04-06,RELIANCE.NS,1352.7454554606609,1352.7454554606609,1284.0630151171836,1298.6953125,29274881
2026-04-07,RELIANCE.NS,1289.040031502862,1302.2788696189978,1285.058440671965,1298.5958251953125,28388922
2026-04-08,RELIANCE.NS,1342.7914745147666,1344.3840865060406,1320.0963587364665,1341.5970458984375,21817543
2026-04-09,RELIANCE.NS,1339.8052690319548,1343.7868597274437,1320.195983460075,1323.87890625,20725390
2026-04-10,RELIANCE.NS,1330.8467605257397,1346.0763943468285,1325.3720730291864,1343.9859619140625,19364461
2026-04-13,RELIANCE.NS,1315.1193869938081,1321.4899565481755,1303.970981405046,1309.0474853515625,28753269
2026-04-15,RELIANCE.NS,1330.8467629297493,1340.8007402141902,1328.059600686701,1337.9140625,15313779
2026-04-16,RELIANCE.NS,1345.7777093601655,1347.5694738488123,1323.8789596516422,1337.1177978515625,30211012
2026-04-17,RELIANCE.NS,1333.832952366644,1362.1022720767137,1333.832952366644,1358.7178955078125,13869105
2026-04-20,RELIANCE.NS,1356.9261198573818,1366.6810660920328,1346.5740808024586,1357.0257568359375,13614733
2026-04-21,RELIANCE.NS,1352.7454957201878,1363.4958396538184,1343.8864317482064,1347.07177734375,27293629
2026-04-22,RELIANCE.NS,1344.085556855853,1359.7132520720183,1342.8910067161314,1355.8311767578125,9525953
2026-04-23,RELIANCE.NS,1339.8052948565,1349.261572940554,1334.529638479888,1337.21728515625,16385079
2026-04-24,RELIANCE.NS,1333.8328899956957,1339.7057606040942,1318.9019248091768,1321.6890869140625,11744802
2026-04-27,RELIANCE.NS,1306.9571155871217,1365.2873936261717,1304.9663202853897,1359.51416015625,24673098
2026-04-28,RELIANCE.NS,1351.7500009887617,1388.7787447541255,1350.75460334444,1382.5078125,41027699
2026-04-29,RELIANCE.NS,1385.5935377241706,1427.2012083655534,1384.896807968084,1418.83984375,30542143
2026-04-30,RELIANCE.NS,1402.5153692729207,1430.386505071105,1386.6885214286783,1424.215087890625,30957881
2026-05-01,RELIANCE.NS,1424.215087890625,1424.215087890625,1424.215087890625,1424.215087890625,0
2026-05-04,RELIANCE.NS,1426.8030702776819,1460.6465916696056,1426.8030702776819,1456.3663330078125,24035700
2026-05-05,RELIANCE.NS,1453.280606341501,1466.6189594959255,1443.3266295857375,1456.864013671875,23543341
2026-05-06,RELIANCE.NS,1456.2668061036345,1466.519450812893,1420.9301884572374,1431.2823486328125,14221786
2026-05-07,RELIANCE.NS,1432.1782190445704,1442.828925531327,1423.717338832762,1429.590087890625,19816903
2026-05-08,RELIANCE.NS,1419.4371163507371,1436.1598462687914,1410.9762359236815,1428.5947265625,8663105
2026-05-11,RELIANCE.NS,1413.4647305422184,1421.427912122738,1375.6396180347506,1381.81103515625,15261787
2026-05-12,RELIANCE.NS,1385.593546668805,1387.0866431630602,1354.0394893602804,1357.722412109375,24357500
2026-05-13,RELIANCE.NS,1355.1343963286624,1366.0837705701026,1346.1758174038478,1352.54638671875,13797989
2026-05-14,RELIANCE.NS,1358.9168476375535,1371.6579863902991,1352.148216400817,1355.5325927734375,17303059
2026-05-15,RELIANCE.NS,1350.5556491178086,1358.5188307246153,1323.082575367519,1330.24951171875,19976192
2026-05-18,RELIANCE.NS,1327.860551095503,1335.8237328112184,1312.6309174607939,1329.7518310546875,13022473
2026-05-19,RELIANCE.NS,1332.5387892026445,1337.8144453658963,1312.3322897558653,1316.6124267578125,21665501
2026-05-20,RELIANCE.NS,1312.6308349443716,1356.6274840630256,1306.558933569541,1353.442138671875,13248515
2026-05-21,RELIANCE.NS,1360.9076465750106,1364.590690861155,1339.0088978228712,1343.388671875,17150630
2026-05-22,RELIANCE.NS,1343.7868238683554,1361.106767233248,1342.8909416840763,1348.26611328125,7105813
2026-05-25,RELIANCE.NS,1360.5095872329855,1364.7897243191815,1350.7546414401118,1360.7086181640625,6750071
2026-05-26,RELIANCE.NS,1353.8404218493883,1362.2017870434288,1346.1759079681497,1350.0579833984375,13769747
2026-05-27,RELIANCE.NS,1346.7730400596713,1354.736221375619,1342.393266034199,1344.2845458984375,13215138
2026-05-28,RELIANCE.NS,1344.2845458984375,1344.2845458984375,1344.2845458984375,1344.2845458984375,0
2026-05-29,RELIANCE.NS,1357.7224546740495,1362.6994431442622,1310.9387630540493,1315.119384765625,42634247
2026-06-01,RELIANCE.NS,1326.3673976551404,1329.353590670499,1312.4318302501333,1313.9249267578125,10700603
2026-06-02,RELIANCE.NS,1301.6815361898255,1321.689127358814,1294.3156903458798,1308.5498046875,23302785
2026-06-03,RELIANCE.NS,1308.9480145168118,1317.906594083847,1295.0124463014238,1307.15625,20012293
2026-06-04,RELIANCE.NS,1295.0124259474096,1305.1654340270677,1287.1487597049047,1297.699951171875,23474327
2026-06-05,RELIANCE.NS,1304.5,1306.0,1288.0,1291.0,17785223
2026-06-08,RELIANCE.NS,1277.0,1282.5999755859375,1259.199951171875,1263.300048828125,16494759
2026-06-09,RELIANCE.NS,1269.0,1274.199951171875,1257.5,1269.199951171875,23620214
2026-06-10,RELIANCE.NS,1275.0,1300.5,1254.4000244140625,1258.800048828125,21012796
2026-06-11,RELIANCE.NS,1258.0,1276.0,1253.199951171875,1263.0,13117486
2026-06-12,RELIANCE.NS,1277.0,1297.0,1262.5,1293.0,11988785
2026-06-15,RELIANCE.NS,1315.300048828125,1325.0,1303.300048828125,1307.0,18633321
2026-06-16,RELIANCE.NS,1313.4000244140625,1333.4000244140625,1306.4000244140625,1328.800048828125,18513223
2026-06-17,RELIANCE.NS,1333.0,1334.0,1317.0,1332.699951171875,10029170
2026-06-18,RELIANCE.NS,1330.0,1333.9000244140625,1322.0,1328.0999755859375,15494549
2026-06-19,RELIANCE.NS,1328.0,1338.199951171875,1305.300048828125,1309.5,24887034
2026-06-22,RELIANCE.NS,1316.699951171875,1344.9000244140625,1314.0999755859375,1326.5,12931213
2026-06-23,RELIANCE.NS,1328.9000244140625,1333.0,1304.0,1309.5,15400184
2026-06-24,RELIANCE.NS,1305.699951171875,1322.0,1297.5,1313.5999755859375,11030917
2026-06-25,RELIANCE.NS,1318.0,1328.0,1314.5999755859375,1318.0999755859375,12694362
2026-06-26,RELIANCE.NS,1318.0999755859375,1318.0999755859375,1318.0999755859375,1318.0999755859375,0
2026-06-29,RELIANCE.NS,1308.0,1313.699951171875,1292.5999755859375,1301.0,13757656
2026-06-30,RELIANCE.NS,1306.9000244140625,1306.9000244140625,1290.0,1293.9000244140625,15695263
2026-07-01,RELIANCE.NS,1298.9000244140625,1312.199951171875,1296.5,1308.0,7001401
2026-07-02,RELIANCE.NS,1310.0,1313.199951171875,1299.0,1303.5,17795024
2026-07-03,RELIANCE.NS,1312.0,1312.0,1302.0,1304.0,7839550
2026-07-06,RELIANCE.NS,1304.0,1325.5999755859375,1299.4000244140625,1321.300048828125,7610709
2026-07-07,RELIANCE.NS,1323.5,1328.0,1304.0999755859375,1308.4000244140625,14335554
2026-07-08,RELIANCE.NS,1297.0,1302.300048828125,1271.5999755859375,1275.9000244140625,19960868
2026-07-09,RELIANCE.NS,1277.0999755859375,1296.5,1274.199951171875,1279.800048828125,14651963
2026-07-10,RELIANCE.NS,1291.9000244140625,1311.0999755859375,1287.800048828125,1307.800048828125,8412537
2026-07-13,RELIANCE.NS,1300.0,1306.4000244140625,1295.0,1296.9000244140625,9488352
2026-07-14,RELIANCE.NS,1290.0,1308.0,1286.9000244140625,1293.0,13511284
2026-07-15,RELIANCE.NS,1294.0999755859375,1310.9000244140625,1294.0999755859375,1295.5,9577965
2026-07-16,RELIANCE.NS,1295.5,1309.4000244140625,1291.800048828125,1296.5999755859375,15631046
2026-07-17,RELIANCE.NS,1300.0,1330.300048828125,1296.0999755859375,1327.199951171875,18302218
2026-07-20,RELIANCE.NS,1317.199951171875,1345.9000244140625,1314.9000244140625,1323.0999755859375,14305844
2026-07-21,RELIANCE.NS,1321.0,1326.9000244140625,1302.699951171875,1303.699951171875,12753410
2026-07-22,RELIANCE.NS,1302.0,1304.5999755859375,1280.699951171875,1288.5999755859375,10840383
2026-07-23,RELIANCE.NS,1283.0,1287.300048828125,1268.0,1272.199951171875,12580741
2026-07-24,RELIANCE.NS,1265.0,1283.4000244140625,1249.800048828125,1278.0,9817000
2026-07-27,RELIANCE.NS,1288.199951171875,1288.699951171875,1278.0,1280.0,7163132
2026-07-28,RELIANCE.NS,1275.0,1279.199951171875,1265.9000244140625,1267.699951171875,9312184
2026-07-29,RELIANCE.NS,1275.0,1282.4000244140625,1268.699951171875,1275.9000244140625,9448307
2026-07-30,RELIANCE.NS,1279.800048828125,1297.0,1275.300048828125,1292.9000244140625,12158451
2026-07-31,RELIANCE.NS,1295.0,1309.699951171875,1293.5999755859375,1307.800048828125,8624996
2026-08-03,RELIANCE.NS,1315.199951171875,1319.0,1306.0,1319.0,7508023
2026-08-04,RELIANCE.NS,1315.0,1315.0,1286.4000244140625,1290.9000244140625,10759546
2026-08-05,RELIANCE.NS,1293.0,1299.0,1270.0999755859375,1280.0,24820782
2026-08-06,RELIANCE.NS,1285.0,1325.199951171875,1281.199951171875,1325.0,20342297
2026-08-07,RELIANCE.NS,1320.0,1337.0,1316.5999755859375,1334.800048828125,9885638
2026-08-10,RELIANCE.NS,1330.0999755859375,1332.9000244140625,1321.300048828125,1327.300048828125,8207102
2026-08-11,RELIANCE.NS,1326.5999755859375,1328.699951171875,1314.0999755859375,1323.9000244140625,9953124
2026-08-12,RELIANCE.NS,1323.9000244140625,1329.0,1309.199951171875,1329.0,7901012
2026-08-13,RELIANCE.NS,1327.800048828125,1327.800048828125,1307.199951171875,1317.0,9397301
2026-08-14,RELIANCE.NS,1317.0,1317.5,1301.5,1310.0,10497358
2026-08-17,RELIANCE.NS,1314.0,1320.800048828125,1298.0999755859375,1316.0,13383867
2026-08-18,RELIANCE.NS,1314.0,1328.5999755859375,1311.199951171875,1322.0,10180567
2026-08-19,RELIANCE.NS,1320.300048828125,1321.5999755859375,1303.5,1311.0,7489365
2026-08-20,RELIANCE.NS,1315.5,1316.5,1307.0,1313.199951171875,5546227
2026-08-21,RELIANCE.NS,1314.0,1316.0,1308.0,1316.0,5434871
2026-08-24,RELIANCE.NS,1316.5999755859375,1320.0,1302.4000244140625,1309.800048828125,7277167
2026-08-25,RELIANCE.NS,1304.300048828125,1317.0999755859375,1300.0,1317.0,7115355
2026-08-26,RELIANCE.NS,1310.0,1315.5999755859375,1298.0,1298.0,5744474
2026-08-27,RELIANCE.NS,1305.0,1308.4000244140625,1282.199951171875,1282.199951171875,11271497
2026-08-28,RELIANCE.NS,1284.9000244140625,1291.800048828125,1280.0,1287.0,6830228
2026-08-31,RELIANCE.NS,1278.699951171875,1297.5999755859375,1271.0,1277.0,34871137
2026-09-01,RELIANCE.NS,1285.0,1311.800048828125,1280.0,1309.0,12617528
2026-09-02,RELIANCE.NS,1298.0,1321.9000244140625,1293.0999755859375,1313.0999755859375,13497841
2026-09-03,RELIANCE.NS,1313.0999755859375,1316.800048828125,1302.5,1302.5,9721454
2026-09-04,RELIANCE.NS,1304.0999755859375,1333.0,1304.0999755859375,1322.0,13031534
2026-09-07,RELIANCE.NS,1323.0999755859375,1324.199951171875,1301.9000244140625,1309.5,10210522
2026-09-08,RELIANCE.NS,1304.0999755859375,1306.800048828125,1288.0,1294.9000244140625,9799528
2026-09-09,RELIANCE.NS,1283.5,1294.699951171875,1277.199951171875,1279.0,12152819
2026-09-10,RELIANCE.NS,1278.5,1285.300048828125,1266.300048828125,1274.0,9296079
2026-09-11,RELIANCE.NS,1267.0,1267.4000244140625,1253.0,1257.5,8777736
2026-09-14,RELIANCE.NS,1257.5,1257.5,1257.5,1257.5,0
2026-09-15,RELIANCE.NS,1252.5,1259.4000244140625,1235.300048828125,1235.300048828125,13754376
2026-09-16,RELIANCE.NS,1243.0,1255.0,1240.0,1240.0,10023997
2026-09-17,RELIANCE.NS,1244.800048828125,1253.4000244140625,1238.5,1243.9000244140625,7752895
2026-09-18,RELIANCE.NS,1245.0,1247.300048828125,1226.4000244140625,1226.4000244140625,15122715
2026-09-21,RELIANCE.NS,1234.0999755859375,1249.0999755859375,1232.5,1247.4000244140625,10007218
2026-09-22,RELIANCE.NS,1247.5999755859375,1251.9000244140625,1237.4000244140625,1240.4000244140625,10684376
2026-09-23,RELIANCE.NS,1242.0,1252.800048828125,1238.9000244140625,1248.0,8352048
2026-09-24,RELIANCE.NS,1236.5999755859375,1241.5999755859375,1219.199951171875,1219.199951171875,13923795
2026-09-25,RELIANCE.NS,1210.5,1227.4000244140625,1210.5,1226.0,13138735
2024-01-01,TCS.NS,3463.5025264784085,3501.884348671573,3447.9670270192705,3482.784912109375,825907
2024-01-02,TCS.NS,3482.7849604684966,3482.7849604684966,3442.7124205931514,3457.288330078125,1344068
2024-01-03,TCS.NS,3442.483985684402,3446.9162616362587,3369.4214885871284,3373.716552734375,1803075
2024-01-04,TCS.NS,3382.8551313574153,3398.6190946223346,3336.477094505551,3350.916015625,3598144
2024-01-05,TCS.NS,3358.409607550091,3424.8924099852666,3358.2726188503784,3415.890869140625,1963127
2024-01-08,TCS.NS,3415.890793989658,3417.5815111616193,3356.0334267910252,3361.42529296875,1067805
2024-01-09,TCS.NS,3390.3481840668396,3429.0956770329003,3365.491432284206,3372.025390625,1370944
2024-01-10,TCS.NS,3372.11752875156,3407.986258562806,3370.289822773917,3393.181884765625,1292227
2024-01-11,TCS.NS,3403.188362082459,3447.9671563203865,3387.6528620407294,3413.743408203125,1777909
2024-01-12,TCS.NS,3516.505979741258,3568.824058571868,3492.3803522837784,3548.30810546875,6813450
2024-01-15,TCS.NS,3618.8577598512566,3623.4270246995534,3550.318787126801,3567.499267578125,2801505
2024-01-16,TCS.NS,3563.1126115927123,3563.1126115927123,3523.405745987789,3528.660400390625,1432672
2024-01-17,TCS.NS,3490.0042844962854,3573.1191625440915,3484.109977812694,3549.953125,3458696
2024-01-18,TCS.NS,3562.1990189583394,3572.068676049219,3529.3003107278364,3566.40283203125,2239110
2024-01-19,TCS.NS,3630.2658185854475,3647.3359347309056,3602.705290319906,3628.471435546875,2941975
2024-01-23,TCS.NS,3588.8559304230384,3620.051280568456,3536.173365803367,3550.436767578125,2618854
2024-01-24,TCS.NS,3570.4516563375996,3573.8103676439687,3501.9874154730123,3535.29931640625,2657709
2024-01-25,TCS.NS,3533.550617096936,3552.9673375818998,3477.2332310375527,3506.312255859375,2205154
2024-01-29,TCS.NS,3497.570151432114,3515.2383200453005,3479.211818227295,3497.754150390625,1646747
2024-01-30,TCS.NS,3503.6897568365657,3540.8207042314343,3484.871312637016,3497.34033203125,1411621
2024-01-31,TCS.NS,3507.140432085803,3528.12148113154,3493.5671947757637,3511.511474609375,2459358
2024-02-01,TCS.NS,3515.238654965433,3593.3652043166217,3501.4814177274175,3546.6640625,2363107
2024-02-02,TCS.NS,3565.896430136547,3666.522292350957,3563.089715877142,3649.866455078125,2826510
2024-02-05,TCS.NS,3665.2337000204675,3701.122254954135,3646.001205318622,3656.3076171875,1691523
2024-02-06,TCS.NS,3678.1173222023467,3818.818793148955,3671.675785736143,3806.02783203125,4474396
2024-02-07,TCS.NS,3821.671387213115,3823.511826118587,3748.927994541734,3757.6240234375,2124267
2024-02-08,TCS.NS,3763.697529491343,3826.272451742055,3760.062707616723,3804.279296875,2345173
2024-02-09,TCS.NS,3806.533398655103,3850.8881536905233,3772.8995591447865,3803.9111328125,2100596
2024-02-12,TCS.NS,3800.5063475256047,3827.7449332471438,3778.006802130109,3791.948486328125,1013716
2024-02-13,TCS.NS,3796.3193423865514,3837.3149373465553,3755.8755196115026,3818.450439453125,1257415
2024-02-14,TCS.NS,3779.341123293365,3786.6107667795436,3726.428507128435,3772.99169921875,1391283
2024-02-15,TCS.NS,3798.6662354102896,3815.506073147937,3757.2563563905555,3775.844970703125,1091582
2024-02-16,TCS.NS,3785.0930143565315,3817.024812052794,3772.99221729805,3798.942138671875,1307556
2024-02-19,TCS.NS,3794.110954472966,3798.942107006786,3731.49019516973,3776.396728515625,772291
2024-02-20,TCS.NS,3756.4277437698097,3771.0591425249713,3690.0798344375635,3709.082275390625,1193648
2024-02-21,TCS.NS,3692.8406262355356,3739.1737650742916,3663.0256061355944,3673.055908203125,1885939
2024-02-22,TCS.NS,3654.1917205441428,3768.2528853223134,3654.1917205441428,3761.029296875,2982052
2024-02-23,TCS.NS,3800.5065425299695,3800.5065425299695,3723.5761023123614,3728.821533203125,2538072
2024-02-26,TCS.NS,3714.0056182761105,3726.8886902919344,3665.0039336444943,3681.843994140625,1379284
2024-02-27,TCS.NS,3679.9574496143205,3794.984876771557,3679.9574496143205,3776.948486328125,2960475
2024-02-28,TCS.NS,3768.850920451233,3823.4197548467,3762.7773821335977,3790.338134765625,1939225
2024-02-29,TCS.NS,3771.979635234801,3807.9603066412583,3740.278119193048,3768.390869140625,3772719
2024-03-01,TCS.NS,3779.5255936695676,3809.708612609149,3760.752981650241,3767.70068359375,2043265
2024-03-04,TCS.NS,3777.50127269378,3789.3720150862623,3750.722793782209,3755.139892578125,1749271
2024-03-05,TCS.NS,3737.931557869195,3739.7719968440197,3662.4735599013775,3692.0126953125,2070859
2024-03-06,TCS.NS,3675.4026769184316,3747.1337408010263,3642.642773405773,3740.048095703125,1744204
2024-03-07,TCS.NS,3740.6918212833148,3794.984765306861,3715.5697869974592,3780.8134765625,2688905
2024-03-11,TCS.NS,3762.77763005425,3821.671679534189,3762.77763005425,3793.467041015625,2304068
2024-03-12,TCS.NS,3793.4667885423355,3892.482492505704,3792.270233646347,3857.7900390625,4039801
2024-03-13,TCS.NS,3869.522767451965,3902.6506674824695,3802.2546361359555,3817.990478515625,2837260
2024-03-14,TCS.NS,3822.0859739649068,3887.9275013882175,3760.0169871413627,3871.915771484375,2919608
2024-03-15,TCS.NS,3858.1127125937037,3900.8108113691155,3843.7571972372716,3882.636474609375,3373143
2024-03-18,TCS.NS,3878.9551986813763,3915.303868475081,3789.3259103717037,3821.21142578125,1526904
2024-03-19,TCS.NS,3728.0391998604628,3734.250681402964,3650.142710085243,3659.989013671875,8931209
2024-03-20,TCS.NS,3667.994768950826,3697.441791681991,3644.2530619412323,3654.099365234375,1817913
2024-03-21,TCS.NS,3671.721682393882,3688.6075746001366,3633.0264093675964,3655.98583984375,3829582
2024-03-22,TCS.NS,3586.095269718309,3623.824267937054,3547.4460520308135,3598.88623046875,5852485
2024-03-26,TCS.NS,3565.850574289269,3631.8302677248153,3562.5837501208753,3568.151123046875,3440925
2024-03-27,TCS.NS,3578.2734848298974,3584.2549115114957,3523.8884231366437,3534.470947265625,1968575
2024-03-28,TCS.NS,3542.937169152786,3602.659324539871,3534.102972131641,3567.046875,4311783
2024-04-01,TCS.NS,3586.73930579266,3619.499208082045,3577.8592779642013,3604.26953125,1569676
2024-04-02,TCS.NS,3579.653557681035,3597.920003104046,3564.0098274803727,3573.9482421875,2142666
2024-04-03,TCS.NS,3543.7649069859053,3663.3934289044114,3543.7649069859053,3632.382080078125,3973090
2024-04-04,TCS.NS,3658.7006456486115,3707.2422246114506,3621.293812578453,3683.914794921875,3394637
2024-04-05,TCS.NS,3660.632928826098,3682.7181953650183,3644.529088641468,3661.783203125,1636819
2024-04-08,TCS.NS,3665.2344132847697,3710.923223399392,3644.069363948704,3655.6181640625,2302538
2024-04-09,TCS.NS,3666.1540659059356,3695.4631434716894,3611.907177559117,3631.69189453125,1876992
2024-04-10,TCS.NS,3640.756483645732,3671.8599489060657,3605.4201433160924,3666.752685546875,2101965
2024-04-12,TCS.NS,3654.1914342233986,3693.162817777665,3630.725838259486,3682.166015625,4354821
2024-04-15,TCS.NS,3682.166211852168,3739.9560412971437,3606.3862709398386,3626.76904296875,4200329
2024-04-16,TCS.NS,3590.6965366993572,3615.2663527431537,3554.670032660961,3563.826171875,3051420
2024-04-18,TCS.NS,3567.5072338688656,3621.9841868688504,3542.8453047370613,3553.887939453125,3476284
2024-04-19,TCS.NS,3531.802482817412,3545.1917216335364,3497.6622490979976,3520.94384765625,2957749
2024-04-22,TCS.NS,3530.8821260588365,3568.6111245390066,3507.876639180684,3556.2802734375,1728883
2024-04-23,TCS.NS,3567.7368242988855,3584.254718312047,3552.599259445536,3565.57421875,1807586
2024-04-24,TCS.NS,3579.6536294557072,3587.015384991863,3519.3332000987416,3525.40673828125,1317312
2024-04-25,TCS.NS,3507.1401450879403,3564.6078018941175,3506.95614613986,3544.869140625,2856271
2024-04-26,TCS.NS,3547.5841971159175,3567.507084546707,3499.1807851009403,3516.48095703125,2039178
2024-04-29,TCS.NS,3531.8028118121874,3568.4275966901014,3514.502638463209,3561.433837890625,1110693
2024-04-30,TCS.NS,3563.089785398555,3572.0619252249066,3506.036178297648,3515.83642578125,2203078
2024-05-02,TCS.NS,3476.635273211625,3562.261741296734,3476.635273211625,3555.083984375,2491044
2024-05-03,TCS.NS,3579.7919924770404,3582.9669296548414,3494.625852857069,3536.771728515625,2962234
2024-05-06,TCS.NS,3545.605583246127,3625.6186204477826,3545.605583246127,3608.2265625,2053831
2024-05-07,TCS.NS,3617.198604098228,3669.8351109068294,3601.278762922236,3661.507080078125,2062112
2024-05-08,TCS.NS,3644.9892925462136,3666.4304509643703,3624.3764664424393,3659.666748046875,1247685
2024-05-09,TCS.NS,3645.909369588605,3654.1913444311836,3598.104015290975,3644.2529296875,1726486
2024-05-10,TCS.NS,3646.461687676862,3656.584101641413,3575.0986242941894,3583.242431640625,1672489
2024-05-13,TCS.NS,3574.592350714021,3639.467820073099,3561.249169072792,3632.84228515625,931326
2024-05-14,TCS.NS,3621.9836417268198,3631.001836986879,3582.322094809196,3589.9599609375,1058317
2024-05-15,TCS.NS,3592.996713752849,3613.655594732349,3566.3103506592815,3570.8193359375,1115021
2024-05-16,TCS.NS,3606.6908950730917,3623.745907431527,3562.569994938758,3615.82080078125,2599399
2024-05-17,TCS.NS,3632.551806574356,3633.4787144096645,3550.0570092318917,3553.857421875,2765804
2024-05-21,TCS.NS,3550.6128766567804,3563.7285306494523,3531.564877355128,3540.972900390625,1908117
2024-05-22,TCS.NS,3554.6913678959663,3560.484541572459,3538.5168722503677,3551.91064453125,1311168
2024-05-23,TCS.NS,3560.2067218121256,3619.575215874568,3545.886040544983,3608.869384765625,2095742
2024-05-24,TCS.NS,3594.7794532721377,3599.9238357879635,3563.3109850423307,3568.130859375,1309452
2024-05-27,TCS.NS,3573.2294672441094,3622.6800874842297,3560.5772666527496,3565.860595703125,1841538
2024-05-28,TCS.NS,3576.0102759178876,3587.1331694666214,3550.056857637509,3559.233154296875,1801993
2024-05-29,TCS.NS,3567.5756380844864,3567.5756380844864,3522.2499334071467,3525.633056640625,1568095
2024-05-30,TCS.NS,3500.931195160499,3517.059302364095,3443.8799677297247,3463.020751953125,2919230
2024-05-31,TCS.NS,3466.6351077409063,3475.718849271696,3386.6893114728173,3402.632080078125,10956800
2024-06-03,TCS.NS,3459.961281200074,3477.340801445973,3425.8510308716222,3432.200439453125,2156773
2024-06-04,TCS.NS,3429.5587856451884,3471.269635740873,3328.989291525593,3443.46240234375,3395997
2024-06-05,TCS.NS,3444.388987256751,3507.2333741025705,3429.558464168455,3472.61328125,2799670
2024-06-06,TCS.NS,3504.6383361596722,3559.233114194575,3468.0254786409455,3550.427490234375,4328036
2024-06-07,TCS.NS,3556.8232840964106,3628.8439736397468,3556.8232840964106,3609.33251953125,4552445
2024-06-10,TCS.NS,3610.3057325626605,3620.4089366489284,3561.08683988795,3576.658935546875,1734661
2024-06-11,TCS.NS,3563.960611925237,3596.3559953752433,3560.2529805994373,3570.541748046875,1419898
2024-06-12,TCS.NS,3591.211490093849,3608.9155195936296,3547.693214139478,3551.586181640625,2177001
2024-06-13,TCS.NS,3574.8983964608374,3605.6716931586984,3570.4491933283566,3594.687744140625,1932323
2024-06-14,TCS.NS,3604.7441367037127,3604.7441367037127,3548.2027655700213,3551.956787109375,1860730
2024-06-18,TCS.NS,3546.395689059985,3561.179823442644,3517.661546809407,3536.24609375,1774045
2024-06-19,TCS.NS,3547.8786522964565,3553.625661858595,3515.714995969622,3523.825439453125,1509050
2024-06-20,TCS.NS,3518.5418393437685,3531.4721572718627,3503.757705904956,3510.431396484375,2846526
2024-06-21,TCS.NS,3547.275873620781,3594.3628314432963,3520.4419401652044,3532.213623046875,4642195
2024-06-24,TCS.NS,3530.3601242080126,3575.083426076877,3514.185628169532,3537.82177734375,1702154
2024-06-25,TCS.NS,3538.0067905497995,3566.4164218366413,3515.668223832292,3557.888916015625,1338808
2024-06-26,TCS.NS,3563.4970839383795,3584.3061190627222,3560.2529065957383,3574.017578125,1639845
2024-06-27,TCS.NS,3550.9833135558415,3653.870065788861,3539.0262950308725,3646.59375,4526556
2024-06-28,TCS.NS,3631.439292021709,3670.554754499888,3612.947527343435,3618.786865234375,2731571
2024-07-01,TCS.NS,3600.1098911444064,3709.206893822337,3600.1098911444064,3687.424560546875,2658723
2024-07-02,TCS.NS,3701.699052905465,3729.320724102144,3691.4566765329196,3723.75927734375,2307449
2024-07-03,TCS.NS,3726.1690969595234,3731.8233246647856,3665.920094147989,3675.4208984375,1821198
2024-07-04,TCS.NS,3707.492429103772,3751.52055167907,3691.0398148782656,3727.050048828125,2518001
2024-07-05,TCS.NS,3716.8998802543742,3732.425584242968,3696.5079108365194,3718.568359375,1668616
2024-07-08,TCS.NS,3728.023114490228,3736.5970115088844,3687.285562563459,3701.328125,1758882
2024-07-09,TCS.NS,3693.727708193667,3714.0732898340816,3684.551411180989,3694.191162109375,1305801
2024-07-10,TCS.NS,3692.5226544204043,3710.6901382951037,3616.794330433944,3623.421630859375,2669716
2024-07-11,TCS.NS,3643.674675535382,3689.0931591530957,3610.8622289094983,3636.908203125,4872189
2024-07-12,TCS.NS,3689.092963601374,3892.9665108049144,3681.0289111762886,3878.135986328125,13509164
2024-07-15,TCS.NS,3926.1029828505975,3930.088504778696,3853.201332828978,3864.463623046875,4848030
2024-07-16,TCS.NS,3867.0595933422346,3887.961184556231,3841.9402998086507,3873.038330078125,2029521
2024-07-18,TCS.NS,3855.9370807284613,4008.8768928246623,3855.9370807284613,4000.117431640625,5613364
2024-07-19,TCS.NS,4011.12633936727,4049.543087779747,3981.2571303488753,3997.1904296875,3903354
2024-07-22,TCS.NS,3994.913772248666,4013.494981754784,3962.442927179601,3983.20751953125,1896386
2024-07-23,TCS.NS,3979.1668723137213,4052.2841289170647,3963.651377579033,3997.144287109375,2365208
2024-07-24,TCS.NS,3983.3474471890877,4031.287066378296,3965.3237617134737,4000.767333984375,1809793
2024-07-25,TCS.NS,3990.315577668631,4034.910489828839,3970.991297189703,4015.86474609375,2810342
2024-07-26,TCS.NS,4041.4138211460827,4108.724446589915,4029.3823042903405,4076.578857421875,3552210
2024-07-29,TCS.NS,4101.8026818187545,4116.66765190009,4060.924014095079,4070.3076171875,1746803
2024-07-30,TCS.NS,4079.598360858332,4086.008788693186,4020.3240184773604,4055.675048828125,1797906
2024-07-31,TCS.NS,4041.4139618583135,4100.87384543508,4036.7686584538783,4074.25634765625,2330091
2024-08-01,TCS.NS,4087.3087768878186,4105.796990579302,4055.395457172885,4085.172119140625,2202244
2024-08-02,TCS.NS,4055.349340765276,4086.0083392177967,3967.088587644382,3979.212646484375,2811282
2024-08-05,TCS.NS,3938.2880347144414,3938.2880347144414,3818.903743027533,3860.293212890625,2787771
2024-08-06,TCS.NS,3875.0653422807904,3956.172148090316,3865.6350146384816,3875.297607421875,2203067
2024-08-07,TCS.NS,3928.0680935195514,3943.8158516524645,3883.7517228332504,3902.47265625,1237666
2024-08-08,TCS.NS,3884.4022569734157,3931.7843462117903,3864.891984934085,3876.551513671875,2441283
2024-08-09,TCS.NS,3917.8486743229014,3951.898655663078,3907.210748658729,3928.76513671875,1302536
2024-08-12,TCS.NS,3929.9262611677764,3938.2878064043034,3889.372857499192,3898.012939453125,936912
2024-08-13,TCS.NS,3914.1324330562766,3933.642706280625,3886.2606141643496,3899.22119140625,1495593
2024-08-14,TCS.NS,3910.416129361195,4000.721002615426,3891.0451248057766,3990.547607421875,3226545
2024-08-16,TCS.NS,4041.4140425715414,4112.951716428554,4018.2805218840263,4102.7783203125,3457058
2024-08-19,TCS.NS,4107.377235436386,4175.430929735349,4078.901616536801,4171.482421875,2055210
2024-08-20,TCS.NS,4185.417806867609,4241.161440255413,4180.772504085293,4202.41943359375,2212298
2024-08-21,TCS.NS,4197.4965812266555,4236.51713377458,4173.851803046981,4228.6201171875,1896990
2024-08-22,TCS.NS,4236.516374666815,4237.39916370202,4178.171549911448,4182.630859375,1829872
2024-08-23,TCS.NS,4180.772575829952,4186.346939264392,4138.964850071652,4147.2333984375,1809253
2024-08-26,TCS.NS,4170.5527823500615,4229.222864979793,4166.836540173764,4183.048828125,1844164
2024-08-27,TCS.NS,4185.4182168111465,4190.06352004845,4168.509131570201,4178.125,930697
2024-08-28,TCS.NS,4179.611105918801,4238.838715366386,4141.101365063979,4186.39306640625,1848058
2024-08-29,TCS.NS,4143.61019488178,4232.8000107357375,4143.61019488178,4191.7353515625,2133641
2024-08-30,TCS.NS,4180.772468175268,4266.47830377286,4169.437748026632,4230.70947265625,3637222
2024-09-02,TCS.NS,4251.3811612563195,4262.5298880777955,4191.921284875112,4200.3291015625,1216500
2024-09-03,TCS.NS,4200.329626081671,4232.707481664155,4176.963840595747,4192.2470703125,1717263
2024-09-04,TCS.NS,4159.358459046624,4168.695337572208,4121.963766080883,4161.4951171875,1265505
2024-09-05,TCS.NS,4163.120774045665,4179.843865751271,4138.1754048562225,4158.42919921875,1688793
2024-09-06,TCS.NS,4156.570844055927,4198.378570967705,4125.029055295338,4140.5908203125,1649179
2024-09-09,TCS.NS,4138.96443998131,4171.713821913821,4116.202458212613,4133.90087890625,1184938
2024-09-10,TCS.NS,4127.305445435125,4217.88885396822,4125.447324234446,4188.06591796875,1385591
2024-09-11,TCS.NS,4200.700941634944,4226.621639858806,4154.061921274154,4161.58740234375,1325919
2024-09-12,TCS.NS,4190.295602177849,4211.0601974701785,4116.94608580757,4197.21728515625,2742216
2024-09-13,TCS.NS,4208.643999833735,4224.438028089181,4185.417487693372,4201.76904296875,1458786
2024-09-16,TCS.NS,4205.857102070119,4223.555524057743,4175.6163626806965,4193.08251953125,1155120
2024-09-17,TCS.NS,4193.0829242332575,4214.033060161901,4149.184809090063,4186.02197265625,1699364
2024-09-18,TCS.NS,4178.03182491242,4178.03182491242,4014.47088636393,4037.836669921875,2961779
2024-09-19,TCS.NS,4078.62174424568,4108.491401339115,3978.0509481369045,3991.383056640625,2927551
2024-09-20,TCS.NS,4010.6610876463974,4023.4823944313507,3927.6031716231882,3980.93115234375,5447908
2024-09-23,TCS.NS,3994.9609683857766,4003.694048146223,3951.29511594063,3965.695556640625,1702319
2024-09-24,TCS.NS,3950.0404365312907,3986.5990621222545,3939.216971195143,3968.29638671875,3012026
2024-09-25,TCS.NS,3950.691085610406,3985.298594296038,3939.2170960290077,3971.501953125,2713073
2024-09-26,TCS.NS,3957.7986904848576,4010.569158234149,3957.7986904848576,3987.9931640625,3964251
2024-09-27,TCS.NS,4027.4778141813813,4067.4274211040574,3995.0069638417276,4003.043701171875,3012477
2024-09-30,TCS.NS,3982.790182613972,3993.799642522874,3957.8448123502358,3965.695556640625,2503416
2024-10-01,TCS.NS,3953.6633073625258,3991.011721656906,3941.957507745713,3983.718505859375,1823365
2024-10-03,TCS.NS,3960.2137504333123,3975.4502533375357,3911.345072809307,3932.481201171875,3350119
2024-10-04,TCS.NS,3925.280756694985,3993.1021756864016,3924.3979677304274,3950.59765625,2965463
2024-10-07,TCS.NS,3970.7126370149526,3992.406296192221,3929.3694337615807,3969.7373046875,1472619
2024-10-08,TCS.NS,3969.5045134149964,3975.8219442019727,3905.724592296589,3951.527099609375,1541867
2024-10-09,TCS.NS,3957.798720143944,3990.3158457789295,3945.442393859824,3951.2490234375,1082504
2024-10-10,TCS.NS,3951.5270497469596,3989.247001339516,3900.753978007147,3927.5107421875,2378875
2024-10-11,TCS.NS,3849.098041297021,3941.028768538948,3820.7154216048507,3854.8583984375,5759183
2024-10-14,TCS.NS,3846.3104414273184,3869.908487223454,3829.773346107295,3843.197998046875,2137590
2024-10-15,TCS.NS,3837.995460690613,3874.1362795372975,3804.5030088222256,3824.75634765625,2759474
2024-10-16,TCS.NS,3795.2124356440127,3823.0842527968452,3778.67511210238,3804.45654296875,2359151
2024-10-17,TCS.NS,3821.0402585925135,3836.974010815032,3802.5985417542856,3817.510009765625,2522659
2024-10-18,TCS.NS,3809.127538516671,3861.4214601065487,3799.814268251349,3839.90771484375,2361000
2024-10-21,TCS.NS,3848.802801800323,3855.6481475353057,3790.501629279664,3799.67529296875,1595450
2024-10-22,TCS.NS,3786.7761613201965,3808.941792786158,3731.222588221232,3739.744140625,1928049
2024-10-23,TCS.NS,3724.936169449571,3831.0606256089795,3720.791581721823,3787.009033203125,1966476
2024-10-24,TCS.NS,3729.0342588188632,3798.883801628907,3729.0342588188632,3769.91943359375,2676744
2024-10-25,TCS.NS,3778.4413187902564,3810.9911611654225,3755.7634089805097,3778.906982421875,1759676
2024-10-28,TCS.NS,3789.5234771784344,3850.106352412569,3772.8062006829505,3809.919677734375,1532534
2024-10-29,TCS.NS,3814.5762988806255,3821.7008604425628,3781.281354135695,3795.390869140625,1445885
2024-10-30,TCS.NS,3795.158047833668,3824.960515939356,3781.2347527404995,3804.145263671875,1935002
2024-10-31,TCS.NS,3790.501362953683,3798.23142349314,3688.055380171151,3695.925048828125,3740372
2024-11-01,TCS.NS,3715.855640568731,3724.3305810268316,3703.003280699814,3710.593505859375,154895
2024-11-04,TCS.NS,3693.9228999424704,3717.7647384247807,3644.51594943524,3691.92041015625,2269192
2024-11-05,TCS.NS,3670.453574014962,3712.2700726947464,3670.453574014962,3698.626220703125,967590
2024-11-06,TCS.NS,3728.6610570524194,3864.820798500877,3702.25784431487,3855.367919921875,3792017
2024-11-07,TCS.NS,3883.3551713111415,3916.975719116069,3804.518188145807,3865.845947265625,3724349
2024-11-08,TCS.NS,3869.663995504092,3883.401069856363,3834.878838313008,3862.21337890625,1648039
2024-11-11,TCS.NS,3844.704960664376,3943.518408459811,3834.879186284666,3910.363525390625,1406487
2024-11-12,TCS.NS,3926.475609493647,3928.3382639573533,3878.3726489183473,3909.15283203125,1587640
2024-11-13,TCS.NS,3891.1778229560005,3908.5469823117096,3847.358610327207,3865.33349609375,1098813
2024-11-14,TCS.NS,3851.0378338185446,3874.3210129831064,3833.761896778277,3861.189208984375,1825432
2024-11-18,TCS.NS,3923.6812860911455,3923.6812860911455,3716.181551430071,3743.469482421875,3313944
2024-11-19,TCS.NS,3743.8421064286954,3848.3835842405188,3738.4405905885956,3762.142822265625,1776233
2024-11-21,TCS.NS,3767.124986745769,3811.409636894372,3747.660340835974,3793.15576171875,2384347
2024-11-22,TCS.NS,3791.4328432690386,3962.750655117127,3775.6002816538157,3953.111328125,3096553
2024-11-25,TCS.NS,3986.0796179839485,4030.8765382854945,3960.1889089071315,4018.769287109375,4052167
2024-11-26,TCS.NS,4024.3112162534667,4066.7334430694864,4014.020232591793,4053.7880859375,2060669
2024-11-27,TCS.NS,4059.6086406624336,4076.7913536382084,4027.1049595017485,4035.021240234375,1558993
2024-11-28,TCS.NS,4022.4020594566896,4041.913545627335,3942.3079225932315,3953.390625,2558544
2024-11-29,TCS.NS,3930.200759120496,4003.496391196353,3907.522850994133,3977.558837890625,2017425
2024-12-02,TCS.NS,3976.7674579403806,3993.717796218345,3939.560751463305,3982.960693359375,1670944
2024-12-03,TCS.NS,4018.071797558005,4027.9903417849596,3972.529986146478,4007.268310546875,2010905
2024-12-04,TCS.NS,4017.3262864453577,4085.686067146796,3994.5087699045835,4055.37109375,3302642
2024-12-05,TCS.NS,4098.583799897478,4180.727025606259,4060.585839082934,4157.490234375,3746747
2024-12-06,TCS.NS,4147.199308267314,4158.375232745017,4109.713394915021,4140.21435546875,1842087
2024-12-09,TCS.NS,4126.198190317889,4162.47310676674,4112.321053205062,4146.40771484375,2066639
2024-12-10,TCS.NS,4122.193406026578,4185.1975942064855,4109.108442002176,4128.15380859375,2087828
2024-12-11,TCS.NS,4127.502045111503,4143.148158287083,4104.358476029229,4123.404296875,1635256
2024-12-12,TCS.NS,4125.825217645854,4177.00182096417,4122.05352499162,4149.015625,1914642
2024-12-13,TCS.NS,4130.389630221359,4186.222421425734,4092.624040484277,4166.66455078125,1967048
2024-12-16,TCS.NS,4152.788043789598,4167.689279201268,4095.0457565693796,4111.99609375,1646224
2024-12-17,TCS.NS,4107.152673369455,4128.52681305927,4021.470576782156,4031.24951171875,3225027
2024-12-18,TCS.NS,4015.6031250525107,4062.44869495374,3995.0207057764947,4049.2705078125,1575404
2024-12-19,TCS.NS,3987.942872155441,4064.311698759071,3969.3163290813845,3978.536376953125,3015763
2024-12-20,TCS.NS,4031.7151268140337,4081.0754644719555,3867.3358891418975,3883.913330078125,4116989
2024-12-23,TCS.NS,3911.6202111793405,3927.4063874513017,3832.31779942793,3872.7373046875,2195338
2024-12-24,TCS.NS,3872.737129750613,3928.337537104468,3872.737129750613,3892.4814453125,1181886
2024-12-26,TCS.NS,3892.48160931481,3911.527430384508,3858.62777832456,3882.7958984375,1208464
2024-12-27,TCS.NS,3877.1153325479127,3893.8328385455884,3862.4469283952276,3878.83837890625,858100
2024-12-30,TCS.NS,3865.938711530591,3910.9216276232846,3829.6169553875666,3873.202880859375,1527169
2024-12-31,TCS.NS,3851.0376939335874,3855.6479451405453,3755.1576110916253,3813.598388671875,1555429
2025-01-01,TCS.NS,3813.22564967337,3850.1062943866386,3804.890317466962,3830.036376953125,763161
2025-01-02,TCS.NS,3837.0680112666887,3895.7416240603297,3815.6011015015547,3888.989501953125,1720835
2025-01-03,TCS.NS,3892.9011567771527,3892.9011567771527,3811.270194517517,3818.34814453125,1791953
2025-01-06,TCS.NS,3823.5638477814505,3864.6818530145874,3787.148863043133,3813.784912109375,2085593
2025-01-07,TCS.NS,3832.364669490885,3856.020287112112,3736.065309985075,3751.6650390625,2669054
2025-01-08,TCS.NS,3757.8118581960475,3842.655853224678,3741.839688389106,3826.264404296875,2181277
2025-01-09,TCS.NS,3819.3726136468736,3853.5988861539504,3748.8711943929684,3761.49072265625,2392472
2025-01-10,TCS.NS,3911.5733184249953,4001.9120355410014,3883.633509007674,3972.71484375,7894300
2025-01-13,TCS.NS,3953.4839382998034,4026.0810749677194,3937.0924887364367,3996.418212890625,4003771
2025-01-14,TCS.NS,4006.5694375522967,4017.6521397931906,3929.3156678223904,3942.354248046875,3441709
2025-01-15,TCS.NS,3928.3377943076216,3964.1475039910265,3918.512475086078,3957.767822265625,1653474
2025-01-16,TCS.NS,3967.4536113637214,3999.118734083526,3903.9837578032057,3917.441162109375,2637705
2025-01-17,TCS.NS,3945.5156582213353,3946.179768328342,3888.7499900580783,3911.750244140625,1761466
2025-01-20,TCS.NS,3932.142300220547,3932.142300220547,3858.446917151911,3867.64697265625,1287799
2025-01-21,TCS.NS,3884.2452782424407,3899.136119079718,3822.3105229606576,3827.859130859375,1971591
2025-01-22,TCS.NS,3841.2798581228535,3948.598485486215,3835.77871966863,3942.38623046875,2409223
2025-01-23,TCS.NS,3953.198226312215,3975.3449548724125,3926.688470425829,3931.810546875,1822998
2025-01-24,TCS.NS,3892.49689011529,3962.683237549143,3892.49689011529,3938.355224609375,1910099
2025-01-27,TCS.NS,3890.599675788401,3942.148791419916,3832.7908361324735,3855.648681640625,1551782
2025-01-28,TCS.NS,3861.007499214359,3890.5995312485556,3820.6977771085412,3832.079345703125,2468272
2025-01-29,TCS.NS,3845.0737102492853,3896.148597963248,3845.0737102492853,3888.51318359375,1217089
2025-01-30,TCS.NS,3888.6080671418995,3917.0619915773636,3849.3417440444105,3888.750244140625,1531251
2025-01-31,TCS.NS,3898.1874018590165,3915.686749530312,3874.7129156799383,3900.463623046875,1492943
2025-02-01,TCS.NS,3901.032713879516,3922.752448425496,3846.9702619730892,3863.236328125,437172
2025-02-03,TCS.NS,3823.1639848038094,3866.8882740010763,3792.6234860032378,3858.968505859375,1265713
2025-02-04,TCS.NS,3873.242905885086,3906.5815588564824,3856.5026066809596,3895.389404296875,2547132
2025-02-05,TCS.NS,3936.1259160718655,3936.1259160718655,3865.9395744358853,3880.261474609375,1693912
2025-02-06,TCS.NS,3893.824170580454,3926.166886912974,3842.7495210483457,3872.341552734375,2284536
2025-02-07,TCS.NS,3879.218228908592,3879.218228908592,3801.444171507491,3821.7412109375,1548940
2025-02-10,TCS.NS,3831.7949614241543,3843.176530616503,3807.4669498989556,3828.902099609375,1339511
2025-02-11,TCS.NS,3811.3082763326493,3831.795194749814,3751.1757413949294,3759.28515625,1810908
2025-02-12,TCS.NS,3766.445947952812,3814.4855628593755,3737.090798282343,3746.575439453125,1678002
2025-02-13,TCS.NS,3763.5054582381317,3779.10764599597,3701.143945163747,3708.63671875,2277310
2025-02-14,TCS.NS,3722.721744594235,3744.536419785488,3699.010141125482,3732.064208984375,1681975
2025-02-17,TCS.NS,3657.7520405391615,3731.2580130898646,3657.4674549788515,3703.2783203125,1799806
2025-02-18,TCS.NS,3697.4920674632735,3722.152132146799,3665.339229595502,3673.5908203125,2149879
2025-02-19,TCS.NS,3672.6428039185434,3675.251080308744,3573.955063643061,3589.083251953125,4366672
2025-02-20,TCS.NS,3567.647585834546,3592.781883594646,3557.973298668796,3584.625,2888572
2025-02-21,TCS.NS,3581.495307989525,3620.2873962692524,3580.451904877241,3590.885009765625,1833931
2025-02-24,TCS.NS,3550.2433706104594,3569.260122487774,3480.8633130033377,3486.1748046875,2508516
2025-02-25,TCS.NS,3438.1827325843765,3469.4820512534207,3434.6259918265305,3442.498291015625,4101954
2025-02-27,TCS.NS,3425.5677363307773,3450.512388419143,3415.1346312530945,3426.3740234375,3823856
2025-02-28,TCS.NS,3400.1963006835795,3414.470731581497,3278.8403664103434,3303.737548828125,7085018
2025-03-03,TCS.NS,3305.397532195103,3341.6762855972443,3297.0035319217445,3313.03271484375,4990439
2025-03-04,TCS.NS,3294.964557324782,3367.9962990962294,3285.764501101665,3350.02294921875,2797737
2025-03-05,TCS.NS,3339.3997995005207,3414.8026927498004,3339.3997995005207,3364.24951171875,2501894
2025-03-06,TCS.NS,3373.6869322947687,3423.4338299242468,3353.8641244726305,3415.988525390625,2786513
2025-03-07,TCS.NS,3414.470997652364,3438.1826018027277,3390.190222378938,3425.09375,2051315
2025-03-10,TCS.NS,3420.636010676855,3435.4321442725973,3397.9678097594306,3404.654296875,1004626
2025-03-11,TCS.NS,3374.6352261327497,3403.8004968476407,3355.3338893126197,3391.043701171875,1995450
2025-03-12,TCS.NS,3381.2746199098347,3385.305592458114,3307.15224085139,3325.5048828125,3174167
2025-03-13,TCS.NS,3321.8059194545594,3342.672130004524,3304.5439188567675,3330.10498046875,1693004
2025-03-17,TCS.NS,3309.1912796488264,3348.505070694925,3298.141765391246,3317.44287109375,2690906
2025-03-18,TCS.NS,3317.44287109375,3317.44287109375,3317.44287109375,3317.44287109375,0
2025-03-19,TCS.NS,3364.2020435877325,3364.2020435877325,3284.2939459919426,3316.873779296875,3051244
2025-03-20,TCS.NS,3331.0056885181716,3394.505309303915,3331.0056885181716,3379.51953125,2845192
2025-03-21,TCS.NS,3295.9127223046994,3429.883275405574,3286.428081377204,3393.699462890625,4161925
2025-03-24,TCS.NS,3414.4709640539177,3461.6570558488297,3382.7923538442037,3441.928955078125,1834751
2025-03-25,TCS.NS,3457.1514681076355,3518.8016314620927,3450.512219746386,3469.244384765625,3135390
2025-03-26,TCS.NS,3459.7598808023267,3490.8220797184467,3438.988609875757,3448.42578125,1734499
2025-03-27,TCS.NS,3428.555935669893,3474.2243946717267,3424.4300237407233,3463.032470703125,2528474
2025-03-28,TCS.NS,3462.8419239593823,3472.279094066015,3406.7876112028343,3420.30322265625,2051919
2025-04-01,TCS.NS,3388.577422151902,3399.2951120927096,3343.335733852344,3367.80615234375,2618493
2025-04-02,TCS.NS,3361.3567956889556,3380.4210168658315,3348.1257677061367,3361.309326171875,1764313
2025-04-03,TCS.NS,3311.0885422383417,3321.5216485014816,3221.1266197004447,3227.765869140625,4537821
2025-04-04,TCS.NS,3189.305420015634,3224.445829064787,3125.663387385046,3129.3623046875,5317367
2025-04-07,TCS.NS,2940.2386292720134,3121.7745604042666,2898.5536795332505,3105.31884765625,6623955
2025-04-08,TCS.NS,3131.875989149625,3176.4063332063806,3087.535291604866,3123.244873046875,5557558
2025-04-09,TCS.NS,3092.5149647014136,3101.4779049958665,3046.5144514315975,3079.283935546875,2990265
2025-04-11,TCS.NS,3120.020055994998,3128.9355257101774,3040.7758359181594,3064.961669921875,7108961
2025-04-15,TCS.NS,3143.5893021337306,3143.5893021337306,3071.69590901875,3080.801025390625,3512160
2025-04-16,TCS.NS,3080.801013758816,3109.1602290119804,3062.5905495252055,3105.081787109375,2384391
2025-04-17,TCS.NS,3078.240292358944,3133.3461501914685,3052.1575291360596,3128.88818359375,2932346
2025-04-21,TCS.NS,3120.5418377878595,3181.148601343861,3114.851053170071,3150.41845703125,2432946
2025-04-22,TCS.NS,3151.367191167024,3162.084651201983,3125.189487058646,3143.589599609375,2710498
2025-04-23,TCS.NS,3191.5813935372335,3244.6004390709218,3165.308986772881,3237.107666015625,3543923
2025-04-24,TCS.NS,3225.8214222352462,3236.633820616935,3213.1118640484187,3226.295654296875,2252175
2025-04-25,TCS.NS,3243.7474467195657,3298.568721809185,3229.5204842339535,3270.304443359375,2742991
2025-04-28,TCS.NS,3257.9744314894683,3279.5994609272393,3229.5205063236217,3266.036376953125,1593296
2025-04-29,TCS.NS,3276.943382576269,3314.881945616226,3253.6110736832507,3293.54150390625,1578332
2025-04-30,TCS.NS,3293.06738873724,3329.014085869881,3192.53019311335,3275.71044921875,2809332
2025-05-02,TCS.NS,3293.067202073011,3311.562251162995,3243.7470711663877,3254.18017578125,1721761
2025-05-05,TCS.NS,3272.201099131072,3323.892391856476,3268.7865357954893,3276.279541015625,1284443
2025-05-06,TCS.NS,3281.685791015625,3294.01582433447,3259.871116682284,3281.685791015625,1324763
2025-05-07,TCS.NS,3244.3163408615387,3281.211501134211,3244.3163408615387,3267.5537109375,1477128
2025-05-08,TCS.NS,3270.3044338611708,3297.8098945868014,3251.999029204456,3271.157958984375,2543591
2025-05-09,TCS.NS,3223.8293642770673,3268.5968219353003,3222.975839240067,3263.0009765625,2531757
2025-05-12,TCS.NS,3324.3664350329263,3443.3986711517946,3321.710689429311,3433.819091796875,2228678
2025-05-13,TCS.NS,3433.819342081611,3436.2854413701325,3329.5832299005933,3333.851318359375,3062887
2025-05-14,TCS.NS,3339.542044274439,3377.4806076856794,3327.7811822404,3365.814453125,2119499
2025-05-15,TCS.NS,3380.326007773164,3414.4707149223877,3332.9977424314357,3395.406494140625,3548330
2025-05-16,TCS.NS,3408.6849264465072,3408.6849264465072,3363.348529175367,3377.76513671875,1666727
2025-05-19,TCS.NS,3367.0473541083206,3367.0473541083206,3323.1334225866804,3337.455322265625,2537377
2025-05-20,TCS.NS,3349.785509814958,3374.635222590325,3313.93352100354,3318.011962890625,2038374
2025-05-21,TCS.NS,3327.212019490534,3354.7174780325026,3318.0119641520128,3344.0947265625,1440153
2025-05-22,TCS.NS,3314.881923566922,3317.5376692737764,3273.4340900331863,3297.8095703125,2034383
2025-05-23,TCS.NS,3297.8098235860703,3352.820743852965,3286.9974249846496,3333.47216796875,1274331
2025-05-26,TCS.NS,3339.54242872468,3362.3055693919314,3329.2042616284266,3355.00244140625,967470
2025-05-27,TCS.NS,3349.9750123424055,3357.5627247146417,3303.595213090552,3318.39111328125,2467680
2025-05-28,TCS.NS,3338.593667057572,3347.129844047208,3312.985136088664,3317.44287109375,1222933
2025-05-29,TCS.NS,3324.0817449689553,3350.449090563809,3306.819746426248,3317.822021484375,3188072
2025-05-30,TCS.NS,3310.1398835450454,3325.979188538535,3275.141649033021,3284.91064453125,3404365
2025-06-02,TCS.NS,3272.2006328067164,3281.685272322098,3242.41895735185,3272.010986328125,1877585
2025-06-03,TCS.NS,3268.4070961095445,3294.4898573234195,3225.2519821011338,3229.709716796875,2848125
2025-06-04,TCS.NS,3242.9150002967904,3248.465034332547,3224.7340073768614,3235.1640625,2544807
2025-06-05,TCS.NS,3262.0530702216233,3262.0530702216233,3218.7057063727016,3225.786865234375,3584683
2025-06-06,TCS.NS,3225.7868448606714,3244.7331673196672,3213.9212139850256,3238.322021484375,2070390
2025-06-09,TCS.NS,3253.4410779830223,3285.975488762853,3244.7332451805223,3274.39697265625,1718678
2025-06-10,TCS.NS,3291.7168496023487,3335.5426613582063,3275.6409764041855,3313.629638671875,2419874
2025-06-11,TCS.NS,3320.423449229873,3338.604442179547,3300.424450431947,3322.241455078125,2847013
2025-06-12,TCS.NS,3322.241373890929,3324.920724772973,3275.6406661399797,3286.16650390625,4060134
2025-06-13,TCS.NS,3246.933943792306,3301.76403815699,3246.933943792306,3297.1708984375,2178493
2025-06-16,TCS.NS,3291.716884024651,3357.7426005937496,3278.5116939874692,3345.590087890625,1934088
2025-06-17,TCS.NS,3358.6991651797816,3368.268108670322,3337.743272382211,3363.770751953125,2111940
2025-06-18,TCS.NS,3367.4071820205213,3385.4923927635227,3294.683207501011,3302.625244140625,2696327
2025-06-19,TCS.NS,3301.2855030665887,3302.242397415304,3265.8804121641356,3276.40625,2672768
2025-06-20,TCS.NS,3277.3633274014865,3297.7452248908758,3263.871022884297,3287.60205078125,2351248
2025-06-23,TCS.NS,3267.7945867055305,3277.3635313225304,3224.73433592903,3247.317138671875,3123421
2025-06-24,TCS.NS,3286.549310178985,3293.726017546798,3236.2165757260095,3244.25439453125,3403048
2025-06-25,TCS.NS,3260.4262751214173,3301.2856185170967,3253.440899408153,3296.309814453125,1757699
2025-06-26,TCS.NS,3296.3098921986184,3302.625255099875,3268.081507258558,3293.439208984375,2879106
2025-06-27,TCS.NS,3306.0700253129785,3316.978527608251,3283.104560593004,3292.769287109375,1778433
2025-06-30,TCS.NS,3291.6210940950255,3315.5434551196317,3282.1479325760038,3312.7685546875,1468351
2025-07-01,TCS.NS,3306.0700701470973,3334.776901436363,3266.35895353028,3281.860595703125,2375183
2025-07-02,TCS.NS,3336.882278295821,3339.4658465866687,3272.5790179988544,3275.73681640625,3090585
2025-07-03,TCS.NS,3282.147566666478,3287.219153361651,3251.144283681705,3254.206298828125,2531870
2025-07-04,TCS.NS,3261.096050751665,3279.2770439923584,3243.967734776887,3272.387451171875,1109320
2025-07-07,TCS.NS,3270.95207089655,3278.415893704088,3261.478676465787,3264.636474609375,1639174
2025-07-08,TCS.NS,3258.2253086430815,3277.363195918518,3247.125240576613,3259.37353515625,2325242
2025-07-09,TCS.NS,3263.010040732191,3266.837618492581,3221.863579808002,3237.939453125,2034938
2025-07-10,TCS.NS,3234.303008112803,3252.484001353674,3211.33754296644,3236.216796875,3035012
2025-07-11,TCS.NS,3157.655913683438,3191.2430024482833,3120.528595780786,3125.21728515625,7635550
2025-07-14,TCS.NS,3125.217020314649,3130.9583865491522,3062.0619917351123,3083.783447265625,3924009
2025-07-15,TCS.NS,3067.8034091107847,3118.9014760029677,3067.8034091107847,3112.107666015625,2590889
2025-07-16,TCS.NS,3098.377660261314,3115.5641051149655,3092.23284636304,3104.234619140625,2540733
2025-07-17,TCS.NS,3095.593117992358,3112.7795615982277,3076.3902829424,3081.286865234375,2947640
2025-07-18,TCS.NS,3096.4576666771263,3100.106252825218,3059.9722740155044,3062.756591796875,3432645
2025-07-21,TCS.NS,3062.8523807267275,3070.1495522628406,3026.3669918654064,3032.31982421875,3844346
2025-07-22,TCS.NS,3033.6640625,3053.3469689942053,3028.8633535989743,3033.6640625,3198036
2025-07-23,TCS.NS,3033.6641973444102,3055.1712804131353,3031.7439136986445,3052.386962890625,1922875
2025-07-24,TCS.NS,3038.944885626984,3047.2019644087272,3014.8452328363246,3022.5263671875,2934778
2025-07-25,TCS.NS,3014.8450484057557,3031.0713499661365,3001.0191011832776,3010.8125,2568917
2025-07-28,TCS.NS,2986.041003699968,2993.72213811463,2947.539223682625,2956.564697265625,3374473
2025-07-29,TCS.NS,2938.0339265993125,2951.4759118844077,2919.9832137631183,2934.193359375,4785312
2025-07-30,TCS.NS,2938.0337293982366,2946.6750050729374,2925.7438682234083,2931.888916015625,2880121
2025-07-31,TCS.NS,2920.4631457840833,2937.841805411508,2894.827407662822,2915.758544921875,2968371
2025-08-01,TCS.NS,2909.133629601001,2915.7587488570334,2880.4254827204045,2883.305908203125,2053847
2025-08-04,TCS.NS,2889.1625521624956,2956.660327755159,2872.360072011628,2951.859619140625,2519252
2025-08-05,TCS.NS,2951.859809051624,2954.836342347973,2920.751308991888,2941.7783203125,1927996
2025-08-06,TCS.NS,2940.9142942671037,2944.562879940478,2905.3890481398157,2911.43798828125,1487081
2025-08-07,TCS.NS,2895.7878484472435,2929.9689924116014,2890.8910311996096,2925.55224609375,2543076
2025-08-08,TCS.NS,2926.6083584758467,2937.841970823321,2904.4289887975438,2915.37451171875,2762140
2025-08-11,TCS.NS,2915.3743566889298,2928.3362704951187,2900.8763567070323,2919.59912109375,1884215
2025-08-12,TCS.NS,2919.7909498577897,2972.982707005533,2906.2528579377536,2914.4140625,3358232
2025-08-13,TCS.NS,2915.086743648966,2923.055733419127,2907.8856798255947,2915.1826171875,2148166
2025-08-14,TCS.NS,2913.0702823357074,2934.0972944331475,2898.764262979319,2901.836669921875,3342174
2025-08-18,TCS.NS,2925.072254664491,2927.472609378642,2883.6900456286708,2891.17919921875,2945609
2025-08-19,TCS.NS,2891.1790271854784,2904.429031301108,2891.083153648401,2895.979736328125,2650784
2025-08-20,TCS.NS,2890.8905988262018,2979.7037075526887,2890.8905988262018,2975.09521484375,4952358
2025-08-21,TCS.NS,3005.2435803513467,3005.2435803513467,2960.213027495864,2978.935791015625,3230726
2025-08-22,TCS.NS,2962.997485687316,2972.3108139224278,2928.4323821601793,2932.27294921875,1593791
2025-08-25,TCS.NS,2964.245782645686,3026.366909314735,2954.4523833109183,3015.42138671875,3448370
2025-08-26,TCS.NS,3004.283667485289,3035.968346624635,2995.6423913563763,3031.359619140625,5522097
2025-08-28,TCS.NS,3019.6456977878825,3021.0859103623443,2963.477407383879,2970.390380859375,3116051
2025-08-29,TCS.NS,2969.7187359392783,2990.8418565958136,2954.548447858567,2961.74951171875,2271789
2025-09-01,TCS.NS,2966.8380558481663,3006.2999761800884,2966.8380558481663,2988.537353515625,1246862
2025-09-02,TCS.NS,2996.698656186325,3029.247369338668,2979.416103841445,2987.481201171875,2185229
2025-09-03,TCS.NS,3005.1478080455095,3016.669509959856,2964.9179592917676,2974.039306640625,1799774
2025-09-04,TCS.NS,2991.8014698280053,2993.7217531847627,2967.60594641478,2972.310546875,1481391
2025-09-05,TCS.NS,2973.655259644998,2979.703965451406,2907.885546409113,2926.80029296875,2802055
2025-09-08,TCS.NS,2928.432609909376,2942.7386295513115,2895.7877873726816,2898.668212890625,2626187
2025-09-09,TCS.NS,2911.2459361835313,2938.0337976334035,2909.997705008497,2927.856201171875,2489301
2025-09-10,TCS.NS,2934.5773210773896,2998.2347696750494,2931.696895660388,2986.041015625,2079428
2025-09-11,TCS.NS,3013.885194748687,3013.885194748687,2986.137189714118,2999.675048828125,2263446
2025-09-12,TCS.NS,3018.685897890405,3023.198517586115,2996.6026359147436,3008.50830078125,1447167
2025-09-15,TCS.NS,3009.0842164755977,3009.0842164755977,2972.598830315396,2987.864990234375,1732539
2025-09-16,TCS.NS,3003.3238944500986,3024.4470164698882,2985.1773061151375,3020.318359375,2573429
2025-09-17,TCS.NS,3026.366894691811,3055.5551110798156,3017.1494398273812,3046.337890625,2418271
2025-09-18,TCS.NS,3058.0514988629902,3075.334050504916,3035.392059613066,3050.082275390625,2633138
2025-09-19,TCS.NS,3043.64975218093,3053.731241896356,3018.6860633617807,3042.881591796875,4901694
2025-09-22,TCS.NS,2971.6386491648127,2983.0642419680353,2942.8343973150727,2951.28369140625,3634901
2025-09-23,TCS.NS,2947.6353061603577,2957.9087764692863,2930.352753876681,2940.338134765625,3177741
2025-09-24,TCS.NS,2928.4322252766387,2935.1532172690772,2912.1098161521463,2914.4140625,1625714
2025-09-25,TCS.NS,2901.5486952997107,2908.8458671854296,2833.378623371756,2839.5234375,4974361
2025-09-26,TCS.NS,2823.7769658283983,2837.0269692313786,2776.057966398974,2783.547119140625,3934636
2025-09-29,TCS.NS,2799.7732301976002,2812.5431618400235,2778.6501125486475,2780.66650390625,3110035
2025-09-30,TCS.NS,2794.9727356006983,2799.101392157332,2770.105157137798,2773.2734375,2253458
2025-10-01,TCS.NS,2775.7699233020426,2808.222762784315,2752.342557318892,2798.045166015625,1952902
2025-10-03,TCS.NS,2807.4548247704774,2807.4548247704774,2775.866251046319,2786.235595703125,2899519
2025-10-06,TCS.NS,2786.3316788238635,2874.28076699856,2780.1868646812827,2869.287841796875,2112774
2025-10-07,TCS.NS,2875.624650921264,2884.745997894136,2837.699050349848,2855.173583984375,3062943
2025-10-08,TCS.NS,2856.4219038307547,2921.711547346886,2849.7009111158586,2906.541259765625,4121889
2025-10-09,TCS.NS,2913.070135429991,2943.794672125363,2899.628150625765,2939.666015625,3211304
2025-10-10,TCS.NS,2928.432687835625,2947.635525132908,2887.0504796961263,2907.59765625,8817365
2025-10-13,TCS.NS,2906.349233459963,2914.5104387736105,2878.6971026918,2887.33837890625,2866865
2025-10-14,TCS.NS,2900.5884226064827,2906.5412549765147,2837.699133735008,2842.307861328125,3611416
2025-10-15,TCS.NS,2863.220385125294,2871.6047262713414,2843.9459294866183,2862.06396484375,4282226
2025-10-16,TCS.NS,2862.160371154854,2867.0754517571395,2836.332787245134,2862.931396484375,3251495
2025-10-17,TCS.NS,2862.256586509825,2880.3746213869317,2848.1861401528254,2854.739501953125,4374683
2025-10-20,TCS.NS,2877.1943748710046,2913.333979311689,2870.4483153754104,2905.81689453125,3133039
2025-10-21,TCS.NS,2921.1404673344027,2921.815026282457,2887.3137006926995,2897.62548828125,310644
2025-10-23,TCS.NS,2944.1731825516827,2985.613263353556,2925.958915568601,2961.712890625,5564758
2025-10-24,TCS.NS,2968.2662739630537,2977.9035021252716,2947.3535359078196,2952.07568359375,2684318
2025-10-27,TCS.NS,2955.2558763824863,2981.9509500743798,2949.184375870237,2972.98828125,1946312
2025-10-28,TCS.NS,2964.4112497423184,2978.0960660621163,2929.9099274122086,2946.9677734375,3470737
2025-10-29,TCS.NS,2946.96788369373,2964.4113606511696,2935.596142774,2946.678955078125,2895420
2025-10-30,TCS.NS,2938.487165302022,2952.653842834952,2922.778437237614,2925.187744140625,2241536
2025-10-31,TCS.NS,2924.898585437403,2956.1231088421955,2915.357824198127,2947.064208984375,1868085
2025-11-03,TCS.NS,2936.367047373489,2947.06446508497,2900.80576844531,2907.359130859375,2194877
2025-11-04,TCS.NS,2910.0574685167057,2919.4055326440953,2868.039060214524,2881.723876953125,2670720
2025-11-06,TCS.NS,2881.627605776501,2914.2977142131544,2881.531139384038,2901.6728515625,2542721
2025-11-07,TCS.NS,2892.1323165785257,2895.0234851722394,2853.101540563387,2883.26611328125,1830520
2025-11-10,TCS.NS,2884.422275161144,2937.3305615709287,2883.4585523829414,2915.4541015625,1556656
2025-11-11,TCS.NS,2934.5361772818296,2944.8479650680415,2908.5156594537148,2936.463623046875,2806868
2025-11-12,TCS.NS,2948.991669923252,3022.619995280987,2946.1969680097523,3018.18701171875,4460315
2025-11-13,TCS.NS,3018.186949242595,3018.2831803470704,2989.4679642954256,2993.03369140625,1740435
2025-11-14,TCS.NS,2977.9034333434784,3000.1655239975616,2965.6642009169345,2993.322998046875,2210794
2025-11-17,TCS.NS,2993.322838009285,3010.187986001932,2974.6267109195564,2989.66064453125,2232853
2025-11-18,TCS.NS,2989.4682629851,2992.3594315179676,2966.338914722159,2975.10888671875,2548350
2025-11-19,TCS.NS,2984.6493140956795,3040.545232796858,2971.639057156612,3033.510009765625,3151053
2025-11-20,TCS.NS,3033.79944214396,3049.7008686990343,3024.2586803244717,3030.715576171875,2700767
2025-11-21,TCS.NS,3030.715536432949,3055.0013041600305,3021.463703354114,3036.30517578125,4177037
2025-11-24,TCS.NS,3043.4366842823783,3063.578397230728,3017.4161679823073,3027.24609375,6703764
2025-11-25,TCS.NS,3031.197695489111,3035.534448554938,3001.9968444557608,3006.04443359375,2737920
2025-11-26,TCS.NS,3005.658898650244,3062.711244826224,3003.9241504478728,3048.158935546875,2508527
2025-11-27,TCS.NS,3064.6384631299097,3064.6384631299097,3011.6337098367826,3022.81298828125,2836233
2025-11-28,TCS.NS,3026.089482694223,3033.12470593688,3011.6336412163846,3023.68017578125,1616690
2025-12-01,TCS.NS,3024.0660011073596,3039.5820339484353,3008.9355985975626,3019.729248046875,1747647
2025-12-02,TCS.NS,3017.416350282513,3029.9447477765,3007.2007935969305,3021.94580078125,2512003
2025-12-03,TCS.NS,3026.089757763365,3095.3813367654693,3025.126034910574,3064.638671875,3952112
2025-12-04,TCS.NS,3078.13047294951,3132.0989471151875,3071.769808666434,3112.053466796875,5025905
2025-12-05,TCS.NS,3112.824571063191,3152.915532717371,3105.5001838412545,3120.72705078125,5244013
2025-12-08,TCS.NS,3125.353065437683,3141.6398867746047,3092.2010949656524,3119.0888671875,2544725
2025-12-09,TCS.NS,3112.824602659864,3116.390329915732,3065.794883587669,3091.911865234375,2734893
2025-12-10,TCS.NS,3108.005961204973,3108.005961204973,3062.8074569989867,3073.504638671875,1386849
2025-12-11,TCS.NS,3088.7315521574005,3092.0081155406747,3038.7144333046613,3076.106689453125,1914362
2025-12-12,TCS.NS,3081.696263178982,3106.078496384854,3070.131589906683,3103.669189453125,1146554
2025-12-15,TCS.NS,3094.6101270221197,3120.7268716204835,3081.310706400481,3113.01708984375,1562190
2025-12-16,TCS.NS,3103.187500999765,3103.187500999765,3075.3360054304358,3088.828125,1734623
2025-12-17,TCS.NS,3084.3949307247763,3119.4743477745933,3084.3949307247763,3101.0673828125,1376350
2025-12-18,TCS.NS,3110.897128527372,3168.5277977297296,3104.1510690788923,3161.78173828125,2307422
2025-12-19,TCS.NS,3179.3215200364916,3197.5357868591873,3159.854366515901,3162.938232421875,3902511
2025-12-22,TCS.NS,3189.9226061933546,3207.8479451634685,3171.6118722000997,3204.281982421875,2632816
2025-12-23,TCS.NS,3199.463369445318,3199.463369445318,3174.0211805268714,3189.922607421875,2365420
2025-12-24,TCS.NS,3184.2368148202168,3206.4024407323423,3176.5270318942603,3198.59619140625,1367708
2025-12-26,TCS.NS,3192.9103071634727,3199.559900795541,3153.108505919085,3161.010986328125,1176664
2025-12-29,TCS.NS,3161.010777477703,3168.7205598617948,3125.2565675579217,3133.544677734375,2079473
2025-12-30,TCS.NS,3132.0992469072426,3148.9643966982817,3121.9801570326194,3129.015380859375,2807593
2025-12-31,TCS.NS,3122.461816571668,3128.2441532690227,3082.4673210816295,3089.887939453125,3362634
2026-01-01,TCS.NS,3098.368779137981,3116.775978595714,3082.1781891606697,3110.31884765625,1255735
2026-01-02,TCS.NS,3116.6795578205924,3136.243177859361,3102.7055771191704,3132.773681640625,1184324
2026-01-05,TCS.NS,3122.94369701057,3129.207895137578,3075.2394189664337,3099.428955078125,2341703
2026-01-06,TCS.NS,3093.550169667909,3144.8201752673103,3088.7315556964636,3137.688720703125,2912325
2026-01-07,TCS.NS,3125.2565425983025,3180.8635358265738,3106.271250685878,3176.044921875,1989442
2026-01-08,TCS.NS,3167.6606296336045,3167.6606296336045,3066.566193971062,3087.671630859375,4159336
2026-01-09,TCS.NS,3075.239584998998,3112.5356118812538,3075.239584998998,3091.43017578125,1938673
2026-01-12,TCS.NS,3086.804068110982,3134.026484388671,3059.145271347969,3122.076416015625,2228342
2026-01-13,TCS.NS,3127.2804209827063,3161.0107182814413,3094.0319850739534,3149.446044921875,5645341
2026-01-14,TCS.NS,3141.7363480080267,3141.7363480080267,3067.529691935444,3076.68505859375,3539511
2026-01-15,TCS.NS,3076.68505859375,3076.68505859375,3076.68505859375,3076.68505859375,0
2026-01-16,TCS.NS,3159.0110444402844,3161.464149941515,3111.519017760894,3146.54931640625,4293470
2026-01-19,TCS.NS,3128.2002715520307,3159.600023336744,3092.973770842994,3104.258056640625,3387562
2026-01-20,TCS.NS,3092.4832014713097,3100.7255406282875,3033.118044759914,3044.10791015625,4499273
2026-01-21,TCS.NS,3041.8509292683366,3079.6287553253787,3024.188569033875,3064.027099609375,2015150
2026-01-22,TCS.NS,3090.9130188550284,3100.7254411371077,3063.7326570458863,3091.305419921875,2269827
2026-01-23,TCS.NS,3130.457047950816,3134.578217290946,3092.875423666008,3103.178466796875,2068857
2026-01-27,TCS.NS,3115.4440572399217,3115.4440572399217,3071.2881572160486,3098.762939453125,4279874
2026-01-28,TCS.NS,3116.425451779539,3145.0776781720924,3111.1268393421374,3140.073486328125,2751234
2026-01-29,TCS.NS,3140.07335254898,3140.07335254898,3066.9708064954257,3085.41796875,2457641
2026-01-30,TCS.NS,3082.081828102924,3082.081828102924,3034.000959087629,3065.302490234375,3022068
2026-02-02,TCS.NS,3138.0126916764966,3138.0126916764966,3075.2131881532646,3110.1455078125,2636272
2026-02-03,TCS.NS,3287.1613923698505,3287.1613923698505,3126.53209104895,3164.800537109375,4366060
2026-02-04,TCS.NS,3061.475843095512,3061.475843095512,2929.9893806035893,2942.84375,10852595
2026-02-05,TCS.NS,2933.9143670738968,2972.869637012123,2916.5464269268496,2935.38623046875,3521545
2026-02-06,TCS.NS,2920.765595757455,2929.0079343210614,2861.302223276454,2886.422119140625,4687389
2026-02-09,TCS.NS,2903.5941220720847,2921.15826303242,2882.3991930324937,2892.8984375,2380318
2026-02-10,TCS.NS,2894.468444356794,2955.109263473934,2888.2865702537815,2928.61572265625,3547763
2026-02-11,TCS.NS,2924.1019081110685,2941.76426862986,2849.723697569715,2855.21875,3363513
2026-02-12,TCS.NS,2815.9687988010764,2825.977420921291,2688.603518515395,2698.51416015625,10612156
2026-02-13,TCS.NS,2536.5110796879476,2662.110080925881,2536.5110796879476,2641.7001953125,11168735
2026-02-16,TCS.NS,2649.3540277067937,2668.7826718221954,2620.898002964758,2655.830322265625,2918730
2026-02-17,TCS.NS,2665.0538469624375,2708.228504276998,2644.6439610469733,2666.427490234375,4209118
2026-02-18,TCS.NS,2678.7913077273606,2678.7913077273606,2607.4550449905755,2644.349609375,2950820
2026-02-19,TCS.NS,2657.2039438116426,2697.140454434555,2616.5806115438327,2627.66845703125,3238849
2026-02-20,TCS.NS,2616.972941852777,2651.905259923164,2597.838718993336,2635.812744140625,2293482
2026-02-23,TCS.NS,2635.616634548502,2653.2789947204583,2610.3005370564806,2626.0986328125,4699596
2026-02-24,TCS.NS,2591.460746119642,2597.8388206557183,2513.255787797201,2525.423095703125,7798833
2026-02-25,TCS.NS,2547.3048106742554,2604.4130601353972,2546.3235684513456,2579.980224609375,3621285
2026-02-26,TCS.NS,2600.2918170703697,2620.897903167908,2585.5731841435563,2598.034912109375,3464267
2026-02-27,TCS.NS,2631.299321894741,2638.168017666852,2576.8403768444346,2587.92822265625,5083717
2026-03-02,TCS.NS,2543.37985460111,2574.5834053591284,2531.8993684474203,2564.4765625,3374385
2026-03-04,TCS.NS,2575.7609535201655,2585.5733762002424,2531.997452542583,2539.2587890625,3446434
2026-03-05,TCS.NS,2551.229777430436,2560.551578540278,2498.6350985020495,2530.427490234375,2960636
2026-03-06,TCS.NS,2523.7550365456814,2570.069622274581,2505.7002751879877,2509.625244140625,3998643
2026-03-09,TCS.NS,2482.542780637602,2511.9800468111703,2458.0117254929614,2479.991455078125,3653428
2026-03-10,TCS.NS,2493.3365235176843,2497.45769299971,2443.39138949283,2465.9599609375,4323710
2026-03-11,TCS.NS,2461.0536733182116,2473.711601954393,2413.9540474182472,2418.663818359375,2720664
2026-03-12,TCS.NS,2413.6596961153996,2426.513825649523,2390.3060830242093,2396.5859375,2752075
2026-03-13,TCS.NS,2391.287343235487,2400.0203033629555,2352.0376535639975,2365.284423828125,2466488
2026-03-16,TCS.NS,2364.793830777467,2379.5124645789865,2321.7173916761253,2364.0087890625,3807907
2026-03-17,TCS.NS,2374.6061161428333,2374.6061161428333,2315.731584337639,2346.8369140625,2993367
2026-03-18,TCS.NS,2364.793804301608,2436.326267951688,2364.793804301608,2395.01611328125,3082388
2026-03-19,TCS.NS,2371.6624152761565,2378.5311107279285,2306.115387909886,2311.806640625,2757060
2026-03-20,TCS.NS,2341.2440023374425,2362.6351312433567,2319.8528734315287,2345.7578125,4206320
2026-03-23,TCS.NS,2320.6378037995523,2361.6537756859007,2303.956686393805,2339.085205078125,3860515
2026-03-24,TCS.NS,2359.0045869106293,2389.7172776589064,2334.47353068287,2353.803955078125,3420182
2026-03-25,TCS.NS,2355.864368126978,2376.1762738846405,2325.3478785890734,2332.80517578125,5843778
2026-03-27,TCS.NS,2358.8080275261386,2376.6668272056972,2340.262645780238,2344.97265625,4979411
2026-03-30,TCS.NS,2330.5484146912077,2353.0187649541185,2302.1903717438945,2314.652099609375,6804756
2026-04-01,TCS.NS,2383.4374750291136,2425.630892660341,2352.9207445923203,2363.027587890625,4132661
2026-04-02,TCS.NS,2341.24390183887,2423.570027038862,2331.1370592120925,2404.730224609375,5378361
2026-04-06,TCS.NS,2427.593337237373,2435.4432752720936,2402.2772391631793,2427.4951171875,2572417
2026-04-07,TCS.NS,2414.837240451596,2496.182129281132,2402.0810908677395,2492.1591796875,4516550
2026-04-08,TCS.NS,2523.755016821873,2531.899375247164,2492.453485493659,2511.195068359375,4769337
2026-04-09,TCS.NS,2506.092558435327,2556.135910228672,2483.6222080623565,2540.43603515625,5628261
2026-04-10,TCS.NS,2517.671257898199,2517.671257898199,2454.1849361455575,2476.94970703125,10480239
2026-04-13,TCS.NS,2443.195026142192,2457.9136601554055,2423.6684008424363,2426.2197265625,3739587
2026-04-15,TCS.NS,2454.9697496490417,2510.9987747578325,2446.629190999006,2506.9755859375,5261384
2026-04-16,TCS.NS,2523.754997213638,2545.3423261167095,2510.0176060935014,2528.56298828125,3905403
2026-04-17,TCS.NS,2521.792618261851,2540.4362212762385,2507.957006516208,2533.076904296875,2718206
2026-04-20,TCS.NS,2538.571963483115,2545.3424392975157,2513.15764504414,2531.212646484375,2288558
2026-04-21,TCS.NS,2511.9802240950007,2564.9673069470045,2511.9802240950007,2561.532958984375,2719959
2026-04-22,TCS.NS,2531.6048516902206,2531.6048516902206,2456.6380441545243,2490.88330078125,5232045
2026-04-23,TCS.NS,2481.5614778281533,2511.489364373728,2469.0997500312283,2474.49658203125,2509050
2026-04-24,TCS.NS,2441.3307179215667,2458.0118361710306,2343.991534636913,2351.939453125,5107719
2026-04-27,TCS.NS,2351.9393059532576,2412.874541687738,2351.9393059532576,2401.6884765625,5853425
2026-04-28,TCS.NS,2398.155951805419,2440.349366669426,2381.867235359066,2398.8427734375,4508363
2026-04-29,TCS.NS,2405.024637022461,2441.2323784506298,2401.688509360205,2428.280029296875,2835961
2026-04-30,TCS.NS,2432.4995485090735,2444.2744555611544,2392.26861608113,2427.4951171875,3970446
2026-05-01,TCS.NS,2427.4951171875,2427.4951171875,2427.4951171875,2427.4951171875,0
2026-05-04,TCS.NS,2447.2181772447047,2451.4375668418284,2379.512461835769,2385.6943359375,2632358
2026-05-05,TCS.NS,2384.4185931895904,2414.24826083551,2366.952433771704,2381.769287109375,3385720
2026-05-06,TCS.NS,2396.0951150032492,2424.6493574491965,2361.359238648924,2389.717041015625,3147628
2026-05-07,TCS.NS,2392.4647422177254,2393.9366055534624,2353.018852732181,2356.35498046875,5829594
2026-05-08,TCS.NS,2353.0188960201936,2361.8500761970836,2330.548544505656,2349.486328125,3792199
2026-05-11,TCS.NS,2326.5252955775945,2369.699953108347,2326.5252955775945,2348.014404296875,1975188
2026-05-12,TCS.NS,2330.450360002076,2330.450360002076,2240.176072372522,2257.151611328125,6347884
2026-05-13,TCS.NS,2262.7446759395275,2265.8846032931383,2226.4387119283556,2230.16748046875,3171843
2026-05-14,TCS.NS,2222.513720137884,2222.513720137884,2165.012827845418,2203.8701171875,5633313
2026-05-15,TCS.NS,2209.7573207679993,2261.6649346543286,2209.7573207679993,2221.5322265625,3410637
2026-05-18,TCS.NS,2221.5322685970373,2249.8900714309348,2209.953563101145,2240.3720703125,3773336
2026-05-19,TCS.NS,2256.857213357978,2333.0017090765828,2254.0117066090534,2283.448974609375,10394707
2026-05-20,TCS.NS,2280.3085723429836,2298.06915136111,2274.3231388707036,2283.742919921875,2537422
2026-05-21,TCS.NS,2287.275643394801,2292.0836345084317,2270.594525446405,2283.546875,3299087
2026-05-22,TCS.NS,2287.373954930871,2296.106915322829,2264.805382686245,2273.832763671875,2617262
2026-05-25,TCS.NS,2312.3217190072714,2313.415817804508,2280.496215777924,2295.61328125,3298364
2026-05-26,TCS.NS,2295.613098349941,2315.205623652634,2260.008270887014,2263.78759765625,3587597
2026-05-27,TCS.NS,2262.5943570616037,2283.0821217701528,2248.571147658945,2271.744140625,2653950
2026-05-28,TCS.NS,2271.744140625,2271.744140625,2271.744140625,2271.744140625,0
2026-05-29,TCS.NS,2278.507085795833,2321.2726050840133,2222.81245602518,2246.58203125,16331582
2026-06-01,TCS.NS,2271.5452382799426,2322.267132829976,2267.5670504720965,2284.8720703125,7505095
2026-06-02,TCS.NS,2307.34897134468,2443.9996279549005,2303.569644295269,2433.556884765625,11306127
2026-06-03,TCS.NS,2379.9508308808004,2379.9508308808004,2212.6680838914085,2229.475830078125,15660062
2026-06-04,TCS.NS,2229.4759194813155,2240.8139007540485,2204.5129359355733,2228.77978515625,4867263
2026-06-05,TCS.NS,2250.560184151513,2259.4117976453776,2180.0469028924485,2186.9091796875,5019717
2026-06-08,TCS.NS,2158.1668832997775,2165.128711955583,2131.6125282744956,2139.668212890625,6536734
2026-06-09,TCS.NS,2162.145087858845,2162.145087858845,2121.169801728995,2139.2705078125,4148655
2026-06-10,TCS.NS,2139.568864676436,2168.907999188303,2133.1043096144995,2142.154541015625,2848650
2026-06-11,TCS.NS,2115.4013888441136,2142.8509821277357,2098.494090484758,2123.95458984375,3079815
2026-06-12,TCS.NS,2138.276030955957,2156.177876796519,2126.3414670622496,2149.61376953125,2124656
2026-06-15,TCS.NS,2180.046856932239,2180.046856932239,2147.525221086398,2150.21044921875,3337083
2026-06-16,TCS.NS,2155.183285992923,2196.954258771743,2148.818282502735,2187.0087890625,3079898
2026-06-17,TCS.NS,2196.9542720106556,2218.8343055028395,2188.6994835403766,2210.8779296875,2865010
2026-06-18,TCS.NS,2196.9542695909468,2201.927004470057,2170.101501243751,2191.285400390625,3735188
2026-06-19,TCS.NS,2093.521413717831,2126.341464384191,2048.6672473500757,2113.412353515625,13286502
2026-06-22,TCS.NS,2120.5729308842238,2145.237743488044,2109.434053749718,2116.197021484375,4566101
2026-06-23,TCS.NS,2099.4885101234904,2102.4721508294924,2043.7938836114508,2048.368896484375,6392736
2026-06-24,TCS.NS,2049.7612582514666,2109.1356624395376,2049.7612582514666,2097.49951171875,4747277
2026-06-25,TCS.NS,2121.965363861958,2136.78401555451,2076.61392807904,2083.27734375,4738903
2026-06-26,TCS.NS,2083.27734375,2083.27734375,2083.27734375,2083.27734375,0
2026-06-29,TCS.NS,2078.6031371123327,2093.521341445675,2059.706744956766,2086.4599609375,3412470
2026-06-30,TCS.NS,2078.60311543387,2092.8251853118586,2007.791421498655,2020.422119140625,6848411
2026-07-01,TCS.NS,2028.776408877907,2040.8104030555382,1966.0205187179013,1971.788818359375,4658295
2026-07-02,TCS.NS,1997.0503819057583,2065.5745732846704,1991.580373389582,2056.82275390625,6040621
2026-07-03,TCS.NS,2088.5485393778363,2105.0581154318793,2073.6303355251375,2082.083984375,4028819
2026-07-06,TCS.NS,2078.6031065753987,2081.5867473982344,2039.4180542258837,2046.3798828125,2567386
2026-07-07,TCS.NS,2038.8212111731864,2111.124724588052,2037.8266642409067,2084.669921875,4769048
2026-07-08,TCS.NS,2082.5813599967723,2098.1956989000228,2037.6278854106638,2046.2803955078125,3666985
2026-07-09,TCS.NS,2046.280350211656,2053.7394523387943,2005.006651774823,2038.323974609375,3791498
2026-07-10,TCS.NS,2093.7200783959847,2121.666943317309,2053.341620075063,2057.717529296875,6714551
2026-07-13,TCS.NS,2063.684994131224,2192.8765503750355,2053.8390761022306,2169.604248046875,12382622
2026-07-14,TCS.NS,2170.996422535663,2215.850586742918,2167.1177865856457,2188.60009765625,9546290
2026-07-15,TCS.NS,2174.10009765625,2202.89990234375,2145.39990234375,2189.199951171875,5426489
2026-07-16,TCS.NS,2206.0,2231.39990234375,2187.800048828125,2201.0,5197595
2026-07-17,TCS.NS,2224.800048828125,2275.0,2215.10009765625,2269.0,5615138
2026-07-20,TCS.NS,2280.10009765625,2283.39990234375,2245.10009765625,2251.10009765625,2202693
2026-07-21,TCS.NS,2245.10009765625,2259.89990234375,2218.5,2221.10009765625,2382160
2026-07-22,TCS.NS,2216.0,2226.800048828125,2201.0,2208.300048828125,1599665
2026-07-23,TCS.NS,2204.0,2250.0,2193.60009765625,2242.89990234375,2503539
2026-07-24,TCS.NS,2205.10009765625,2264.300048828125,2205.10009765625,2254.300048828125,3211699
2026-07-27,TCS.NS,2286.0,2315.0,2272.39990234375,2295.60009765625,4007292
2026-07-28,TCS.NS,2325.0,2417.39990234375,2323.0,2398.0,8248513
2026-07-29,TCS.NS,2440.0,2475.5,2415.10009765625,2446.60009765625,7169419
2026-07-30,TCS.NS,2440.0,2495.0,2423.0,2431.800048828125,4901582
2026-07-31,TCS.NS,2385.0,2391.0,2326.10009765625,2365.60009765625,4343683
2026-08-03,TCS.NS,2383.89990234375,2473.699951171875,2383.0,2473.699951171875,3036839
2026-08-04,TCS.NS,2463.10009765625,2467.39990234375,2435.10009765625,2460.0,2792792
2026-08-05,TCS.NS,2460.0,2460.89990234375,2408.0,2413.0,3014409
2026-08-06,TCS.NS,2417.0,2434.5,2368.5,2373.0,2729141
2026-08-07,TCS.NS,2375.0,2457.699951171875,2375.0,2452.699951171875,4547979
2026-08-10,TCS.NS,2452.699951171875,2472.89990234375,2423.5,2425.699951171875,2322023
2026-08-11,TCS.NS,2438.0,2456.60009765625,2428.0,2445.699951171875,1514105
2026-08-12,TCS.NS,2445.699951171875,2445.800048828125,2300.10009765625,2349.699951171875,7022647
2026-08-13,TCS.NS,2349.699951171875,2375.0,2332.300048828125,2375.0,2123494
2026-08-14,TCS.NS,2375.10009765625,2390.0,2333.39990234375,2361.0,2232160
2026-08-17,TCS.NS,2351.0,2361.10009765625,2310.60009765625,2313.199951171875,2237636
2026-08-18,TCS.NS,2300.0,2307.0,2280.0,2280.0,1797822
2026-08-19,TCS.NS,2293.60009765625,2308.199951171875,2258.300048828125,2289.0,3368922
2026-08-20,TCS.NS,2319.39990234375,2329.0,2288.10009765625,2298.0,2047848
2026-08-21,TCS.NS,2290.10009765625,2307.199951171875,2263.300048828125,2302.0,2066749
2026-08-24,TCS.NS,2302.39990234375,2321.60009765625,2279.5,2284.10009765625,1542723
2026-08-25,TCS.NS,2305.0,2313.5,2262.0,2296.199951171875,3041609
2026-08-26,TCS.NS,2305.10009765625,2306.300048828125,2266.39990234375,2270.0,1660737
2026-08-27,TCS.NS,2270.0,2283.60009765625,2243.89990234375,2248.39990234375,1709113
2026-08-28,TCS.NS,2272.0,2348.5,2263.300048828125,2342.0,4054069
2026-08-31,TCS.NS,2342.0,2399.300048828125,2306.199951171875,2399.300048828125,2905846
2026-09-01,TCS.NS,2355.0,2372.0,2325.0,2369.0,2678034
2026-09-02,TCS.NS,2347.89990234375,2363.0,2303.5,2348.0,2533005
2026-09-03,TCS.NS,2353.60009765625,2353.60009765625,2316.10009765625,2320.10009765625,1892786
2026-09-04,TCS.NS,2330.0,2363.89990234375,2302.39990234375,2304.0,2564322
2026-09-07,TCS.NS,2290.10009765625,2299.89990234375,2260.10009765625,2270.0,2297551
2026-09-08,TCS.NS,2270.0,2274.5,2244.0,2255.5,2148114
2026-09-09,TCS.NS,2237.0,2237.0,2193.199951171875,2208.0,3370071
2026-09-10,TCS.NS,2199.0,2232.0,2190.60009765625,2204.10009765625,2490912
2026-09-11,TCS.NS,2185.5,2232.60009765625,2185.5,2200.800048828125,2634124
2026-09-14,TCS.NS,2200.800048828125,2200.800048828125,2200.800048828125,2200.800048828125,0
2026-09-15,TCS.NS,2275.5,2323.0,2251.0,2251.0,5406210
2026-09-16,TCS.NS,2270.0,2273.89990234375,2172.0,2188.800048828125,2763709
2026-09-17,TCS.NS,2171.0,2263.60009765625,2162.5,2190.0,3295917
2026-09-18,TCS.NS,2177.199951171875,2177.300048828125,2101.199951171875,2105.0,6875428
2026-09-21,TCS.NS,2090.0,2145.0,2075.300048828125,2128.699951171875,2330811
2026-09-22,TCS.NS,2135.10009765625,2135.199951171875,2098.199951171875,2105.0,3641623
2026-09-23,TCS.NS,2099.0,2104.199951171875,2077.60009765625,2089.60009765625,2228402
2026-09-24,TCS.NS,2076.0,2096.89990234375,2067.10009765625,2087.0,1760662
2026-09-25,TCS.NS,2054.0,2090.199951171875,2038.0999755859375,2082.0,3342195
2024-01-01,INFY.NS,1418.255071679868,1434.8428502960069,1414.7992844681723,1429.6361083984375,2808451
2024-01-02,INFY.NS,1424.7057474638627,1427.6086309615123,1403.5102544550214,1414.015869140625,5396313
2024-01-03,INFY.NS,1400.6996635455614,1400.6996635455614,1371.2564007445471,1373.0994873046875,7550363
2024-01-04,INFY.NS,1386.8763509676678,1400.5152349032498,1375.7718232468026,1394.018310546875,7056038
2024-01-05,INFY.NS,1388.5351762892633,1418.8999788505123,1388.07440470264,1412.31103515625,8895403
2024-01-08,INFY.NS,1408.9934505703893,1415.4903752195028,1394.52526712299,1403.3260498046875,4440136
2024-01-09,INFY.NS,1420.9274616897512,1431.1565685607613,1406.1366485499625,1409.3160400390625,4412074
2024-01-10,INFY.NS,1405.3072902245185,1414.983494047482,1386.9225479581153,1400.653564453125,4096845
2024-01-11,INFY.NS,1405.261293276588,1405.3534251009314,1369.9661425866611,1376.9698486328125,11296088
2024-01-12,INFY.NS,1439.450552270239,1491.056974118596,1433.3683893367258,1486.2188720703125,26754401
2024-01-15,INFY.NS,1515.8925107048797,1534.3233755421343,1507.6447436874366,1522.4815673828125,13228305
2024-01-16,INFY.NS,1515.7543934625273,1519.1640585147397,1497.5077919845023,1503.5439453125,6500917
2024-01-17,INFY.NS,1493.130273985418,1518.2423245739706,1493.130273985418,1511.5150146484375,9209876
2024-01-18,INFY.NS,1513.7730508709333,1519.6248280436816,1500.5028054955274,1513.7269287109375,6375464
2024-01-19,INFY.NS,1522.020829836473,1534.8303036837544,1515.1553775281222,1529.0245361328125,4522736
2024-01-23,INFY.NS,1520.6384796288353,1543.3084208611072,1509.2113209406687,1513.312255859375,9401255
2024-01-24,INFY.NS,1529.669692631178,1548.1926898142694,1515.9386754431387,1543.95361328125,8999681
2024-01-25,INFY.NS,1541.6956238359799,1548.6994420250173,1527.9185982399085,1538.147705078125,8865304
2024-01-29,INFY.NS,1534.5077798990815,1547.5936491768944,1518.3346507098104,1526.6285400390625,4253785
2024-01-30,INFY.NS,1532.0195441969254,1557.4081059509288,1518.933674931135,1521.882568359375,4995943
2024-01-31,INFY.NS,1518.9337632044703,1536.4430861232538,1509.5800760939778,1530.59130859375,6763779
2024-02-01,INFY.NS,1529.3470709031976,1545.4279548337279,1520.8688059210901,1527.043212890625,5760011
2024-02-02,INFY.NS,1535.3370559365164,1583.6719506012253,1534.3693906028748,1560.4951171875,7858483
2024-02-05,INFY.NS,1561.7853328521521,1567.3145920332188,1549.8974031142452,1554.82763671875,3634135
2024-02-06,INFY.NS,1554.4129683538292,1597.034340689009,1542.6171705805966,1593.7628173828125,7694265
2024-02-07,INFY.NS,1593.3481668011993,1593.3481668011993,1554.5050990563916,1560.86376953125,4613877
2024-02-08,INFY.NS,1564.7803892211357,1572.4752526176906,1550.7729772594932,1559.34326171875,5919715
2024-02-09,INFY.NS,1552.5238399589869,1560.080561966992,1529.577503446997,1538.378173828125,4600004
2024-02-12,INFY.NS,1539.2997433619348,1560.126598289278,1539.2997433619348,1548.2847900390625,3555808
2024-02-13,INFY.NS,1550.9571831806093,1556.5785741207376,1532.9870910403704,1552.3856201171875,2696481
2024-02-14,INFY.NS,1529.9459605809961,1538.4702350970776,1507.1838887623073,1535.4752197265625,3768579
2024-02-15,INFY.NS,1545.4278829759044,1555.3344719693396,1531.2360957797196,1544.828857421875,4834391
2024-02-16,INFY.NS,1556.486498735968,1574.917363137815,1555.5188333576436,1568.14404296875,4880654
2024-02-19,INFY.NS,1571.2311682439513,1577.2211990906292,1555.2884257624896,1566.39306640625,3690993
2024-02-20,INFY.NS,1552.800375906301,1561.324650966914,1537.8252980971156,1553.03076171875,3706389
2024-02-21,INFY.NS,1542.663439133254,1542.663439133254,1516.2151921931338,1525.6610107421875,4300508
2024-02-22,INFY.NS,1534.3694366019563,1552.4316609246032,1515.3856690741432,1549.4366455078125,5841277
2024-02-23,INFY.NS,1563.8586670578313,1565.1948595781303,1540.7279573565888,1545.28955078125,5373072
2024-02-26,INFY.NS,1543.5387967991637,1543.5387967991637,1515.938621902185,1529.9000244140625,2782438
2024-02-27,INFY.NS,1530.6833557243867,1539.9909201570279,1523.1267459853489,1533.079345703125,5159088
2024-02-28,INFY.NS,1538.9770993537304,1555.3806128350852,1531.6508761234932,1540.1290283203125,3188916
2024-02-29,INFY.NS,1534.3692886879348,1550.2659074446117,1523.587279224107,1542.571044921875,7814722
2024-03-01,INFY.NS,1538.0556768856939,1540.7741844629486,1521.4678984651173,1524.8775634765625,6387291
2024-03-04,INFY.NS,1527.7805015485362,1533.862664687169,1505.4791992091916,1508.7506103515625,4445156
2024-03-05,INFY.NS,1505.8015436860508,1508.8886908149464,1476.3121621695554,1480.4591064453125,4596579
2024-03-06,INFY.NS,1477.0495710017406,1493.0383239437163,1452.3521668225044,1490.642333984375,6420684
2024-03-07,INFY.NS,1489.7667940250446,1500.6870590284748,1478.3396352373709,1489.6285400390625,6348359
2024-03-11,INFY.NS,1481.9797912201366,1487.186533050453,1463.4106723438592,1475.0220947265625,6752895
2024-03-12,INFY.NS,1474.46925768503,1497.5078398363585,1472.3036534614205,1486.4031982421875,4614222
2024-03-13,INFY.NS,1486.3570462420234,1497.046924837975,1473.1329238521018,1484.9747314453125,5688997
2024-03-14,INFY.NS,1487.7393497230903,1527.6882245455754,1481.8414508033693,1523.58740234375,8803799
2024-03-15,INFY.NS,1512.3443249660922,1516.6756449347063,1491.3792199116642,1505.8013916015625,11809997
2024-03-18,INFY.NS,1502.11543929507,1504.5575513115562,1473.4093456712776,1476.9112548828125,4958904
2024-03-19,INFY.NS,1467.4193112677192,1473.5475961267095,1435.764324431153,1438.943603515625,6870411
2024-03-20,INFY.NS,1440.3720813461923,1451.3844780457566,1430.5576233604784,1432.95361328125,4759059
2024-03-21,INFY.NS,1441.2936639483573,1453.2276042120811,1422.309895221054,1432.7232666015625,11062497
2024-03-22,INFY.NS,1401.6671085042765,1408.9473217702673,1380.6558800265154,1390.4703369140625,14673890
2024-03-26,INFY.NS,1374.9423563000637,1389.1801527269931,1371.164051948253,1375.5413818359375,8351081
2024-03-27,INFY.NS,1378.628657389427,1381.3932870499673,1365.3124028550521,1367.431884765625,6857402
2024-03-28,INFY.NS,1370.472857803067,1393.188917951044,1370.472857803067,1380.5177001953125,12499530
2024-04-01,INFY.NS,1405.353474561426,1409.9150687111335,1375.6798265220143,1378.121826171875,6580002
2024-04-02,INFY.NS,1368.3533402284065,1376.0021934625806,1364.6671675840935,1366.51025390625,7279400
2024-04-03,INFY.NS,1362.9623414349414,1377.7991638971826,1359.2761687738598,1364.48291015625,8736248
2024-04-04,INFY.NS,1373.6062588459959,1378.3061066574217,1352.8254147328123,1370.0582275390625,11186915
2024-04-05,INFY.NS,1363.9299768430176,1370.0581487632178,1360.2438042627782,1363.054443359375,5072482
2024-04-08,INFY.NS,1366.6485404880466,1373.9747637962018,1358.4467836601393,1360.8427734375,6610887
2024-04-09,INFY.NS,1373.0993855776476,1395.0321590156452,1370.6112639030227,1377.56884765625,9423230
2024-04-10,INFY.NS,1382.6372778632074,1391.3919380114644,1368.076963217734,1388.581298828125,6744595
2024-04-12,INFY.NS,1386.0009366054892,1388.581302495331,1363.4231287950938,1368.26123046875,12275616
2024-04-15,INFY.NS,1363.8841331877177,1374.8965310226422,1346.4209320201485,1352.9638671875,8531224
2024-04-16,INFY.NS,1337.1591322439795,1340.9835588768526,1302.1866141339272,1303.4766845703125,16173541
2024-04-18,INFY.NS,1309.6049788534715,1331.3533752077963,1297.072014216493,1307.900146484375,22107945
2024-04-19,INFY.NS,1276.3373231980736,1314.903883353496,1270.5776782377934,1300.52783203125,20603621
2024-04-22,INFY.NS,1308.4991354557612,1324.1192467826613,1302.1865874045059,1320.3409423828125,5859087
2024-04-23,INFY.NS,1329.7870343625723,1333.3349537089287,1320.5716009990065,1329.234130859375,4856174
2024-04-24,INFY.NS,1330.9848800805114,1330.9848800805114,1315.0882599841418,1318.4979248046875,4268213
2024-04-25,INFY.NS,1308.5913232271268,1331.5377710414832,1308.5913232271268,1325.59375,9089398
2024-04-26,INFY.NS,1326.745647271391,1331.9985107982977,1315.042094094127,1318.037109375,8062444
2024-04-29,INFY.NS,1317.7606297548816,1326.8379201034072,1316.1940513407444,1322.18408203125,5055957
2024-04-30,INFY.NS,1322.1380131744238,1323.8429581264434,1306.3336369406475,1309.0982666015625,6936588
2024-05-02,INFY.NS,1302.1404919784582,1312.2774667921617,1301.0806948402314,1303.4766845703125,10076354
2024-05-03,INFY.NS,1310.5266461015717,1313.0148803966708,1293.109456008172,1305.1817626953125,8842345
2024-05-06,INFY.NS,1308.5913151241766,1332.2749298443393,1305.9188174045357,1314.0284423828125,6445422
2024-05-07,INFY.NS,1313.1528923189749,1330.1093091097507,1304.5364861962978,1327.8975830078125,6080661
2024-05-08,INFY.NS,1322.6448266752147,1326.791770914921,1313.751912640343,1315.318603515625,6234983
2024-05-09,INFY.NS,1315.5490256671164,1336.1915031252968,1313.0607915586831,1326.6075439453125,6088406
2024-05-10,INFY.NS,1322.4604966710783,1323.289795482951,1302.1404259190676,1313.1068115234375,8777481
2024-05-13,INFY.NS,1313.199189050727,1313.199189050727,1300.4818466437416,1311.770751953125,3735954
2024-05-14,INFY.NS,1314.4891762078207,1321.2624958851497,1306.7943133773022,1312.9224853515625,3463230
2024-05-15,INFY.NS,1314.120547134986,1319.4655424641765,1307.255095585117,1308.545166015625,4327544
2024-05-16,INFY.NS,1321.4467475230538,1341.5364330774394,1315.0420676637514,1339.32470703125,9249145
2024-05-17,INFY.NS,1342.6882935563137,1342.6882935563137,1326.330903569612,1330.9847412109375,7542860
2024-05-21,INFY.NS,1317.8067987413262,1331.3534390178734,1316.332352094495,1321.6312255859375,6752663
2024-05-22,INFY.NS,1316.6550066153582,1345.40711294369,1315.9638491315707,1340.6612548828125,7173285
2024-05-23,INFY.NS,1340.5688666610595,1362.17912249703,1336.2376585581328,1356.8802490234375,8641428
2024-05-24,INFY.NS,1353.0557154211108,1359.7369031866842,1345.4529845154584,1350.15283203125,5277938
2024-05-27,INFY.NS,1356.373369267408,1363.5153292403581,1345.6834903871545,1355.91259765625,5821844
2024-05-28,INFY.NS,1359.7369459532367,1360.1977175377685,1345.7295347806962,1351.949951171875,6186922
2024-05-29,INFY.NS,1350.4294036068611,1350.5215354265988,1336.237616082271,1337.113037109375,7401634
2024-05-30,INFY.NS,1329.6025651299135,1336.0993771509409,1310.0197722599248,1315.456787109375,9663150
2024-05-31,INFY.NS,1325.1858078435043,1350.5182603744363,1315.9739443356261,1322.4598388671875,37113815
2024-06-03,INFY.NS,1353.5731158092904,1353.5731158092904,1319.7337879140582,1321.519775390625,10589244
2024-06-04,INFY.NS,1324.4335719499218,1330.0734594103187,1276.8234990229753,1310.0048828125,13736134
2024-06-05,INFY.NS,1316.1148183429186,1351.6930870098186,1316.1148183429186,1344.2672119140625,9233424
2024-06-06,INFY.NS,1358.2260359203012,1385.8145809499692,1351.2232206049546,1383.8875732421875,12660930
2024-06-07,INFY.NS,1392.1125402174964,1447.2894059410087,1388.587609747668,1441.5555419921875,24075302
2024-06-10,INFY.NS,1433.753506313127,1437.9834221145236,1407.434030215548,1409.7369384765625,6810606
2024-06-11,INFY.NS,1410.018893908781,1416.0346820025904,1404.2849165946768,1405.9769287109375,4853054
2024-06-12,INFY.NS,1416.5518188986746,1418.1967861734406,1393.7572723769142,1396.0601806640625,9564320
2024-06-13,INFY.NS,1405.2721826102318,1414.6719965407349,1399.961264790733,1404.28515625,7307565
2024-06-14,INFY.NS,1413.4498626747718,1413.4498626747718,1396.8592841989566,1399.5382080078125,4237727
2024-06-18,INFY.NS,1407.152097561087,1416.5519111720494,1405.6481503320965,1408.280029296875,5420939
2024-06-19,INFY.NS,1414.6718886285164,1424.6827126496337,1406.8699977638037,1420.6407470703125,5493456
2024-06-20,INFY.NS,1425.2937600659554,1426.4216917830183,1409.1260120772156,1424.44775390625,7927010
2024-06-21,INFY.NS,1452.2712899886412,1464.256053061363,1432.2496398990345,1440.70947265625,17301941
2024-06-24,INFY.NS,1433.0486251290843,1437.325471461373,1424.4477727552649,1435.4925537109375,5564989
2024-06-25,INFY.NS,1434.4115183965616,1451.237207255743,1429.1006009006553,1449.4041748046875,4551525
2024-06-26,INFY.NS,1448.5112883548547,1455.89011914625,1442.8714001458156,1448.229248046875,4851004
2024-06-27,INFY.NS,1446.114304702132,1483.6666295895413,1440.0985156795878,1478.919677734375,14757754
2024-06-28,INFY.NS,1478.1676356666337,1493.1602914681441,1470.3657449978248,1472.7156982421875,8197544
2024-07-01,INFY.NS,1465.900805673246,1503.876072321398,1465.900805673246,1495.322265625,6801771
2024-07-02,INFY.NS,1500.3983274471718,1535.7417213583608,1491.280553383894,1523.7569580078125,10493173
2024-07-03,INFY.NS,1527.4696078755678,1537.809402144264,1509.609963229638,1529.7255859375,7269965
2024-07-04,INFY.NS,1530.4775505601317,1560.3690026530594,1530.2896001922775,1551.5802001953125,8008311
2024-07-05,INFY.NS,1552.332191113537,1565.8679458210338,1535.3185512266714,1548.572265625,7065022
2024-07-08,INFY.NS,1544.483343885064,1566.008939897241,1541.5694246287367,1561.9200439453125,5880533
2024-07-09,INFY.NS,1560.2750121000736,1566.7138611771477,1551.9091554243114,1557.6900634765625,5191182
2024-07-10,INFY.NS,1557.5490553427878,1573.5287378659184,1539.2664644712022,1549.32421875,9852770
2024-07-11,INFY.NS,1556.6091866425368,1565.0690191786375,1543.4964921091096,1553.5072021484375,8857679
2024-07-12,INFY.NS,1579.1687737330217,1616.5330348972404,1566.6200448190868,1609.01318359375,17078316
2024-07-15,INFY.NS,1622.5957659620963,1624.2877782953476,1600.4592739409936,1604.59521484375,6942230
2024-07-16,INFY.NS,1615.4519041715741,1633.593589888385,1597.9682742375035,1622.454833984375,6886281
2024-07-18,INFY.NS,1615.827983176718,1659.4431419133819,1615.827983176718,1652.5343017578125,11248896
2024-07-19,INFY.NS,1733.3255702708213,1733.3255702708213,1679.2295989019908,1685.3394775390625,29819116
2024-07-22,INFY.NS,1692.1074068427617,1713.5859571917674,1685.3394724496927,1702.1651611328125,8462126
2024-07-23,INFY.NS,1701.36633287668,1729.5187298905632,1676.2218304432815,1726.65185546875,7113056
2024-07-24,INFY.NS,1727.2156416274588,1731.7745279912915,1710.3899533806657,1723.878662109375,6002845
2024-07-25,INFY.NS,1710.7659428071297,1721.0117617869892,1703.2460925090763,1715.3248291015625,5815599
2024-07-26,INFY.NS,1715.7949342558115,1769.9848820315087,1715.7949342558115,1766.1309814453125,11369047
2024-07-29,INFY.NS,1779.9486525351583,1788.78450012986,1752.1252276626687,1758.799072265625,4635931
2024-07-30,INFY.NS,1758.7990290172347,1767.1178407699306,1748.365259289592,1764.4859619140625,2721265
2024-07-31,INFY.NS,1764.344953812893,1772.0058245898792,1753.1122228334534,1756.1201171875,5004209
2024-08-01,INFY.NS,1744.699358548906,1755.7911843622094,1734.3595637121655,1741.409423828125,7475014
2024-08-02,INFY.NS,1732.3855594141,1747.895251074617,1707.147084115294,1711.8939208984375,7400938
2024-08-05,INFY.NS,1677.8196096487513,1689.6164211011132,1615.4049418548652,1646.7532958984375,10736703
2024-08-06,INFY.NS,1654.5551502330297,1689.0994653436978,1640.126459251215,1646.0013427734375,7690163
2024-08-07,INFY.NS,1688.206449501223,1689.9924369566963,1656.341059827465,1684.1175537109375,5094329
2024-08-08,INFY.NS,1673.1198103688212,1673.1198103688212,1623.4418174161967,1638.528564453125,6227910
2024-08-09,INFY.NS,1664.9419144885312,1673.8717370362467,1650.6071993461458,1664.471923828125,4258524
2024-08-12,INFY.NS,1666.6339385624474,1695.2563240862842,1661.9809621451984,1689.5224609375,4315329
2024-08-13,INFY.NS,1701.366147109179,1701.366147109179,1681.673584839887,1689.5693359375,4176918
2024-08-14,INFY.NS,1693.8464406687062,1715.4660123309595,1689.5694795075585,1713.821044921875,7450718
2024-08-16,INFY.NS,1738.9653871768742,1750.1041425189478,1719.6957707243737,1747.378173828125,7335657
2024-08-19,INFY.NS,1748.3653628246682,1755.46226812506,1738.2135180462226,1752.8773193359375,2585989
2024-08-20,INFY.NS,1767.1649081160394,1772.5227558229078,1756.0730824760828,1759.8330078125,3870333
2024-08-21,INFY.NS,1762.5588344138969,1766.2247842698705,1755.0389843478197,1760.3028564453125,1966902
2024-08-22,INFY.NS,1770.9248323444356,1779.9956751616294,1757.4830533776285,1767.39990234375,4300287
2024-08-23,INFY.NS,1765.4729100507645,1769.6088509029312,1745.5453515046195,1750.3392333984375,5015935
2024-08-26,INFY.NS,1757.7651122966831,1775.3897624868237,1752.125224235838,1763.5460205078125,3728589
2024-08-27,INFY.NS,1763.54596510821,1788.5494451104064,1761.431007151832,1786.0584716796875,3830679
2024-08-28,INFY.NS,1792.450420519267,1833.903574209478,1783.5205978872887,1822.7177734375,6514531
2024-08-29,INFY.NS,1816.9838956969513,1833.4335688344042,1805.610144647818,1817.3128662109375,7228284
2024-08-30,INFY.NS,1821.6837784081808,1832.9635541258785,1812.2839653100993,1827.0416259765625,13466759
2024-09-02,INFY.NS,1826.712755054023,1857.1681741009113,1826.195834151735,1846.5933837890625,5573739
2024-09-03,INFY.NS,1848.943412636329,1848.943412636329,1820.226934986873,1824.7388916015625,4694322
2024-09-04,INFY.NS,1805.7980647866775,1811.5319278069883,1786.0115271331308,1807.0670166015625,4778310
2024-09-05,INFY.NS,1810.638983993486,1823.5637269032381,1794.9882723576418,1817.1248779296875,4081810
2024-09-06,INFY.NS,1806.6441381891027,1820.2738676395406,1783.00358450389,1787.7034912109375,5848106
2024-09-09,INFY.NS,1776.5648545358595,1805.5632579164233,1775.624873131343,1780.935791015625,4772612
2024-09-10,INFY.NS,1790.5704823041315,1818.8638977650467,1782.2046254069915,1797.5263671875,6909600
2024-09-11,INFY.NS,1799.7822173243185,1810.4040523138208,1790.6644442667855,1795.50537109375,5312946
2024-09-12,INFY.NS,1809.464116978717,1838.9795546148218,1796.1164275717779,1833.3865966796875,8555092
2024-09-13,INFY.NS,1833.3865832495185,1841.0474542218399,1819.4749280775688,1827.417724609375,3843127
2024-09-16,INFY.NS,1828.9686923682912,1834.8435757434945,1817.0309752474043,1833.1986083984375,1570181
2024-09-17,INFY.NS,1830.8486394119768,1840.9063937669002,1825.584766901514,1835.360595703125,2793127
2024-09-18,INFY.NS,1822.388925387728,1822.388925387728,1768.3870402660307,1778.5858154296875,6385468
2024-09-19,INFY.NS,1795.9282898631557,1809.370068657787,1766.036952686509,1780.5125732421875,7976570
2024-09-20,INFY.NS,1790.6643987818527,1800.0642118988178,1755.3211244108263,1791.369384765625,15242974
2024-09-23,INFY.NS,1794.4243751721033,1803.73021337189,1765.7078993837924,1782.6275634765625,3636672
2024-09-24,INFY.NS,1774.6846588682515,1796.2102531560402,1759.0809925494216,1784.6484375,7277616
2024-09-25,INFY.NS,1773.1338507441149,1787.4685667691454,1764.1570974239128,1781.5467529296875,4268341
2024-09-26,INFY.NS,1783.896554606288,1802.8370859804254,1779.3845984749128,1786.199462890625,8952803
2024-09-27,INFY.NS,1816.1380763305222,1856.0872866298698,1789.0666803151419,1792.3095703125,14908931
2024-09-30,INFY.NS,1767.165116110307,1787.139721811022,1758.2352923852816,1763.0291748046875,6986955
2024-10-01,INFY.NS,1762.4650370326212,1794.3773580722982,1762.4650370326212,1790.053466796875,4029072
2024-10-03,INFY.NS,1776.0946700907043,1797.1032292411892,1768.1048290238766,1779.7606201171875,7503887
2024-10-04,INFY.NS,1776.1418246086153,1836.8175525476968,1772.8048448832324,1803.0252685546875,10001483
2024-10-07,INFY.NS,1807.7721694283628,1825.4438655173053,1801.0513942623245,1818.2060546875,6112575
2024-10-08,INFY.NS,1821.5898836675146,1840.436440915146,1791.9334261359113,1831.6007080078125,5637391
2024-10-09,INFY.NS,1835.3605115538048,1858.3430081700687,1828.3575821051584,1835.5484619140625,4857163
2024-10-10,INFY.NS,1840.3893918331603,1846.1232547571165,1799.2181654069389,1803.8240966796875,4782119
2024-10-11,INFY.NS,1802.8842276209207,1830.1436867455332,1795.4583520140732,1818.9578857421875,4709431
2024-10-14,INFY.NS,1816.1849669571325,1851.2932470173037,1815.1979406537325,1841.3294677734375,3751378
2024-10-15,INFY.NS,1842.3633853617557,1871.925751948734,1834.6085394794932,1841.7054443359375,5353705
2024-10-16,INFY.NS,1837.6635261263593,1841.9404871358424,1801.3332242595482,1804.858154296875,3111512
2024-10-17,INFY.NS,1819.0517651449982,1859.2830106666543,1814.304928428157,1849.9771728515625,8162822
2024-10-18,INFY.NS,1780.1367445813487,1820.6028732629586,1757.0601563072833,1766.7889404296875,10526196
2024-10-21,INFY.NS,1777.5986762175419,1784.8366013292746,1727.6856903747387,1741.5504150390625,4654601
2024-10-22,INFY.NS,1746.67333651753,1765.0970631717694,1736.0985461009068,1740.469482421875,4125240
2024-10-23,INFY.NS,1734.500561986716,1772.804801466981,1733.3255853155424,1760.9610595703125,4311910
2024-10-24,INFY.NS,1749.6812424897346,1770.9247972575436,1748.3652457001226,1751.51416015625,2906475
2024-10-25,INFY.NS,1751.60811836117,1763.7339001545147,1735.581505943881,1750.292236328125,4689120
2024-10-28,INFY.NS,1748.0832475331754,1768.9509020729429,1745.5453438193326,1753.3941650390625,7018940
2024-10-29,INFY.NS,1754.9627985871089,1760.2866061853301,1738.8011693476826,1748.59326171875,4621252
2024-10-30,INFY.NS,1741.6532608340028,1748.308049494395,1707.7613496606602,1713.227783203125,5919715
2024-10-31,INFY.NS,1699.728089871948,1699.728089871948,1660.3697457491953,1670.589599609375,7395236
2024-11-01,INFY.NS,1677.4819828348002,1678.9080088899161,1665.6460129974564,1674.011962890625,371966
2024-11-04,INFY.NS,1639.4546463788554,1679.8587185569368,1633.275200045737,1676.6739501953125,7336722
2024-11-05,INFY.NS,1673.2039554066878,1681.2371893406507,1658.9436944231081,1667.68994140625,3160880
2024-11-06,INFY.NS,1677.0067780250674,1737.089967643031,1675.7233776805178,1733.7625732421875,10421494
2024-11-07,INFY.NS,1723.5426610222241,1735.6638830746192,1698.8724555004114,1714.1309814453125,4550965
2024-11-08,INFY.NS,1728.3437169759088,1749.829154713953,1723.7329222391422,1739.704345703125,4210960
2024-11-11,INFY.NS,1738.8011800020988,1775.8778590726738,1732.669314114394,1768.367431640625,3804234
2024-11-12,INFY.NS,1778.8249314544848,1788.2367269114475,1769.223045604574,1776.638427734375,5012450
2024-11-13,INFY.NS,1769.3181384269985,1780.8213927172376,1764.7549244206982,1776.2581787109375,4257495
2024-11-14,INFY.NS,1773.5961711004963,1783.4833086013102,1764.469627272938,1772.5980224609375,4311431
2024-11-18,INFY.NS,1758.0049000608628,1758.0049000608628,1706.4778709351956,1722.1165771484375,4839244
2024-11-19,INFY.NS,1735.4737552340218,1767.987103735295,1730.7679155470983,1734.7607421875,4669769
2024-11-21,INFY.NS,1751.16006482196,1774.9271666789355,1730.8154024223286,1743.6021728515625,5436504
2024-11-22,INFY.NS,1762.6633798054363,1819.6569616576032,1743.554652462339,1808.4388427734375,6301486
2024-11-25,INFY.NS,1821.5107285834974,1824.6480325215346,1789.1874693080074,1796.5076904296875,12764638
2024-11-26,INFY.NS,1811.00558516297,1842.9961275482167,1803.7329448177684,1829.2587890625,6850495
2024-11-27,INFY.NS,1834.9152380654443,1845.6580141122217,1817.4702091826562,1829.5914306640625,4447143
2024-11-28,INFY.NS,1820.4648690644453,1820.4648690644453,1760.3341042723987,1765.0875244140625,8468790
2024-11-29,INFY.NS,1759.811276019277,1784.4340168837268,1754.0121263454853,1766.2283935546875,5244346
2024-12-02,INFY.NS,1767.3216723437565,1789.9479994533772,1744.6953452341356,1787.095947265625,2868263
2024-12-03,INFY.NS,1793.9408410909798,1806.0620629902432,1778.8725217831325,1798.789306640625,4715792
2024-12-04,INFY.NS,1791.0888644737497,1819.56180716774,1782.5327074778559,1796.0799560546875,4705573
2024-12-05,INFY.NS,1806.2997139926326,1853.7388717964993,1795.7946087095554,1839.4310302734375,9050038
2024-12-06,INFY.NS,1837.4822303839658,1842.3781605401093,1818.088252003757,1827.5950927734375,3573331
2024-12-09,INFY.NS,1829.3062538776032,1835.0103583375276,1803.6377838079438,1828.783447265625,4274645
2024-12-10,INFY.NS,1843.3764867481466,1868.664660829215,1836.721697987323,1852.45556640625,6174921
2024-12-11,INFY.NS,1858.5873457085745,1880.4530791874988,1855.7352935156714,1876.79296875,5025612
2024-12-12,INFY.NS,1877.791037372581,1900.227273174294,1873.370449502188,1889.0091552734375,6462130
2024-12-13,INFY.NS,1872.6099443049989,1907.500003205855,1857.4465798294907,1901.0828857421875,5362693
2024-12-16,INFY.NS,1897.0424188970678,1900.9877808683423,1880.072732013709,1882.4019775390625,3119221
2024-12-17,INFY.NS,1870.9463322304846,1884.2559097971648,1861.439491111427,1879.1221923828125,5811050
2024-12-18,INFY.NS,1869.8054617493733,1887.060284654621,1864.8618349910091,1881.54638671875,3064095
2024-12-19,INFY.NS,1838.623014099366,1863.1031292043601,1825.3134369549032,1850.2213134765625,5323592
2024-12-20,INFY.NS,1877.743552521445,1882.3067661561822,1816.9948208472201,1827.3572998046875,11056720
2024-12-23,INFY.NS,1834.867922920088,1844.3271834459897,1814.855975875461,1829.4014892578125,2781793
2024-12-24,INFY.NS,1832.015755380025,1846.2284355881454,1749.2586619372746,1814.9034423828125,2360544
2024-12-26,INFY.NS,1814.9034908105154,1825.0757640546135,1808.4863732653307,1813.3348388671875,3623321
2024-12-27,INFY.NS,1815.2361283318478,1829.258717915249,1810.0073661143083,1822.2236328125,3937500
2024-12-30,INFY.NS,1821.2254956591669,1821.510747311123,1793.4655661808106,1812.00390625,7789055
2024-12-31,INFY.NS,1798.9794709559926,1803.4476395627287,1754.0596496753712,1787.2860107421875,3613063
2025-01-01,INFY.NS,1781.5819053214227,1799.5973216045268,1781.5819053214227,1789.6627197265625,1838368
2025-01-02,INFY.NS,1793.9409285299619,1865.8602051810894,1792.3248119514092,1861.296875,7083645
2025-01-03,INFY.NS,1856.6384617090841,1856.6384617090841,1827.214835312903,1843.1387939453125,6218003
2025-01-06,INFY.NS,1855.7352837034794,1875.69964894824,1832.9188662808956,1842.2830810546875,7164403
2025-01-07,INFY.NS,1849.0806215360017,1861.962437838805,1828.7835386947554,1835.62841796875,4294832
2025-01-08,INFY.NS,1834.8202633622047,1842.9961231909604,1795.6045452981161,1837.81494140625,5482050
2025-01-09,INFY.NS,1838.6705399259386,1855.5926464465324,1816.3294646707038,1822.74658203125,6833503
2025-01-10,INFY.NS,1841.475056372847,1880.2630131182193,1836.9593070090002,1869.947998046875,8036913
2025-01-13,INFY.NS,1859.538056114521,1885.0164358188285,1852.8832675701437,1865.4322509765625,5804152
2025-01-14,INFY.NS,1871.7543886244132,1874.5589763818855,1835.8660634362316,1844.374755859375,5792162
2025-01-15,INFY.NS,1850.981884706997,1861.4869901029845,1841.5700892018165,1853.501220703125,2985439
2025-01-16,INFY.NS,1868.9973329214629,1869.948017007702,1822.3187674971882,1833.3466796875,7533579
2025-01-17,INFY.NS,1759.7161759087412,1766.3709642563163,1722.6394979722525,1725.9193115234375,16409953
2025-01-20,INFY.NS,1733.0496195308024,1737.8030402662885,1704.7193015774908,1723.8756103515625,4333011
2025-01-21,INFY.NS,1729.3418737355341,1741.3204695981628,1704.6240883474466,1711.896728515625,7169109
2025-01-22,INFY.NS,1718.266356355729,1773.786327477544,1716.127317266663,1764.8973388671875,8373913
2025-01-23,INFY.NS,1766.370941552174,1786.8582289789933,1761.3322697336553,1773.4534912109375,5907471
2025-01-24,INFY.NS,1773.501188842313,1801.4513245969808,1772.312833717117,1782.96044921875,4887027
2025-01-27,INFY.NS,1757.5772848453794,1771.1245336940863,1722.639643077662,1732.146484375,7652371
2025-01-28,INFY.NS,1739.7519532584283,1771.5998715284597,1734.9034874184256,1739.5142822265625,6999495
2025-01-29,INFY.NS,1754.0120684956396,1795.5094503993766,1749.7339902797964,1788.474365234375,5145155
2025-01-30,INFY.NS,1780.7738303869369,1794.1308715011382,1753.0613674474346,1768.2247314453125,7336056
2025-01-31,INFY.NS,1778.729881094765,1803.875428129993,1778.729881094765,1787.095947265625,5820470
2025-02-01,INFY.NS,1787.571323971164,1797.3633003755383,1754.9628135718901,1760.0489501953125,1701402
2025-02-03,INFY.NS,1745.4560668085503,1784.0063547913574,1742.033627142517,1771.4097900390625,4823228
2025-02-04,INFY.NS,1795.8423067996916,1816.9474478919842,1782.5327290891591,1805.1590576171875,7334787
2025-02-05,INFY.NS,1812.0038151596648,1825.0281403385413,1800.88085809743,1803.4952392578125,4996744
2025-02-06,INFY.NS,1822.46137881177,1829.116167362465,1806.2997494743677,1821.177978515625,4765255
2025-02-07,INFY.NS,1824.648004479721,1828.8309215990796,1796.2699917999128,1809.769775390625,4126260
2025-02-10,INFY.NS,1811.0531389851265,1811.0531389851265,1785.9550565261386,1787.5712890625,3828734
2025-02-11,INFY.NS,1790.2331848086437,1809.1518213900456,1777.7792464526458,1783.150634765625,4411601
2025-02-12,INFY.NS,1792.0395140512057,1801.1660581275596,1755.9135185424811,1771.26708984375,5633947
2025-02-13,INFY.NS,1776.3532848619434,1781.106705479717,1745.1233346132335,1752.3485107421875,5237744
2025-02-14,INFY.NS,1762.568310549922,1767.6069826690268,1738.1832403249714,1764.8499755859375,5292961
2025-02-17,INFY.NS,1747.8801254076848,1761.3797918708847,1732.2888845014002,1751.4451904296875,4428956
2025-02-18,INFY.NS,1751.445375977347,1769.8410902296603,1746.977091046225,1760.619384765625,4365260
2025-02-19,INFY.NS,1756.2937934312417,1758.004955145868,1716.840404092615,1721.498779296875,4611411
2025-02-20,INFY.NS,1716.5077280780874,1740.7025920720746,1716.5077280780874,1735.14111328125,2218020
2025-02-21,INFY.NS,1731.956275207461,1739.6092122968646,1717.1255109603246,1725.4915771484375,3379879
2025-02-24,INFY.NS,1711.2789698500455,1718.8368620656656,1663.9348549947076,1677.101806640625,7594720
2025-02-25,INFY.NS,1659.0863139546623,1690.744023588038,1659.0863139546623,1680.524169921875,5092963
2025-02-27,INFY.NS,1668.640674098442,1688.2723238346587,1664.7428925260701,1677.2919921875,5757079
2025-02-28,INFY.NS,1668.4982752722037,1668.5457398498413,1599.4785126706022,1604.4696044921875,12182167
2025-03-03,INFY.NS,1608.8427856333933,1643.3525496222132,1608.8427856333933,1624.3388671875,7504969
2025-03-04,INFY.NS,1611.4095762179882,1615.2123126810395,1587.6424733239176,1605.0400390625,6759673
2025-03-05,INFY.NS,1608.9852468032536,1647.4879525703643,1608.9852468032536,1627.0958251953125,8180782
2025-03-06,INFY.NS,1630.4231429408271,1637.3631829139892,1607.7017709749155,1631.231201171875,10610547
2025-03-07,INFY.NS,1619.1100684643093,1620.9163914654462,1592.871210498742,1602.8533935546875,8019331
2025-03-10,INFY.NS,1602.8533592169706,1634.225933863566,1593.5366088108908,1617.5413818359375,7558981
2025-03-11,INFY.NS,1597.1492261839649,1597.1492261839649,1556.3173920894415,1579.6566162109375,12671234
2025-03-12,INFY.NS,1556.1746748414012,1556.1746748414012,1486.6796971141694,1512.3956298828125,14870008
2025-03-13,INFY.NS,1520.381526929375,1526.8462251444753,1492.8592690164621,1501.938232421875,7822888
2025-03-17,INFY.NS,1468.949515897204,1515.3904095675546,1468.949515897204,1511.63525390625,7526032
2025-03-18,INFY.NS,1511.63525390625,1511.63525390625,1511.63525390625,1511.63525390625,0
2025-03-19,INFY.NS,1523.9465678973438,1523.9465678973438,1495.2359553339961,1508.307861328125,7387068
2025-03-20,INFY.NS,1513.4891497172634,1551.4214700841842,1513.4891497172634,1535.8778076171875,7186750
2025-03-21,INFY.NS,1500.1320035723254,1524.802326821007,1486.5372898982932,1514.0120849609375,10074677
2025-03-24,INFY.NS,1519.1455370257738,1527.8443193262497,1495.1407646724408,1514.2020263671875,8857726
2025-03-25,INFY.NS,1525.84798372026,1555.46181670782,1525.84798372026,1548.1414794921875,9890140
2025-03-26,INFY.NS,1545.8123648464964,1556.9829031533513,1516.3411573986234,1520.5716552734375,6651302
2025-03-27,INFY.NS,1516.8640098840594,1540.0606082841557,1507.7849306219216,1524.469482421875,9426573
2025-03-28,INFY.NS,1511.5877308709687,1519.620965158934,1483.0672076469882,1493.1920166015625,6799047
2025-04-01,INFY.NS,1463.3404602190724,1471.0885586286036,1442.9957978349414,1451.21923828125,12680733
2025-04-02,INFY.NS,1459.4902057913214,1478.9317655581158,1459.4902057913214,1473.7030029296875,6193478
2025-04-03,INFY.NS,1458.967226269639,1458.967226269639,1411.8133230002038,1422.6986083984375,10459504
2025-04-04,INFY.NS,1388.4742004590178,1399.4070681791675,1376.5906485892897,1380.0606689453125,9590254
2025-04-07,INFY.NS,1285.3248095467156,1336.5667020131123,1242.5440281638737,1327.867919921875,21715252
2025-04-08,INFY.NS,1360.4288608109712,1384.671303823326,1345.2179161757683,1358.33740234375,12805001
2025-04-09,INFY.NS,1335.758736096975,1339.9416532809853,1313.7503760547593,1334.4752197265625,8546854
2025-04-11,INFY.NS,1341.652928180614,1367.844321400648,1328.1532604606723,1339.941650390625,12567440
2025-04-15,INFY.NS,1374.3089224037624,1376.3053358191778,1339.513907284088,1355.675537109375,10178530
2025-04-16,INFY.NS,1354.7249077086744,1357.1016180730755,1327.9156612183533,1343.4117431640625,12022740
2025-04-17,INFY.NS,1329.0563853909828,1359.2881865002564,1310.327954849587,1349.49609375,14264227
2025-04-21,INFY.NS,1340.4645789137878,1399.2169026224717,1340.4645789137878,1379.442626953125,15648970
2025-04-22,INFY.NS,1368.9850198763202,1368.9850198763202,1349.3059066357173,1352.63330078125,9399738
2025-04-23,INFY.NS,1374.6891479419496,1414.4277879886072,1368.6047467603623,1402.1639404296875,11136642
2025-04-24,INFY.NS,1397.4105217628291,1409.7694145318515,1389.4247524558623,1398.8365478515625,7114292
2025-04-25,INFY.NS,1402.7343459374797,1427.642222162945,1391.3261370921732,1407.2025146484375,8329979
2025-04-28,INFY.NS,1407.2024661808139,1416.1389193452367,1393.0373668593481,1409.0087890625,5886253
2025-04-29,INFY.NS,1408.9138107783806,1435.3428747016321,1401.4033833138335,1423.6494140625,8056743
2025-04-30,INFY.NS,1422.9839060733532,1434.3921144618078,1409.4841231835037,1426.12109375,7704183
2025-05-02,INFY.NS,1425.7408206525301,1448.081895785028,1422.4134264838601,1432.5858154296875,7402310
2025-05-05,INFY.NS,1440.2864278864722,1447.8919007730015,1428.6881281546378,1434.2020263671875,4282493
2025-05-06,INFY.NS,1431.7302219442606,1440.856765886036,1425.170478593818,1436.958984375,4270530
2025-05-07,INFY.NS,1426.026145690909,1443.8990531370239,1422.7937965506155,1433.9168701171875,5691799
2025-05-08,INFY.NS,1433.631664427957,1441.7124795125974,1427.1669659401214,1436.864013671875,8424409
2025-05-09,INFY.NS,1426.6915991963783,1436.8639888159648,1420.4171072727893,1433.2513427734375,4478653
2025-05-12,INFY.NS,1461.2014458755218,1551.516434397431,1456.4480254270004,1546.66796875,11372857
2025-05-13,INFY.NS,1529.6507024801845,1532.6928451513845,1487.4403056280353,1491.2430419921875,12846210
2025-05-14,INFY.NS,1496.3767741072957,1516.3411402167324,1492.0986956552736,1513.869384765625,4870057
2025-05-15,INFY.NS,1511.3975456512203,1538.7771765983814,1493.5246391320036,1533.453369140625,11151167
2025-05-16,INFY.NS,1533.0731584594146,1533.0731584594146,1503.5069061207216,1511.49267578125,4576751
2025-05-19,INFY.NS,1498.7533295424078,1506.8341435615073,1478.9790558755526,1482.876953125,8855798
2025-05-20,INFY.NS,1492.573904126385,1505.4081383338412,1481.1656959419795,1483.637451171875,7143998
2025-05-21,INFY.NS,1490.577561992386,1493.5246593705174,1475.556707413097,1491.14794921875,4157309
2025-05-22,INFY.NS,1478.789066286349,1483.8277382618005,1464.0534632471729,1471.18359375,6158990
2025-05-23,INFY.NS,1473.5603223754533,1508.9257236923431,1473.5603223754533,1487.6304931640625,5038421
2025-05-26,INFY.NS,1489.3414997424045,1505.6933338273104,1485.6338090106342,1502.5560302734375,3170102
2025-05-27,INFY.NS,1501.985817890451,1504.8378701621398,1479.6447417622219,1492.6690673828125,7775714
2025-05-28,INFY.NS,1503.0315254066693,1509.4010623010483,1492.5740005619675,1494.2852783203125,3623370
2025-05-29,INFY.NS,1510.6370121874,1529.555648703017,1498.8485063145804,1507.4046630859375,8609500
2025-05-30,INFY.NS,1514.5387348868949,1515.5027951891782,1499.2101525439637,1506.5369873046875,13148092
2025-06-02,INFY.NS,1503.9340358386107,1503.9340358386107,1483.6887699715526,1497.9569091796875,4374509
2025-06-03,INFY.NS,1502.9700087561519,1510.9717563250315,1480.410974183671,1487.5450439453125,6853403
2025-06-04,INFY.NS,1487.545069852834,1501.3311794658816,1486.0025968815146,1495.4503173828125,4548307
2025-06-05,INFY.NS,1492.2689554139665,1511.3572786610305,1486.195328477135,1498.43896484375,6948539
2025-06-06,INFY.NS,1498.8244913615613,1512.5142181403369,1487.641415492617,1507.5975341796875,3960020
2025-06-09,INFY.NS,1521.2871674371763,1530.9277705261318,1514.5387452749073,1516.3704833984375,2903202
2025-06-10,INFY.NS,1527.0715350387688,1549.726952383094,1520.8051430073597,1538.6402587890625,8591925
2025-06-11,INFY.NS,1532.9521677606,1575.8528485433976,1532.9521677606,1572.4786376953125,10597410
2025-06-12,INFY.NS,1558.8856061675938,1569.4902701551284,1540.6648417796544,1550.7874755859375,10483574
2025-06-13,INFY.NS,1519.3591134860721,1551.1731050755648,1513.7675163758718,1544.4246826171875,6968315
2025-06-16,INFY.NS,1542.4964798976407,1576.0458254086714,1539.7006814911979,1565.441162109375,5591842
2025-06-17,INFY.NS,1562.452616510744,1588.193099360836,1557.535932091381,1580.962646484375,7622083
2025-06-18,INFY.NS,1562.7417700471647,1585.589952431105,1562.7417700471647,1574.214111328125,5629707
2025-06-19,INFY.NS,1565.5375611980423,1571.4183055533617,1553.5831898154863,1560.2352294921875,5147760
2025-06-20,INFY.NS,1560.8136276168789,1572.0930860674746,1551.076642111549,1564.573486328125,9202821
2025-06-23,INFY.NS,1543.4605584963404,1543.4605584963404,1518.7806380620095,1527.071533203125,7943676
2025-06-24,INFY.NS,1543.4604830931148,1551.172965207259,1519.9373891083474,1524.7576904296875,8083992
2025-06-25,INFY.NS,1532.8558375256184,1561.6812632899293,1528.1319186406413,1556.8609619140625,7813533
2025-06-26,INFY.NS,1550.9803214172216,1565.6339915058402,1548.8593180602195,1557.9215087890625,6519233
2025-06-27,INFY.NS,1560.8136478253264,1571.0326636135578,1544.8102701550988,1550.208984375,8912268
2025-06-30,INFY.NS,1556.9573602116636,1556.9573602116636,1536.8084767193552,1544.2318115234375,6294505
2025-07-01,INFY.NS,1551.1730095922587,1559.5602870581276,1542.978497111504,1549.0521240234375,4178937
2025-07-02,INFY.NS,1559.8495930029494,1589.735462831807,1545.7743359105034,1552.619140625,8653641
2025-07-03,INFY.NS,1560.331649069145,1573.7321112354073,1556.9574379034102,1560.5244140625,5259695
2025-07-04,INFY.NS,1566.5980642699803,1584.3367981958825,1554.3545449332526,1581.7337646484375,4411273
2025-07-07,INFY.NS,1581.058907066303,1584.91514830305,1564.669881810128,1568.526123046875,3294523
2025-07-08,INFY.NS,1569.4902652889589,1587.0361167588558,1563.2238729521173,1579.8056640625,4590681
2025-07-09,INFY.NS,1578.937970779495,1579.1307357618878,1565.248244218562,1574.9852294921875,4580828
2025-07-10,INFY.NS,1579.998406486553,1579.998406486553,1549.341242702206,1557.7286376953125,5330179
2025-07-11,INFY.NS,1522.3476337948875,1549.3413228616234,1506.8262861181436,1537.579833984375,11391755
2025-07-14,INFY.NS,1534.5911874414394,1534.5911874414394,1503.7412587495296,1513.8638916015625,9173426
2025-07-15,INFY.NS,1508.8507771918205,1545.967099361679,1507.790334380739,1528.614013671875,7614807
2025-07-16,INFY.NS,1522.2511831800944,1554.0651724422496,1521.7691530397587,1550.112548828125,6223491
2025-07-17,INFY.NS,1540.5683518202854,1552.1370753633664,1523.3116489985612,1526.5894775390625,7374814
2025-07-18,INFY.NS,1534.8804313290245,1541.8217363306167,1523.2153248462614,1529.0960693359375,5161833
2025-07-21,INFY.NS,1523.2153333190533,1531.8918763569468,1510.4897839367352,1527.36083984375,3682661
2025-07-22,INFY.NS,1508.7544033781517,1528.806905141675,1508.7544033781517,1514.4423828125,8473741
2025-07-23,INFY.NS,1519.648319505044,1534.6876368616054,1494.2934861823694,1517.9129638671875,8035026
2025-07-24,INFY.NS,1523.21527148752,1525.14339208434,1492.558106924831,1496.70361328125,14169664
2025-07-25,INFY.NS,1487.930738061539,1493.8114825426642,1456.9844249801497,1461.2261962890625,10851259
2025-07-28,INFY.NS,1459.4908778130184,1464.6968268487494,1429.2193615593824,1461.515380859375,6439855
2025-07-29,INFY.NS,1458.5267960319763,1462.6721845547067,1442.3305365336291,1459.2979736328125,7070448
2025-07-30,INFY.NS,1465.2753927209724,1467.0106307922656,1451.8749299240865,1464.40771484375,5719051
2025-07-31,INFY.NS,1455.4418850255533,1472.21655890233,1443.198365471235,1454.76708984375,6851407
2025-08-01,INFY.NS,1440.2096707795008,1444.8370894973941,1412.83033538686,1416.782958984375,8702978
2025-08-04,INFY.NS,1408.9741142502269,1429.5086455065348,1398.8514812022438,1427.291259765625,8610216
2025-08-05,INFY.NS,1425.5559991895734,1425.5559991895734,1402.7078158601623,1407.8173828125,10213323
2025-08-06,INFY.NS,1399.8155998166778,1403.768223634903,1378.895537719122,1385.0654296875,10566934
2025-08-07,INFY.NS,1378.6062610201184,1390.1749848888187,1363.3740608530718,1385.25830078125,9892020
2025-08-08,INFY.NS,1373.785961785155,1381.6912093691872,1366.169861688454,1371.9542236328125,10048009
2025-08-11,INFY.NS,1368.8693412283471,1381.8841562074572,1363.1813615156616,1376.8709716796875,6625368
2025-08-12,INFY.NS,1376.8708364780418,1389.2108550605094,1369.9296495773656,1372.918212890625,9899184
2025-08-13,INFY.NS,1373.7858962323605,1382.4624387348806,1371.279363046038,1375.328369140625,10318063
2025-08-14,INFY.NS,1374.9427475738962,1417.1686356270611,1374.9427475738962,1395.6700439453125,12902347
2025-08-18,INFY.NS,1412.05912550974,1412.05912550974,1378.2206312900619,1384.1978759765625,7254561
2025-08-19,INFY.NS,1381.2091389381637,1397.3090164904586,1381.2091389381637,1388.246826171875,3986094
2025-08-20,INFY.NS,1388.921654258322,1445.1264179190935,1388.921654258322,1442.427001953125,10413061
2025-08-21,INFY.NS,1453.802949118853,1453.802949118853,1430.9547668193538,1442.619873046875,6565539
2025-08-22,INFY.NS,1444.258688328196,1450.2359327005538,1432.6899649169563,1434.0396728515625,5543397
2025-08-25,INFY.NS,1452.549588321255,1483.6887826854402,1452.549588321255,1477.0367431640625,10694531
2025-08-26,INFY.NS,1468.2638125760993,1483.1103644867733,1464.021923789744,1474.6265869140625,15994798
2025-08-28,INFY.NS,1474.6266696224122,1474.6266696224122,1444.162386475055,1446.1868896484375,5443364
2025-08-29,INFY.NS,1447.922152992462,1447.922152992462,1414.951220922169,1416.782958984375,8169075
2025-09-01,INFY.NS,1423.6277245981132,1449.3682038919694,1423.145694472945,1445.511962890625,4546057
2025-09-02,INFY.NS,1445.5120710387366,1458.4305028963795,1432.8829043510907,1444.837158203125,5218763
2025-09-03,INFY.NS,1446.09053538698,1447.9222736017668,1420.0609057500144,1425.941650390625,4623483
2025-09-04,INFY.NS,1430.6654315565193,1430.6654315565193,1407.6243677138264,1410.420166015625,5787724
2025-09-05,INFY.NS,1417.1686742864704,1419.771590084351,1381.4984423486478,1392.6815185546875,5466487
2025-09-08,INFY.NS,1398.8514448025214,1405.5998666589085,1376.9673238557784,1381.4019775390625,3811567
2025-09-09,INFY.NS,1427.7733097648295,1453.0316426482493,1419.5787971834648,1450.2359619140625,13072640
2025-09-10,INFY.NS,1455.8274419814547,1479.7361846012639,1455.056264347903,1477.518798828125,7281071
2025-09-11,INFY.NS,1469.1314991861996,1472.6020926929066,1452.3568266067848,1455.4417724609375,8003662
2025-09-12,INFY.NS,1481.7606968153777,1487.4486761823323,1466.4321143461764,1470.7703857421875,12856963
2025-09-15,INFY.NS,1470.7703889313757,1472.6021270614033,1447.2472937742573,1454.1885986328125,6167414
2025-09-16,INFY.NS,1454.18869843609,1459.5874130189484,1449.4647790449067,1456.9844970703125,8923112
2025-09-17,INFY.NS,1462.3832147820146,1471.830935901443,1459.58741614181,1467.685546875,4795698
2025-09-18,INFY.NS,1494.2935138953433,1499.1138155530703,1483.2068200825713,1485.2313232421875,9331945
2025-09-19,INFY.NS,1489.0875921991392,1495.546867150236,1465.4681136380061,1484.845703125,12988129
2025-09-22,INFY.NS,1429.4121385641438,1460.2620677071914,1428.7373434373958,1445.6083984375,15655204
2025-09-23,INFY.NS,1439.3420265057648,1458.6232324870878,1439.3420265057648,1443.6802978515625,9832164
2025-09-24,INFY.NS,1433.7504516255494,1442.909024606748,1429.4121802134027,1440.884521484375,4937004
2025-09-25,INFY.NS,1435.4858961438838,1448.6934761875953,1423.4351414751138,1431.4368896484375,9491867
2025-09-26,INFY.NS,1421.9889772759154,1425.555953399892,1389.4036912657584,1396.8270263671875,8597058
2025-09-29,INFY.NS,1407.5280279964163,1412.3483294621576,1384.872611107433,1389.982177734375,10513117
2025-09-30,INFY.NS,1391.1390030128964,1400.0083106366037,1386.4150840398418,1389.982177734375,7556305
2025-10-01,INFY.NS,1394.0312659732858,1397.405477197979,1376.0997670015454,1393.8385009765625,6250692
2025-10-03,INFY.NS,1387.282784330546,1396.2485922754322,1381.6911874663804,1394.609619140625,6877533
2025-10-06,INFY.NS,1394.6096065704758,1425.6524188431904,1390.4642178899833,1422.9530029296875,4630590
2025-10-07,INFY.NS,1424.5918193613172,1429.6050033943986,1401.743637948074,1406.0819091796875,5570320
2025-10-08,INFY.NS,1404.6358503769075,1444.1623224877194,1402.707729786136,1441.2701416015625,4657192
2025-10-09,INFY.NS,1448.0185870707542,1459.5873108023447,1433.557682406266,1455.0562744140625,7028753
2025-10-10,INFY.NS,1455.7310370996563,1467.0104954131987,1444.933608930849,1460.4549560546875,3738353
2025-10-13,INFY.NS,1443.1982662450723,1450.6214834671307,1430.087069727637,1439.5347900390625,5859355
2025-10-14,INFY.NS,1445.1264411305913,1459.9729938155936,1433.075686951717,1436.353515625,5600789
2025-10-15,INFY.NS,1430.5690952632847,1435.1001315764527,1414.75848288892,1421.4105224609375,6986098
2025-10-16,INFY.NS,1420.9285143742625,1421.5069270236047,1408.0100826842827,1418.61474609375,8005748
2025-10-17,INFY.NS,1402.6113299617484,1405.9855409539045,1382.462446500531,1389.3072509765625,16959378
2025-10-20,INFY.NS,1401.4544470050912,1414.276496397426,1397.8874708768014,1408.395751953125,6994246
2025-10-21,INFY.NS,1424.881136066363,1432.5936185349226,1417.1686535978035,1419.482421875,1698704
2025-10-23,INFY.NS,1455.7310466373283,1490.4372172856354,1451.8748054541832,1473.566162109375,20358624
2025-10-24,INFY.NS,1484.1708637038648,1487.5450748262833,1463.4435668090073,1470.57763671875,8652257
2025-10-27,INFY.NS,1478.0165606695539,1483.2043487095048,1466.3685916918344,1472.633056640625,7273211
2025-10-28,INFY.NS,1467.9347848431598,1474.5908017388306,1458.9296979699484,1468.4241943359375,8211019
2025-10-29,INFY.NS,1468.4241778932897,1488.0005573851865,1465.1941469679696,1478.408203125,4884976
2025-10-30,INFY.NS,1475.0801523386458,1476.2546872805226,1457.5592692997866,1462.1597900390625,5608867
2025-10-31,INFY.NS,1458.4403008415877,1465.3898918009988,1449.3372364048548,1450.9034423828125,4819814
2025-11-03,INFY.NS,1450.9033496746388,1459.8105780526128,1442.974820743242,1454.0355224609375,5470600
2025-11-04,INFY.NS,1448.3583414401685,1450.511814804534,1431.9142548968182,1436.808349609375,8691330
2025-11-06,INFY.NS,1447.2816360762577,1451.58846323567,1430.9354078512456,1435.6336669921875,7944752
2025-11-07,INFY.NS,1438.8638806951196,1449.533031326473,1418.4065403991735,1445.5198974609375,8765759
2025-11-10,INFY.NS,1458.5381171839108,1487.8048281611332,1458.4402591842686,1481.4425048828125,9787975
2025-11-11,INFY.NS,1492.6989304110698,1500.9210336624128,1479.0933228205395,1497.88671875,13692989
2025-11-12,INFY.NS,1507.3812396717751,1526.1745164244364,1505.5214596999074,1518.8333740234375,14635417
2025-11-13,INFY.NS,1524.1189242683809,1524.5104757353395,1497.8866487683968,1509.14306640625,19655689
2025-11-14,INFY.NS,1487.8047537888665,1497.59294295853,1457.2656513734084,1470.9691162109375,9739549
2025-11-17,INFY.NS,1464.3132041198487,1478.212385937251,1460.8873376663598,1475.66748046875,7910354
2025-11-18,INFY.NS,1474.1013313334302,1474.1013313334302,1451.784211591062,1454.91650390625,7525119
2025-11-19,INFY.NS,1458.9296699222182,1510.317665675936,1458.9296699222182,1508.4578857421875,10981126
2025-11-20,INFY.NS,1522.0634729079381,1522.0634729079381,1501.5082748815287,1503.955322265625,7387584
2025-11-21,INFY.NS,1498.5718033380108,1518.6375916910017,1493.9714020948772,1512.2752685546875,9186302
2025-11-24,INFY.NS,1530.4813442936104,1551.4280945139647,1508.3600590826622,1515.2117919921875,19270381
2025-11-25,INFY.NS,1516.1905908718425,1517.7566773334454,1493.5798964672151,1498.1802978515625,8107952
2025-11-26,INFY.NS,1499.6485223505715,1527.251289037942,1499.6485223505715,1524.902099609375,7575038
2025-11-27,INFY.NS,1530.8728564928056,1540.954739594805,1519.3227449478784,1533.2220458984375,7552252
2025-11-28,INFY.NS,1531.8516566735827,1535.179665000364,1524.0211050739736,1527.055419921875,4453221
2025-12-01,INFY.NS,1529.4045743430058,1540.6609920101703,1523.042251313739,1530.872802734375,5341800
2025-12-02,INFY.NS,1533.8093151456649,1546.4361036663386,1523.1401645511503,1527.9364013671875,6335969
2025-12-03,INFY.NS,1522.1613705980963,1552.406900951154,1521.182551618934,1545.261474609375,12895312
2025-12-04,INFY.NS,1534.7880917871573,1565.1314788059085,1534.7880917871573,1563.7611083984375,12609619
2025-12-05,INFY.NS,1575.8985332981872,1597.2368345243183,1566.1103436503722,1581.9671630859375,10344725
2025-12-08,INFY.NS,1582.8481284293375,1595.4749170068917,1566.306063981828,1576.681640625,7550413
2025-12-09,INFY.NS,1567.2848235795727,1572.8641631737528,1548.883099378693,1565.1314697265625,6957599
2025-12-10,INFY.NS,1573.9408513587562,1573.9408513587562,1549.2746619298632,1551.2322998046875,5116140
2025-12-11,INFY.NS,1564.1527099609375,1573.3536321517727,1547.023378030827,1564.1527099609375,5159319
2025-12-12,INFY.NS,1567.4806809838458,1567.8722324584342,1549.0788370408115,1564.348388671875,4633912
2025-12-15,INFY.NS,1551.4280562362142,1576.6816332735752,1551.4280562362142,1572.766357421875,4190558
2025-12-16,INFY.NS,1566.1103574156468,1569.0468143358012,1552.0153403019585,1559.1607666015625,5499258
2025-12-17,INFY.NS,1553.5814245843821,1572.8642300238714,1552.4068896118622,1568.0679931640625,4817628
2025-12-18,INFY.NS,1576.3879761796316,1595.4749463972676,1572.6684162407605,1592.3427734375,6577293
2025-12-19,INFY.NS,1615.0513027562847,1619.847539612933,1595.2792073285575,1603.9906005859375,13149023
2025-12-22,INFY.NS,1628.7547583833573,1657.3362243784013,1628.7547583833573,1653.8125,23098923
2025-12-23,INFY.NS,1643.4370603643276,1643.4370603643276,1621.3157754082474,1632.9637451171875,6593060
2025-12-24,INFY.NS,1625.8182910699556,1632.2784723030877,1617.4983299175808,1628.16748046875,4271167
2025-12-26,INFY.NS,1628.167521100225,1633.453167508233,1616.7152673020842,1621.0220947265625,2006491
2025-12-29,INFY.NS,1622.8818655924697,1637.6620082639456,1602.4245250544589,1609.863525390625,4062817
2025-12-30,INFY.NS,1612.1148331917736,1612.9957941560388,1582.554548282334,1587.2528076171875,9395937
2025-12-31,INFY.NS,1586.6655664923117,1594.1045668429529,1575.1154547350545,1581.1842041015625,6538656
2026-01-01,INFY.NS,1581.184158007412,1604.8715288376811,1579.9116455766828,1595.2791748046875,3658165
2026-01-02,INFY.NS,1601.2499777187402,1608.6889779975038,1593.0278744696911,1605.6546630859375,2524526
2026-01-05,INFY.NS,1602.3265912739637,1602.3265912739637,1549.568226955718,1572.374755859375,5917885
2026-01-06,INFY.NS,1566.2081943610224,1585.5888575673962,1565.1315174017209,1578.0518798828125,4466729
2026-01-07,INFY.NS,1580.7926463324388,1607.2207586859843,1580.7926463324388,1604.2843017578125,4508079
2026-01-08,INFY.NS,1604.186403368615,1609.472049603195,1574.5281413468902,1579.128662109375,3942131
2026-01-09,INFY.NS,1575.898487352098,1596.747378487979,1572.9620305433675,1579.91162109375,6816681
2026-01-12,INFY.NS,1575.996349102621,1579.1286413969012,1558.867017677559,1562.09716796875,6985362
2026-01-13,INFY.NS,1583.7290294043642,1583.7290294043642,1552.7983751003353,1565.1314697265625,8080618
2026-01-14,INFY.NS,1554.3644397699236,1582.7501883551427,1549.5682031809922,1565.91455078125,7557157
2026-01-15,INFY.NS,1565.91455078125,1565.91455078125,1565.91455078125,1565.91455078125,0
2026-01-16,INFY.NS,1628.461030733189,1658.119292555676,1618.3792672921977,1654.00830078125,19335957
2026-01-19,INFY.NS,1649.309891747184,1649.309891747184,1631.201741600405,1645.59033203125,5104958
2026-01-20,INFY.NS,1637.5641409981627,1644.6115898062917,1617.889903547792,1623.7628173828125,6406503
2026-01-21,INFY.NS,1616.0301458476063,1621.9030597634667,1596.6494821313709,1619.358154296875,6224582
2026-01-22,INFY.NS,1630.712428320841,1635.8022392467942,1618.7708845027832,1628.265380859375,6228892
2026-01-23,INFY.NS,1631.8869227568262,1640.2068839190629,1626.9928279555104,1635.4107666015625,5869137
2026-01-27,INFY.NS,1650.0930280724322,1653.6167523834592,1625.9161283991023,1647.05859375,10673087
2026-01-28,INFY.NS,1644.4158380681818,1653.029492632909,1615.05126953125,1631.2017822265625,8588664
2026-01-29,INFY.NS,1622.8818691859371,1631.2018305177105,1607.318623503672,1624.35009765625,4749582
2026-01-30,INFY.NS,1619.9454090553113,1619.9454090553113,1583.8269648597889,1606.241943359375,9207926
2026-02-02,INFY.NS,1626.7970461591942,1626.7970461591942,1583.7290136495644,1594.8875732421875,6784887
2026-02-03,INFY.NS,1690.616056346825,1691.3991593070652,1617.9877374621406,1620.9241943359375,8805868
2026-02-04,INFY.NS,1540.66097646391,1551.3301265638145,1478.1144237257668,1503.2701416015625,28828622
2026-02-05,INFY.NS,1501.5082372972433,1518.1481590925844,1483.5958031001303,1488.00048828125,10628127
2026-02-06,INFY.NS,1489.86026239605,1492.6988611765453,1448.6520095352703,1475.177978515625,13900866
2026-02-09,INFY.NS,1489.8602864300617,1495.6353420798034,1461.376679139494,1465.4876708984375,8294615
2026-02-10,INFY.NS,1468.2284271414342,1483.7916723660803,1459.4190565785855,1466.0750732421875,8657000
2026-02-11,INFY.NS,1469.4029562852068,1474.003477029586,1437.885033967625,1440.7236328125,7934411
2026-02-12,INFY.NS,1398.6344233110094,1405.2903204885395,1351.259562174479,1356.64306640625,26048896
2026-02-13,INFY.NS,1266.493817560756,1348.1273389393946,1254.3564391221673,1340.1009521484375,45785709
2026-02-16,INFY.NS,1344.6035807140283,1346.854912154694,1309.953484521095,1336.6751708984375,14621891
2026-02-17,INFY.NS,1340.9819956812096,1400.6899531531467,1338.0455387563604,1361.73291015625,25347684
2026-02-18,INFY.NS,1361.4392729027982,1371.3253201935424,1316.805153615715,1344.603515625,20241373
2026-02-19,INFY.NS,1355.6643110050506,1372.3042339560152,1334.326009074035,1341.471435546875,14574228
2026-02-20,INFY.NS,1330.4106332686276,1336.0878308198503,1309.8554358713993,1324.5377197265625,12633552
2026-02-23,INFY.NS,1323.3632672728343,1323.3632672728343,1290.0834217940796,1299.3822021484375,12887826
2026-02-24,INFY.NS,1273.4434027288626,1275.988307999553,1237.3249610296912,1248.4835205078125,27839061
2026-02-25,INFY.NS,1258.9568742250233,1295.564726518415,1258.9568742250233,1262.7742919921875,16669618
2026-02-26,INFY.NS,1277.848187510079,1286.168148899459,1259.054910753846,1261.7955322265625,11493914
2026-02-27,INFY.NS,1298.207628321947,1306.723305439908,1266.7874442662774,1272.5625,23141724
2026-03-02,INFY.NS,1263.6552272829085,1271.290062662244,1246.0364867011174,1261.5997314453125,9700361
2026-03-04,INFY.NS,1264.6340504084835,1289.104523520103,1264.6340504084835,1279.7078857421875,15154950
2026-03-05,INFY.NS,1292.0410271405913,1292.0410271405913,1262.7743163409898,1278.141845703125,10362147
2026-03-06,INFY.NS,1275.4011212294208,1299.0884925711757,1275.4011212294208,1280.686767578125,8724291
2026-03-09,INFY.NS,1262.676497890922,1290.0834296280893,1255.3353554613236,1287.14697265625,10068514
2026-03-10,INFY.NS,1292.0410437407636,1293.0198627132945,1256.9014187299574,1268.1578369140625,9600171
2026-03-11,INFY.NS,1260.7188580118502,1271.975276386956,1244.3726286871142,1249.2667236328125,7868891
2026-03-12,INFY.NS,1245.5471752363726,1251.5179472285731,1231.3542997621664,1238.9891357421875,7599940
2026-03-13,INFY.NS,1224.5025045780033,1242.7085131232232,1216.280401513626,1221.8597412109375,7366098
2026-03-16,INFY.NS,1213.931245180508,1227.7326883178384,1198.2701415781937,1223.3280029296875,12314450
2026-03-17,INFY.NS,1218.6295738865974,1218.6295738865974,1189.3628638376754,1206.785888671875,11223276
2026-03-18,INFY.NS,1211.7778669014497,1263.459555545422,1208.7435520363658,1240.261474609375,12365381
2026-03-19,INFY.NS,1217.846529327881,1228.4178221249233,1189.3629208552388,1194.9422607421875,9156461
2026-03-20,INFY.NS,1215.6930991638783,1238.0102183433878,1203.1641691885866,1229.2987060546875,27299975
2026-03-23,INFY.NS,1211.9735596886824,1234.3885372371806,1201.4023868626336,1230.1796875,12420293
2026-03-24,INFY.NS,1242.1213008151199,1269.5282325903943,1224.5025589595862,1251.224365234375,13613495
2026-03-25,INFY.NS,1243.100095463166,1263.263742406015,1230.4733068170258,1252.00732421875,10824030
2026-03-27,INFY.NS,1257.9780904958054,1267.3748481809973,1236.444073189259,1242.806396484375,13092541
2026-03-30,INFY.NS,1223.5236944376795,1238.6953882487069,1216.6719617488286,1224.1109619140625,14108486
2026-04-01,INFY.NS,1262.6764804554484,1275.4011271577126,1242.610691424955,1248.6793212890625,8137156
2026-04-02,INFY.NS,1233.3119397486187,1277.7503462365091,1233.116223742555,1273.247802734375,12873492
2026-04-06,INFY.NS,1273.8350657038357,1292.041075138383,1271.4858762157266,1278.5333251953125,10208682
2026-04-07,INFY.NS,1274.4222980187042,1316.609371698259,1266.1023367797188,1311.0301513671875,15355792
2026-04-08,INFY.NS,1320.4267760360608,1347.7358488962445,1302.8080347694565,1317.68603515625,16030133
2026-04-09,INFY.NS,1301.7313192842819,1309.170319257509,1286.1680743957882,1303.395263671875,14894607
2026-04-10,INFY.NS,1290.0834192154255,1290.9643801968148,1256.1184483091881,1265.12353515625,19233369
2026-04-13,INFY.NS,1245.0577246851824,1261.6976471062894,1238.8911174058185,1249.756103515625,10366082
2026-04-15,INFY.NS,1278.631284802942,1294.4881045276459,1272.9540869097948,1277.6524658203125,12098912
2026-04-16,INFY.NS,1294.0965334739733,1302.808046184627,1281.2740288923192,1291.2579345703125,18527029
2026-04-17,INFY.NS,1285.1893342368037,1300.165312581974,1278.4354593069281,1290.7685546875,12064048
2026-04-20,INFY.NS,1292.0410136169874,1296.8372503675125,1280.3930442184933,1284.7977294921875,7172300
2026-04-21,INFY.NS,1282.2528368892558,1296.9351212811175,1271.7795218169556,1285.385009765625,10057440
2026-04-22,INFY.NS,1267.5705813427946,1270.2133447995752,1229.2987830540255,1241.729736328125,20088378
2026-04-23,INFY.NS,1227.438951608261,1238.891085420282,1200.0320212693207,1214.32275390625,14792854
2026-04-24,INFY.NS,1174.5826894228176,1197.9764852174349,1127.7950978335834,1130.144287109375,42078914
2026-04-27,INFY.NS,1130.1443119385692,1154.9084786451926,1130.04645394258,1145.5118408203125,19579883
2026-04-28,INFY.NS,1138.0727223885278,1144.6308809119316,1125.4460537763027,1127.697265625,12720276
2026-04-29,INFY.NS,1133.961747660014,1153.2444330805374,1132.2978032475876,1142.7711181640625,8303109
2026-04-30,INFY.NS,1142.7711514334947,1164.5988623339997,1135.0384576467616,1156.768310546875,12205669
2026-05-01,INFY.NS,1156.768310546875,1156.768310546875,1156.768310546875,1156.768310546875,0
2026-05-04,INFY.NS,1169.6886601132755,1169.6886601132755,1140.5198072387318,1143.652099609375,7735811
2026-05-05,INFY.NS,1144.728787187228,1160.0961972461241,1135.5278649580357,1153.1466064453125,8164108
2026-05-06,INFY.NS,1161.8580797644604,1166.2627649868193,1139.443102180398,1142.4774169921875,9856963
2026-05-07,INFY.NS,1148.1546369607545,1150.5038263553197,1134.6468875555572,1138.07275390625,12013987
2026-05-08,INFY.NS,1136.4088093734103,1158.4322359116547,1134.2554554613432,1154.2232666015625,7582770
2026-05-11,INFY.NS,1151.0911273032605,1161.8581361470833,1147.2737093616843,1152.0699462890625,7336288
2026-05-12,INFY.NS,1137.3876630949442,1137.3876630949442,1099.2137225952,1116.1473388671875,16891948
2026-05-13,INFY.NS,1112.5255790772605,1118.398492694932,1097.2560275682617,1099.3115234375,6664111
2026-05-14,INFY.NS,1096.0815207310736,1098.137016652994,1065.933848927119,1071.8067626953125,16914842
2026-05-15,INFY.NS,1078.658538900176,1109.1976439317652,1078.266987402901,1095.2984619140625,17482450
2026-05-18,INFY.NS,1095.2984136735845,1121.8243835304838,1094.319594715878,1118.3006591796875,12096377
2026-05-19,INFY.NS,1137.3876555901809,1173.0166903851343,1137.3876555901809,1171.5484619140625,32175705
2026-05-20,INFY.NS,1161.8580984968487,1181.3366195800531,1159.802602590221,1168.4161376953125,15121010
2026-05-21,INFY.NS,1170.7653346096859,1176.3446743746752,1152.0699163634372,1156.180908203125,10021033
2026-05-22,INFY.NS,1157.4533539662823,1166.5564175672662,1147.6651649263981,1149.622802734375,8803066
2026-05-25,INFY.NS,1157.9428754813864,1159.900513478819,1141.4008105061328,1143.75,5856136
2026-05-26,INFY.NS,1141.5965459846338,1155.6914427435413,1138.2685377836078,1142.966796875,8005767
2026-05-27,INFY.NS,1136.4088302961693,1142.5754376343073,1130.5359164445094,1135.3321533203125,6371871
2026-05-28,INFY.NS,1135.3321533203125,1135.3321533203125,1135.3321533203125,1135.3321533203125,0
2026-05-29,INFY.NS,1156.96396849116,1184.370898370815,1129.1654871448488,1136.3109130859375,69085430
2026-06-01,INFY.NS,1150.1122640819906,1191.222659904496,1148.8397516554953,1177.02978515625,19439331
2026-06-02,INFY.NS,1206.3943648530496,1251.811588367994,1206.3943648530496,1243.8831787109375,36032600
2026-06-03,INFY.NS,1215.7909483013548,1223.425783618914,1190.2437985614154,1196.7039794921875,18534303
2026-06-04,INFY.NS,1182.4132636253246,1189.4607121046952,1170.8631524946943,1175.855224609375,12755957
2026-06-05,INFY.NS,1194.159169493737,1197.8787294549086,1169.0035692089534,1172.1357421875,8692290
2026-06-08,INFY.NS,1152.559265415463,1175.26781631171,1151.5804465064052,1162.4453125,8631711
2026-06-09,INFY.NS,1168.3182691086097,1168.3182691086097,1142.5754025403635,1155.300048828125,10984054
2026-06-10,INFY.NS,1160.0999755859375,1171.4000244140625,1143.300048828125,1145.300048828125,8887626
2026-06-11,INFY.NS,1129.699951171875,1133.699951171875,1109.0,1114.5999755859375,9372176
2026-06-12,INFY.NS,1120.0,1123.300048828125,1111.5,1116.4000244140625,8075333
2026-06-15,INFY.NS,1130.0,1151.0,1123.0,1134.9000244140625,7856192
2026-06-16,INFY.NS,1136.9000244140625,1153.800048828125,1123.199951171875,1143.5999755859375,10456090
2026-06-17,INFY.NS,1149.0,1162.5,1148.0,1157.699951171875,5995119
2026-06-18,INFY.NS,1142.9000244140625,1142.9000244140625,1125.300048828125,1127.5,16781447
2026-06-19,INFY.NS,1062.300048828125,1066.0,1030.0,1051.4000244140625,45665442
2026-06-22,INFY.NS,1055.0,1080.300048828125,1055.0,1065.4000244140625,10178505
2026-06-23,INFY.NS,1053.800048828125,1055.300048828125,1026.0,1029.300048828125,19323064
2026-06-24,INFY.NS,1040.9000244140625,1065.5,1037.699951171875,1056.5999755859375,12346266
2026-06-25,INFY.NS,1065.0,1068.0,1039.0999755859375,1041.199951171875,15866779
2026-06-26,INFY.NS,1041.199951171875,1041.199951171875,1041.199951171875,1041.199951171875,0
2026-06-29,INFY.NS,1037.0999755859375,1046.5999755859375,1029.0999755859375,1036.699951171875,15080892
2026-06-30,INFY.NS,1030.0,1030.4000244140625,996.0,1000.4000244140625,24128263
2026-07-01,INFY.NS,1006.0,1014.0,982.4000244140625,985.2999877929688,13037982
2026-07-02,INFY.NS,1006.4000244140625,1045.0,1006.0,1040.9000244140625,18741111
2026-07-03,INFY.NS,1063.0,1068.699951171875,1042.0,1047.199951171875,11653534
2026-07-06,INFY.NS,1050.0999755859375,1053.0,1033.0,1042.199951171875,5559747
2026-07-07,INFY.NS,1040.5999755859375,1087.5,1040.5999755859375,1071.800048828125,18866296
2026-07-08,INFY.NS,1071.9000244140625,1079.699951171875,1064.4000244140625,1069.300048828125,13022221
2026-07-09,INFY.NS,1062.699951171875,1062.699951171875,1040.4000244140625,1050.800048828125,9003333
2026-07-10,INFY.NS,1075.0,1091.300048828125,1064.699951171875,1068.0,9747266
2026-07-13,INFY.NS,1057.0999755859375,1114.9000244140625,1057.0999755859375,1102.5999755859375,20994760
2026-07-14,INFY.NS,1107.800048828125,1113.5,1090.0,1092.9000244140625,14819413
2026-07-15,INFY.NS,1079.0,1088.0999755859375,1073.0,1076.300048828125,8501933
2026-07-16,INFY.NS,1082.5,1097.300048828125,1077.9000244140625,1082.4000244140625,8592146
2026-07-17,INFY.NS,1105.0,1116.800048828125,1092.0,1096.5,12547728
2026-07-20,INFY.NS,1102.0,1103.800048828125,1083.199951171875,1087.0999755859375,6372645
2026-07-21,INFY.NS,1080.0,1094.5,1067.199951171875,1073.5,9485229
2026-07-22,INFY.NS,1064.0,1069.300048828125,1046.199951171875,1052.0999755859375,7517203
2026-07-23,INFY.NS,1046.9000244140625,1058.5,1032.0,1047.4000244140625,13794578
2026-07-24,INFY.NS,1028.0,1043.4000244140625,1013.9000244140625,1040.9000244140625,29036900
2026-07-27,INFY.NS,1065.0,1082.0,1057.4000244140625,1079.199951171875,15956349
2026-07-28,INFY.NS,1097.0,1118.5,1097.0,1105.699951171875,28100895
2026-07-29,INFY.NS,1147.0,1164.5,1128.4000244140625,1155.5999755859375,34400369
2026-07-30,INFY.NS,1168.0,1187.699951171875,1151.300048828125,1155.0999755859375,22630218
2026-07-31,INFY.NS,1118.9000244140625,1139.300048828125,1107.199951171875,1130.0999755859375,14367075
2026-08-03,INFY.NS,1145.0999755859375,1180.0,1138.0999755859375,1180.0,8582270
2026-08-04,INFY.NS,1168.0,1175.699951171875,1153.300048828125,1167.5,9243589
2026-08-05,INFY.NS,1174.699951171875,1177.5,1162.300048828125,1174.0,9964155
2026-08-06,INFY.NS,1174.0999755859375,1185.800048828125,1163.0,1165.0,8521064
2026-08-07,INFY.NS,1160.0,1183.0,1155.5999755859375,1175.0999755859375,7581410
2026-08-10,INFY.NS,1178.0999755859375,1195.0,1175.199951171875,1183.0,9377001
2026-08-11,INFY.NS,1188.0,1193.5,1182.0,1190.699951171875,10160091
2026-08-12,INFY.NS,1185.5999755859375,1190.4000244140625,1163.300048828125,1176.0999755859375,7529777
2026-08-13,INFY.NS,1170.0,1175.0,1157.0,1175.0,6234215
2026-08-14,INFY.NS,1170.4000244140625,1174.0999755859375,1158.9000244140625,1169.199951171875,5844763
2026-08-17,INFY.NS,1163.9000244140625,1166.5,1129.699951171875,1139.9000244140625,5817153
2026-08-18,INFY.NS,1124.5,1131.9000244140625,1112.5,1115.0,8851110
2026-08-19,INFY.NS,1125.5999755859375,1134.699951171875,1113.800048828125,1119.800048828125,8408573
2026-08-20,INFY.NS,1143.0,1144.699951171875,1125.699951171875,1130.0,8559841
2026-08-21,INFY.NS,1133.0,1133.5,1118.0,1121.0,6094967
2026-08-24,INFY.NS,1126.5,1144.5,1122.0,1130.0,8565354
2026-08-25,INFY.NS,1132.0,1144.0,1119.9000244140625,1144.0,8121237
2026-08-26,INFY.NS,1142.0,1142.0,1118.300048828125,1120.0,6323984
2026-08-27,INFY.NS,1120.0,1130.699951171875,1107.199951171875,1110.800048828125,6933998
2026-08-28,INFY.NS,1123.5999755859375,1145.0,1123.300048828125,1144.0,9621969
2026-08-31,INFY.NS,1138.5999755859375,1143.9000244140625,1111.0999755859375,1133.800048828125,8808120
2026-09-01,INFY.NS,1128.0,1156.0,1125.5999755859375,1156.0,13516123
2026-09-02,INFY.NS,1137.699951171875,1147.800048828125,1118.5999755859375,1140.0,8564358
2026-09-03,INFY.NS,1144.0,1144.0,1122.5,1130.300048828125,5786250
2026-09-04,INFY.NS,1133.0,1146.699951171875,1125.4000244140625,1130.0,5881388
2026-09-07,INFY.NS,1109.5,1109.9000244140625,1085.0,1087.5,7668346
2026-09-08,INFY.NS,1095.0,1095.0,1078.9000244140625,1082.0,6269037
2026-09-09,INFY.NS,1059.0,1059.0,1026.5,1035.0,13530457
2026-09-10,INFY.NS,1039.5999755859375,1046.5999755859375,1027.300048828125,1036.5,8998529
2026-09-11,INFY.NS,1032.0,1047.300048828125,1029.699951171875,1037.699951171875,6168088
2026-09-14,INFY.NS,1037.699951171875,1037.699951171875,1037.699951171875,1037.699951171875,0
2026-09-15,INFY.NS,1085.0,1097.699951171875,1071.699951171875,1077.0,14816117
2026-09-16,INFY.NS,1082.5,1085.0999755859375,1053.5,1060.0,6230590
2026-09-17,INFY.NS,1054.9000244140625,1063.5999755859375,1048.5999755859375,1058.5999755859375,5469865
2026-09-18,INFY.NS,1061.9000244140625,1061.9000244140625,1038.0,1051.4000244140625,22124953
2026-09-21,INFY.NS,1041.5,1044.5,1030.300048828125,1038.5,6074358
2026-09-22,INFY.NS,1037.699951171875,1041.0,1019.2000122070312,1029.4000244140625,9341109
2026-09-23,INFY.NS,1021.7999877929688,1029.4000244140625,1015.0999755859375,1020.5,5108734
2026-09-24,INFY.NS,1015.0,1022.7999877929688,1005.2000122070312,1014.5,6891893
2026-09-25,INFY.NS,999.5,1004.2000122070312,991.5999755859375,1000.2000122070312,10240700
2024-01-01,HDFCBANK.NS,816.7768404269046,818.2849687904367,810.0740996496615,812.9945678710938,14239686
2024-01-02,HDFCBANK.NS,813.3297325444754,815.2448013204753,808.4941371304667,813.4733276367188,29242092
2024-01-03,HDFCBANK.NS,814.8617397029581,816.1543877106121,799.038461039413,800.9296264648438,28389762
2024-01-04,HDFCBANK.NS,803.3712912077103,811.4863711593532,799.8762675766435,809.5234375,26734056
2024-01-05,HDFCBANK.NS,807.7520737623003,816.2501913581319,798.6315354441177,805.3821411132812,31889470
2024-01-08,HDFCBANK.NS,803.6106815691105,805.453923454508,794.753489070434,796.4052124023438,17998470
2024-01-09,HDFCBANK.NS,798.1766851243468,803.2755670838737,788.4098233393704,790.2052001953125,25326888
2024-01-10,HDFCBANK.NS,786.6145023545687,794.7295829425168,785.8484865302768,792.8145141601562,16115824
2024-01-11,HDFCBANK.NS,794.7534993983096,796.1419358750667,786.6144575370016,789.487060546875,18314010
2024-01-12,HDFCBANK.NS,790.9233945544381,792.8384633063858,782.1140666068262,785.752685546875,19773552
2024-01-15,HDFCBANK.NS,788.8646717373587,804.7597774337735,786.9017379565865,800.8817749023438,28320356
2024-01-16,HDFCBANK.NS,800.9775061380469,806.0763883828079,793.8438633427261,803.9219360351562,25322500
2024-01-17,HDFCBANK.NS,751.6644868680132,764.4954709128732,731.7477834906084,736.1045532226562,170145236
2024-01-18,HDFCBANK.NS,715.2782083529884,725.3323197153799,708.5994291824192,711.5198974609375,161070930
2024-01-19,HDFCBANK.NS,720.9993837290294,723.058105901483,703.0217118745396,704.0989379882812,109600538
2024-01-23,HDFCBANK.NS,701.3939438294391,706.0379622645205,682.243255943311,683.3683471679688,115469402
2024-01-24,HDFCBANK.NS,660.8184204446432,698.2579916906107,660.8184204446432,697.0371704101562,86004404
2024-01-25,HDFCBANK.NS,695.409322831776,697.731331945695,679.5621410018516,686.9830322265625,98941852
2024-01-29,HDFCBANK.NS,693.2788688648152,700.3406850803747,692.2016426624417,696.438720703125,65645498
2024-01-30,HDFCBANK.NS,696.3908230536141,700.5321123941566,689.8556393766623,691.4834594726562,41728768
2024-01-31,HDFCBANK.NS,689.1854007024332,706.1576749666016,687.8927526091608,700.2210083007812,65761040
2024-02-01,HDFCBANK.NS,701.4178599181299,705.5112841214318,697.1089554241759,702.0402221679688,32690740
2024-02-02,HDFCBANK.NS,706.1816237651476,708.9824002114282,690.4062678183428,692.3692016601562,44867754
2024-02-05,HDFCBANK.NS,692.2972980120073,695.1220358820352,686.576053954148,691.7467041015625,38605046
2024-02-06,HDFCBANK.NS,692.0819428119112,694.0687799185687,685.8818725644124,691.3876953125,41075740
2024-02-07,HDFCBANK.NS,695.6487048996299,696.0317420167268,683.0332015338389,684.6130981445312,54837086
2024-02-08,HDFCBANK.NS,684.5653014988382,688.9220715355453,670.5134952051483,671.734375,69106124
2024-02-09,HDFCBANK.NS,666.515758652701,677.0725401801844,664.0500959229506,671.9976196289062,56642124
2024-02-12,HDFCBANK.NS,670.1065656569043,676.809306881893,662.3026364247897,665.4864501953125,34447812
2024-02-13,HDFCBANK.NS,666.4199643535106,672.3566891768745,662.7813454112104,667.6168823242188,57580994
2024-02-14,HDFCBANK.NS,658.7837177497752,666.2046099191948,652.8230890297091,662.6378173828125,91320810
2024-02-15,HDFCBANK.NS,663.0925826953933,677.6949825309235,662.7813723217212,677.0007934570312,41584944
2024-02-16,HDFCBANK.NS,681.7165823442695,683.5358625170894,674.3195945311911,679.801513671875,32175742
2024-02-19,HDFCBANK.NS,684.1583399970523,684.1583399970523,677.5513291516161,678.4609985351562,34451756
2024-02-20,HDFCBANK.NS,677.4555450204665,697.6834579371554,675.9235134549672,696.2711181640625,56133508
2024-02-21,HDFCBANK.NS,700.9151754054046,700.9151754054046,687.0309267122648,689.017822265625,45893136
2024-02-22,HDFCBANK.NS,678.7721678686664,684.0625685726841,676.1149866485335,679.6339721679688,50560882
2024-02-23,HDFCBANK.NS,681.0702276813848,686.5042231059118,678.8918137873462,680.1365966796875,29833452
2024-02-26,HDFCBANK.NS,676.7612881739165,686.9589927989332,676.7612881739165,680.9505004882812,23506870
2024-02-27,HDFCBANK.NS,676.7613520010825,683.0570934898373,676.5219684176848,679.9212036132812,32087150
2024-02-28,HDFCBANK.NS,679.9212837827165,681.8602559709077,672.1891814386264,674.7745361328125,25321986
2024-02-29,HDFCBANK.NS,671.2794957514693,675.2532869853846,668.9814482015562,671.9019165039062,53295700
2024-03-01,HDFCBANK.NS,670.2740040188712,685.9536280414555,670.2740040188712,684.99609375,34738898
2024-03-04,HDFCBANK.NS,685.0918449690896,687.9884096675396,681.9080901062357,685.9296875,35616474
2024-03-05,HDFCBANK.NS,680.8069758120575,690.8610872691976,680.6394189764245,689.8317260742188,37991672
2024-03-06,HDFCBANK.NS,686.3367475409569,695.576919496979,686.3367475409569,690.6695556640625,42409530
2024-03-07,HDFCBANK.NS,692.0579662212759,694.7151474764962,690.0950324505662,692.34521484375,49348046
2024-03-11,HDFCBANK.NS,684.6370656855901,692.2733788101641,681.2856954339823,683.5838012695312,50531094
2024-03-12,HDFCBANK.NS,686.5521430195154,700.9151585638567,684.2779988916614,698.78466796875,65418454
2024-03-13,HDFCBANK.NS,701.6332902428926,704.5537583020961,694.2602641088363,699.1915893554688,63067454
2024-03-14,HDFCBANK.NS,700.0054686474973,701.8726723020275,691.4834480743144,696.8216552734375,52432158
2024-03-15,HDFCBANK.NS,694.2123954494871,698.6649535010525,690.5019498876019,695.4811401367188,143613804
2024-03-18,HDFCBANK.NS,692.7760944963727,697.0849990233024,687.4139255734966,692.3212890625,21437856
2024-03-19,HDFCBANK.NS,687.2702704859524,695.3614473234808,687.2702704859524,693.9011840820312,36183594
2024-03-20,HDFCBANK.NS,693.7575794231888,695.0023623556473,682.0756489825828,685.1397705078125,43606094
2024-03-21,HDFCBANK.NS,690.6695449843953,694.8108929167894,688.6108811083764,692.1776733398438,28922860
2024-03-22,HDFCBANK.NS,689.9034770136652,694.5714568199686,688.3474837448974,690.7891845703125,45980326
2024-03-26,HDFCBANK.NS,683.2964992802526,688.4432464905726,680.8787600753138,682.4347534179688,56844290
2024-03-27,HDFCBANK.NS,681.5490768981103,693.2309499256703,680.4478889511747,689.7598876953125,62168668
2024-03-28,HDFCBANK.NS,689.75981165874,699.2394246339555,689.75981165874,693.2069702148438,55592142
2024-04-01,HDFCBANK.NS,698.0425707036562,705.6071157662267,696.8935177463561,704.0271606445312,25199570
2024-04-02,HDFCBANK.NS,701.4657698820595,715.685132245699,700.5561005197442,708.6472778320312,41225446
2024-04-03,HDFCBANK.NS,704.793175292623,716.0681660997278,704.4580616337976,709.6766357421875,45584386
2024-04-04,HDFCBANK.NS,720.0658521240722,732.5137990357915,720.0658521240722,731.36474609375,88935066
2024-04-05,HDFCBANK.NS,736.8227616793371,744.2436536910523,732.5856834129139,741.873779296875,59055902
2024-04-08,HDFCBANK.NS,744.4590593119542,745.5602472863112,738.0436253706997,740.4613647460938,20482940
2024-04-09,HDFCBANK.NS,744.4111567395224,744.4111567395224,737.4451291623751,741.3949584960938,21884494
2024-04-10,HDFCBANK.NS,742.041335404094,742.041335404094,733.9261958559255,735.5540161132812,27807400
2024-04-12,HDFCBANK.NS,728.2048847735614,732.4419626511461,724.5901691674342,727.223388671875,41084208
2024-04-15,HDFCBANK.NS,716.9778144689066,722.9384424882777,714.3445949763995,715.61328125,23415248
2024-04-16,HDFCBANK.NS,711.9267762534682,724.3268575486865,709.6526322136539,722.579345703125,20744886
2024-04-18,HDFCBANK.NS,722.8427124294902,727.1755203466597,713.8658277959437,715.61328125,34234884
2024-04-19,HDFCBANK.NS,711.7113392004461,734.8836227985638,708.6950827400411,733.1361694335938,34576434
2024-04-22,HDFCBANK.NS,745.6320734709891,745.6320734709891,722.124614867159,723.9917602539062,42298438
2024-04-23,HDFCBANK.NS,730.7424105369589,730.838140600938,719.7068030516607,721.7894287109375,26827060
2024-04-24,HDFCBANK.NS,725.3323355684494,728.5640142912791,722.4836939974829,723.7523803710938,22441580
2024-04-25,HDFCBANK.NS,721.1430939897369,727.5824894434112,721.1430939897369,723.2975463867188,35445204
2024-04-26,HDFCBANK.NS,727.6304456461381,731.5563134799157,720.8080127488288,722.8427734375,24854694
2024-04-29,HDFCBANK.NS,725.3322898363435,734.6442882658492,721.2867304749565,732.2744140625,36093350
2024-04-30,HDFCBANK.NS,732.1307565147657,737.0620819015442,725.2844208297038,727.7739868164062,52307382
2024-05-02,HDFCBANK.NS,728.6837005042626,735.8652087221101,727.8937229116466,733.591064453125,33475006
2024-05-03,HDFCBANK.NS,734.0697907360874,737.5887178779653,721.5978821158841,727.5346069335938,31865242
2024-05-06,HDFCBANK.NS,728.6836626849343,734.6682525558684,726.361653503664,728.994873046875,28793396
2024-05-07,HDFCBANK.NS,728.6597013791286,729.6651592326485,720.1376804638342,721.09521484375,28480602
2024-05-08,HDFCBANK.NS,716.211807311795,716.6905745370962,708.7430502857517,709.84423828125,41687862
2024-05-09,HDFCBANK.NS,706.1576388307392,711.8071150125822,691.9622384959757,693.0155029296875,46281278
2024-05-10,HDFCBANK.NS,698.3538309269745,704.6385064038308,692.4331341667237,697.8200073242188,27276608
2024-05-13,HDFCBANK.NS,694.956710818051,708.4482125597933,694.1317160729689,706.2400512695312,27047202
2024-05-14,HDFCBANK.NS,704.7841569928967,711.2144479759614,703.8378359787137,709.0062866210938,25665142
2024-05-15,HDFCBANK.NS,708.3995858863757,708.3995858863757,696.8008453990276,698.1111450195312,38931996
2024-05-16,HDFCBANK.NS,701.7752582341244,709.782790041372,696.655267230535,708.6665649414062,34945236
2024-05-17,HDFCBANK.NS,701.848002597153,712.4276743183018,701.848002597153,710.5349731445312,20920190
2024-05-21,HDFCBANK.NS,703.7407019802051,713.2526672307866,703.7407019802051,707.962890625,43769978
2024-05-22,HDFCBANK.NS,707.5018325662894,711.2629460513618,702.7943980944078,708.156982421875,39996278
2024-05-23,HDFCBANK.NS,707.8900706969359,725.8463536828482,707.1135946322969,724.3661499023438,40861920
2024-05-24,HDFCBANK.NS,721.8911533778286,737.6150464828621,721.1631959122375,736.3046875,31060206
2024-05-27,HDFCBANK.NS,739.2893258205864,749.7961904344879,737.2025499615863,741.400390625,29385440
2024-05-28,HDFCBANK.NS,742.5651435020584,745.4527436990592,739.9930626339711,742.75927734375,27908904
2024-05-29,HDFCBANK.NS,736.6929693394153,739.5319916615282,728.5641108173895,731.9855346679688,35147706
2024-05-30,HDFCBANK.NS,727.569210732381,739.4106642295702,726.8170235494816,735.1642456054688,33755350
2024-05-31,HDFCBANK.NS,737.1782587165238,745.4284433104547,734.751733835956,743.2688598632812,74079588
2024-06-03,HDFCBANK.NS,776.0026570209221,776.0026570209221,752.2227131847588,762.9964599609375,72637256
2024-06-04,HDFCBANK.NS,755.6198511271432,756.5904610836327,705.6334383679294,719.7800903320312,89531240
2024-06-05,HDFCBANK.NS,725.0699500696824,756.8816568854197,719.3918460943981,753.0963134765625,81631650
2024-06-06,HDFCBANK.NS,759.4537972959696,759.7206794979887,750.5726922052945,756.93017578125,46422870
2024-06-07,HDFCBANK.NS,757.585349822155,768.8929201187634,753.2176050765474,763.5545654296875,36712216
2024-06-10,HDFCBANK.NS,763.8700759254958,767.0973660487972,755.9110620154896,757.7067260742188,22454058
2024-06-11,HDFCBANK.NS,755.1345658211561,762.4141406844706,753.2903831592504,759.4052734375,29545326
2024-06-12,HDFCBANK.NS,764.3553684919713,770.8099486335476,760.1817573757736,763.94287109375,39280436
2024-06-13,HDFCBANK.NS,767.6311179466796,769.5480488358222,763.8700045190919,767.1458129882812,24120192
2024-06-14,HDFCBANK.NS,768.7231350719568,776.0027102146836,765.6656898154778,774.9835815429688,25540554
2024-06-18,HDFCBANK.NS,774.983540294414,781.5836762242601,771.3679826211641,780.2733764648438,32415714
2024-06-19,HDFCBANK.NS,782.9910236928816,810.4107535609992,778.4291452824868,804.5628051757812,90131196
2024-06-20,HDFCBANK.NS,810.3622215983705,816.0159768197282,801.7237698729426,810.143798828125,41408742
2024-06-21,HDFCBANK.NS,811.8423818466847,811.8423818466847,797.4288483846301,808.396728515625,51630776
2024-06-24,HDFCBANK.NS,799.2972656586157,812.9343231272944,798.6906344612428,811.6240234375,28544994
2024-06-25,HDFCBANK.NS,810.9931467609703,833.2443684249017,810.9931467609703,830.5266723632812,74521548
2024-06-26,HDFCBANK.NS,828.8765922572081,830.3082774504516,820.699215435536,825.7463989257812,47596666
2024-06-27,HDFCBANK.NS,823.1257354693937,831.3274011881083,818.5153383232833,823.1500244140625,55074650
2024-06-28,HDFCBANK.NS,823.8536668700472,828.2214113967111,814.8270066965403,817.156494140625,26476046
2024-07-01,HDFCBANK.NS,815.3123910533884,828.5612411045389,815.3123910533884,827.5420532226562,21187024
2024-07-02,HDFCBANK.NS,832.2980286836319,841.9556094944659,826.353042764463,839.8687744140625,45921690
2024-07-03,HDFCBANK.NS,869.1812101031826,870.6371250279785,856.3934358619908,858.3346557617188,123217802
2024-07-04,HDFCBANK.NS,854.0154497500956,854.0154497500956,837.0782938778042,838.1945190429688,45848658
2024-07-05,HDFCBANK.NS,817.7388187080663,817.7388187080663,796.9677437114144,799.8310546875,82242548
2024-07-08,HDFCBANK.NS,798.4723137874327,803.1554594894733,789.6640164804963,793.6434936523438,39087800
2024-07-09,HDFCBANK.NS,788.6205312494033,799.1516248009418,786.363851419409,794.2015380859375,48550878
2024-07-10,HDFCBANK.NS,791.0228924563764,795.9002315965357,786.5581099756618,789.1544799804688,45507182
2024-07-11,HDFCBANK.NS,788.1109895551602,789.0330808548738,776.973264088155,787.1161499023438,44177074
2024-07-12,HDFCBANK.NS,787.1647047300575,795.1237185250396,781.899157363576,787.50439453125,56049960
2024-07-15,HDFCBANK.NS,787.8926346206944,790.9500796896383,783.8645795922547,787.2131958007812,33375694
2024-07-16,HDFCBANK.NS,786.5580588939988,789.5912150674294,784.6411278889234,786.07275390625,28950324
2024-07-18,HDFCBANK.NS,780.3704345530638,788.1110255525017,776.0754971813087,783.6705322265625,33717064
2024-07-19,HDFCBANK.NS,784.2528302190582,787.649965003423,778.1865181041212,780.0307006835938,26002152
2024-07-22,HDFCBANK.NS,784.7381297391379,801.2384985771903,782.6270649860646,797.1376953125,53744822
2024-07-23,HDFCBANK.NS,799.5642547535156,799.6855810002239,778.9145038672318,785.4176025390625,52002152
2024-07-24,HDFCBANK.NS,780.4432298173384,786.6793870769927,770.6886113878456,778.4534912109375,61728206
2024-07-25,HDFCBANK.NS,773.0908809941293,788.6206413154175,773.0908809941293,784.5440673828125,25535732
2024-07-26,HDFCBANK.NS,778.9144923179402,787.0433507268658,774.7651110455088,785.2962646484375,43810540
2024-07-29,HDFCBANK.NS,783.7675425920842,791.9449196556922,775.6629731237323,778.9387817382812,51001148
2024-07-30,HDFCBANK.NS,777.4585786816452,793.3523167913979,776.0026637402938,784.0344848632812,54595834
2024-07-31,HDFCBANK.NS,783.2822470366172,790.0279981871195,780.9527594083772,784.1315307617188,37820484
2024-08-01,HDFCBANK.NS,787.6014491725216,800.7774909815698,785.1991540216145,795.3178100585938,26215174
2024-08-02,HDFCBANK.NS,791.5323792943032,810.7019249608421,791.5323792943032,805.1937255859375,44119238
2024-08-05,HDFCBANK.NS,795.9486953170099,798.8120065813332,776.9732822215763,784.1315307617188,41333634
2024-08-06,HDFCBANK.NS,791.0471196604719,792.4787456590307,773.2364505401089,777.0703125,45116050
2024-08-07,HDFCBANK.NS,784.7381567736204,791.0471215466921,777.5556193354371,787.8926391601562,42346264
2024-08-08,HDFCBANK.NS,788.1352699911228,802.3547292854007,785.8300713873926,797.21044921875,33976950
2024-08-09,HDFCBANK.NS,801.7237923493824,806.8437833638833,798.7149252998082,800.8502197265625,26644618
2024-08-12,HDFCBANK.NS,801.7238266679481,813.3468572381819,799.4671466635041,805.65478515625,39316196
2024-08-13,HDFCBANK.NS,790.0765423217451,792.2118961762867,777.0461148817201,778.0409545898438,54055042
2024-08-14,HDFCBANK.NS,779.6424562895212,783.1366284755188,778.0409261468292,780.2733764648438,32334428
2024-08-16,HDFCBANK.NS,790.319198015761,793.0611831331643,781.8263604564881,792.0662841796875,27849246
2024-08-19,HDFCBANK.NS,794.759726022084,794.759726022084,787.9896858897818,791.7993774414062,19502164
2024-08-20,HDFCBANK.NS,789.8095595425733,798.8119905444514,789.8095595425733,794.783935546875,31134494
2024-08-21,HDFCBANK.NS,790.1250771140934,793.255329982036,785.126471042094,789.0089111328125,47630904
2024-08-22,HDFCBANK.NS,792.0177904024437,795.0752357163401,790.0765703279278,791.6781005859375,21300638
2024-08-23,HDFCBANK.NS,792.9883534236101,792.9883534236101,787.6499985352013,788.6448974609375,20333422
2024-08-26,HDFCBANK.NS,792.1147410094821,799.7582942162704,792.1147410094821,795.8758544921875,22364266
2024-08-27,HDFCBANK.NS,797.550212512406,799.4914324239653,792.1147612152419,794.8082275390625,35773244
2024-08-28,HDFCBANK.NS,794.8081358287445,795.7787456725287,791.14405997193,794.49267578125,26921188
2024-08-29,HDFCBANK.NS,796.8707505966252,798.035494358065,791.6052035874162,795.1964721679688,49052604
2024-08-30,HDFCBANK.NS,803.6650036895526,806.5768334130655,786.7521378937474,794.3956909179688,445342100
2024-09-02,HDFCBANK.NS,799.200245545704,799.200245545704,787.747000900005,789.56689453125,34049680
2024-09-03,HDFCBANK.NS,792.9883149182248,795.8758557711201,788.4264363868309,794.6140747070312,37282860
2024-09-04,HDFCBANK.NS,795.4148040993854,798.2295964742419,792.0176694876126,796.773681640625,24682744
2024-09-05,HDFCBANK.NS,798.8119853769339,800.7046866194709,796.8707654853739,798.5450439453125,22876318
2024-09-06,HDFCBANK.NS,795.0751309568867,799.6612390821284,793.0368146024134,794.419921875,26029602
2024-09-09,HDFCBANK.NS,794.9295342541234,800.0252363967779,791.0956131747174,799.0546264648438,23792914
2024-09-10,HDFCBANK.NS,802.6943484628727,802.6943484628727,794.9294696385643,800.9229736328125,26606646
2024-09-11,HDFCBANK.NS,800.9473289635273,801.9664575454252,795.5118777911906,797.7928466796875,22226684
2024-09-12,HDFCBANK.NS,802.6944342572692,810.4593139115112,799.32158835399,808.8092651367188,32424046
2024-09-13,HDFCBANK.NS,812.400503038587,812.400503038587,804.1746076631325,808.4937744140625,23860532
2024-09-16,HDFCBANK.NS,809.0033572167779,814.2446744093743,807.5717313009576,810.9202880859375,15172820
2024-09-17,HDFCBANK.NS,814.3417351276187,814.3417351276187,807.6202731787942,809.876953125,20127122
2024-09-18,HDFCBANK.NS,811.3570886275262,824.4846115422112,810.9931099061356,822.494873046875,40917342
2024-09-19,HDFCBANK.NS,824.6301946967953,834.2392569551141,824.6059649927001,829.1435546875,30651776
2024-09-20,HDFCBANK.NS,833.0259912779876,846.8328941482245,828.6825354394553,845.0130004882812,60623386
2024-09-23,HDFCBANK.NS,848.7984163669939,857.2184459846895,844.5519977602407,854.0397338867188,26965350
2024-09-24,HDFCBANK.NS,856.5633141386422,864.6436541344489,851.3462854547951,858.0435180664062,33039036
2024-09-25,HDFCBANK.NS,854.2095613390953,867.7252930088929,854.2095613390953,863.4060668945312,31965312
2024-09-26,HDFCBANK.NS,860.4700264333525,867.7253122548344,858.0435015109396,865.5171508789062,31899644
2024-09-27,HDFCBANK.NS,862.3869272945984,862.9692695590985,849.2836931713828,850.5697631835938,35613502
2024-09-30,HDFCBANK.NS,848.7013681367213,849.987378933711,836.8599148404105,840.572509765625,26383534
2024-10-01,HDFCBANK.NS,836.6658121791694,845.4013020975134,834.773110848595,837.7334594726562,24572284
2024-10-03,HDFCBANK.NS,832.613483062025,837.7091852435565,812.0850591484665,816.282958984375,48473398
2024-10-04,HDFCBANK.NS,812.6431358067093,820.4808225688465,802.2090794198211,804.4657592773438,48683232
2024-10-07,HDFCBANK.NS,801.8209097089745,805.1210074565657,782.7969771111757,785.12646484375,94458296
2024-10-08,HDFCBANK.NS,791.0470635179641,804.0532597925816,787.1646239424159,801.2627563476562,29734406
2024-10-09,HDFCBANK.NS,800.510591541895,804.0290527657074,790.4162239204929,792.5758666992188,41125642
2024-10-10,HDFCBANK.NS,795.4147877416559,808.2510795642027,792.2603056670246,806.7709350585938,21754766
2024-10-11,HDFCBANK.NS,807.7658537028776,807.7658537028776,797.4774117796152,801.238525390625,23672594
2024-10-14,HDFCBANK.NS,803.689297804442,821.1602762579215,802.6943989459767,819.2432861328125,18527508
2024-10-15,HDFCBANK.NS,822.1065938917583,824.0478137120458,813.1284522229286,817.3020629882812,19651130
2024-10-16,HDFCBANK.NS,815.3608435545054,828.8765747113987,815.3608435545054,824.92138671875,20470682
2024-10-17,HDFCBANK.NS,822.5675882717809,823.8779471608134,808.1297662380588,811.9879760742188,14695732
2024-10-18,HDFCBANK.NS,807.1106759435778,820.6506963237373,802.7429312558701,816.2101440429688,24809724
2024-10-21,HDFCBANK.NS,832.2980010606213,848.3858722296796,830.3810701774502,838.9466552734375,46548354
2024-10-22,HDFCBANK.NS,839.6018778313584,844.4306385333365,830.2111793718472,832.0796508789062,38875280
2024-10-23,HDFCBANK.NS,827.4692671141377,847.5851345291038,827.4692671141377,842.3923950195312,38036090
2024-10-24,HDFCBANK.NS,843.5085346118838,858.3346247570413,843.5085346118838,849.1138305664062,30832258
2024-10-25,HDFCBANK.NS,851.7102142266036,853.0933215296461,838.9466699408074,846.0806884765625,26130478
2024-10-28,HDFCBANK.NS,845.4012471416386,849.7689918168825,839.043763962605,841.6158447265625,22012142
2024-10-29,HDFCBANK.NS,837.7092042477628,856.0779859182065,837.1996103215174,850.1815185546875,35794926
2024-10-30,HDFCBANK.NS,845.4012662208864,851.5889046504595,836.7628139716957,841.8099975585938,32715724
2024-10-31,HDFCBANK.NS,838.6069864702176,843.8968224808245,834.4333755848933,842.3438110351562,22895912
2024-11-01,HDFCBANK.NS,841.0335262277963,846.4203996311912,837.6849100339031,843.120361328125,1759692
2024-11-04,HDFCBANK.NS,846.8571409139798,846.8571409139798,830.3082539054162,831.8612060546875,28089248
2024-11-05,HDFCBANK.NS,826.4743572133567,855.447039991069,823.999313734677,853.0933227539062,44232406
2024-11-06,HDFCBANK.NS,859.7178102794018,859.7178102794018,847.0270726401069,851.8316040039062,27787910
2024-11-07,HDFCBANK.NS,846.5174998307751,854.5977803501312,843.4600547619757,847.6094360351562,18895456
2024-11-08,HDFCBANK.NS,850.2543248355499,855.0103373353861,847.2696873607207,851.4432983398438,19902986
2024-11-11,HDFCBANK.NS,851.4918803256005,865.2017460745226,849.8660612419557,857.1942138671875,24565362
2024-11-12,HDFCBANK.NS,859.9603824917264,861.4162973605047,829.2163253609564,833.8509521484375,31395406
2024-11-13,HDFCBANK.NS,833.1473377113161,839.2864576545572,811.9152444974701,815.967529296875,35728500
2024-11-14,HDFCBANK.NS,811.9637453515568,827.3721783747438,811.4784403744485,821.5,27146470
2024-11-18,HDFCBANK.NS,825.0184258091194,834.190701332557,822.5919010273279,827.4934692382812,27081968
2024-11-19,HDFCBANK.NS,831.8127176211167,851.1035901563789,826.3287477699067,845.5225830078125,50981272
2024-11-21,HDFCBANK.NS,848.9925368361551,853.6514527573436,841.6158656563873,845.0130004882812,35716512
2024-11-22,HDFCBANK.NS,846.1535367827626,851.370565411524,839.3592669406547,847.1483764648438,24773612
2024-11-25,HDFCBANK.NS,866.293664684976,875.2718066744363,856.5147576427843,866.560546875,427737274
2024-11-26,HDFCBANK.NS,878.4019987795361,878.4019987795361,858.8927626136716,866.5363159179688,30935566
2024-11-27,HDFCBANK.NS,868.6474059809165,881.9690041453489,866.3422072982357,879.5182495117188,32714976
2024-11-28,HDFCBANK.NS,882.7697308653094,891.0684339141281,867.725276958314,870.224609375,35722392
2024-11-29,HDFCBANK.NS,874.1799313606635,875.7814023363161,865.2503073983569,871.632080078125,27669536
2024-12-02,HDFCBANK.NS,875.2475527258944,877.5042327860683,861.4163604593637,875.8298950195312,15110876
2024-12-03,HDFCBANK.NS,884.565415610868,891.6994347831544,881.3624144018961,886.3125610351562,43410242
2024-12-04,HDFCBANK.NS,891.9905313310416,905.0937654692016,888.6662041479593,902.7157592773438,44669084
2024-12-05,HDFCBANK.NS,902.6671991983368,912.3490091706271,890.6316128458285,905.4577026367188,39682714
2024-12-06,HDFCBANK.NS,901.2113107944992,904.7054828102569,894.9023463139778,900.6531982421875,17783156
2024-12-09,HDFCBANK.NS,899.5855395249345,912.3733132102273,897.3288596413352,907.520263671875,26947912
2024-12-10,HDFCBANK.NS,911.2570600965298,911.2570600965298,901.963517909446,906.59814453125,13325480
2024-12-11,HDFCBANK.NS,903.492253077643,908.4423993938311,901.0900171351183,904.1716918945312,14045426
2024-12-12,HDFCBANK.NS,898.2994568437374,906.8651010060448,897.183231769173,902.30322265625,17293790
2024-12-13,HDFCBANK.NS,903.8804969466607,909.9468090067054,887.7441068669418,908.3695678710938,19009002
2024-12-16,HDFCBANK.NS,905.1422772502634,907.4959944793276,900.3620351992098,905.1907958984375,13107082
2024-12-17,HDFCBANK.NS,900.8958970749953,903.8077269850552,886.4095551207139,889.6853637695312,21079532
2024-12-18,HDFCBANK.NS,888.0353013877913,891.0199388482123,877.0189020931173,878.74169921875,23422312
2024-12-19,HDFCBANK.NS,873.3548187057529,874.0827761662058,863.3575480971324,870.3944702148438,25380770
2024-12-20,HDFCBANK.NS,864.9105130352275,872.3599918831414,857.5581899695972,859.7177734375,25692348
2024-12-23,HDFCBANK.NS,864.8135067920166,876.4608267488114,864.4738169898098,874.0343017578125,11044592
2024-12-24,HDFCBANK.NS,874.5438211790217,877.7710517489787,868.4775092184595,872.6268310546875,14485834
2024-12-26,HDFCBANK.NS,872.8452779528201,879.3726061062491,864.2068257857081,869.0598754882812,10481678
2024-12-27,HDFCBANK.NS,871.0253675774094,876.4364704987394,868.2590937552997,872.6996459960938,7259330
2024-12-30,HDFCBANK.NS,869.7635560951499,880.8285332674382,859.4751142791366,862.82373046875,22222218
2024-12-31,HDFCBANK.NS,859.1354326463724,864.7164399349241,856.8544636879918,860.3729248046875,14117236
2025-01-01,HDFCBANK.NS,860.6640693133434,870.637110073425,854.6705648241472,865.1774291992188,7313806
2025-01-02,HDFCBANK.NS,862.4354683380634,875.2232427161829,860.4457297678027,870.5158081054688,18558576
2025-01-03,HDFCBANK.NS,869.181218624921,871.2437647886038,847.4881097293069,848.8954467773438,24426194
2025-01-06,HDFCBANK.NS,844.4791507386858,852.7778537230372,827.8332261221516,830.1141357421875,18816348
2025-01-07,HDFCBANK.NS,832.2980215119891,835.209851324859,825.0184469798143,831.5215454101562,13527906
2025-01-08,HDFCBANK.NS,829.0221775951162,830.6722262669281,816.9380725391129,822.252197265625,19738190
2025-01-09,HDFCBANK.NS,817.3263871062876,819.6801043914131,804.6841687860751,809.3916625976562,40420222
2025-01-10,HDFCBANK.NS,810.9445873725031,812.8372885629307,802.6944030605147,804.0289916992188,17453280
2025-01-13,HDFCBANK.NS,795.9002084068898,799.1760171914914,788.2809435229427,791.4596557617188,21669066
2025-01-14,HDFCBANK.NS,795.8515690343077,803.7620038731537,794.4441728846588,799.1030883789062,26661432
2025-01-15,HDFCBANK.NS,803.9076378434971,806.9165047926833,794.1045016943054,797.3803100585938,14022892
2025-01-16,HDFCBANK.NS,802.1363163454865,805.873200199019,797.2832665938832,801.7481079101562,21212454
2025-01-17,HDFCBANK.NS,797.5986843852027,800.9958190311999,790.3191101437801,794.3228759765625,23112076
2025-01-20,HDFCBANK.NS,789.1058522041777,806.0672365854673,789.1058522041777,801.3598022460938,17557618
2025-01-21,HDFCBANK.NS,804.756952160241,806.115829748555,792.5272908307279,797.0648803710938,31158144
2025-01-22,HDFCBANK.NS,797.0648841596673,811.3813805875693,788.8389294808721,808.5423583984375,30619306
2025-01-23,HDFCBANK.NS,818.7094808723397,818.7094808723397,801.359828269384,807.9842529296875,34909158
2025-01-24,HDFCBANK.NS,805.6062147090801,810.604879376396,798.0839880054712,800.6561279296875,24236200
2025-01-27,HDFCBANK.NS,796.433983923838,797.6472463633178,789.1058906376462,790.9500732421875,22804166
2025-01-28,HDFCBANK.NS,799.2972941154203,817.3991933860295,799.2972941154203,810.6534423828125,30179312
2025-01-29,HDFCBANK.NS,812.8857890816031,815.8704263644069,809.9011517987993,814.0020141601562,12619890
2025-01-30,HDFCBANK.NS,815.7976693049923,823.9993352943973,811.696865930955,820.8933715820312,25744846
2025-01-31,HDFCBANK.NS,818.830797136207,827.2993450265934,817.2292670650723,824.4118041992188,15821686
2025-02-01,HDFCBANK.NS,823.8051750140157,831.3274019434516,813.3954072501344,820.6264038085938,5587528
2025-02-03,HDFCBANK.NS,810.4592960980566,818.6124432523412,807.2805248629369,814.3417358398438,20276540
2025-02-04,HDFCBANK.NS,819.534460691003,837.5393220656948,815.3366201880791,835.1613159179688,28616502
2025-02-05,HDFCBANK.NS,841.0335494558958,846.4689416589049,834.1907609306318,843.363037109375,23675506
2025-02-06,HDFCBANK.NS,842.2467875560731,848.7984047453597,836.6657803207547,846.299072265625,26760716
2025-02-07,HDFCBANK.NS,849.2837426225924,857.5339275509261,837.1511177279839,840.9122314453125,23509600
2025-02-10,HDFCBANK.NS,833.4142336911924,836.3988118099606,829.1435263354559,832.6619873046875,17195950
2025-02-11,HDFCBANK.NS,826.4743520691721,830.3567917735487,819.5344674010676,825.6978759765625,22724704
2025-02-12,HDFCBANK.NS,821.6213102303759,830.8421046157138,815.8946879155817,828.3185424804688,22809570
2025-02-13,HDFCBANK.NS,824.5331418355402,831.9340426083429,821.8882534526111,823.9022216796875,12602434
2025-02-14,HDFCBANK.NS,825.9405276867242,825.9405276867242,815.3123371576534,822.5191040039062,19959892
2025-02-17,HDFCBANK.NS,817.8359099627821,834.7245465784594,815.918979031997,833.4384765625,12938946
2025-02-18,HDFCBANK.NS,831.3516624481879,840.329803960056,828.003046468469,836.2047119140625,16350910
2025-02-19,HDFCBANK.NS,833.2686021535318,843.4114874933574,831.0604409265417,838.2186889648438,11884112
2025-02-20,HDFCBANK.NS,830.3567961314325,832.152400807599,817.8844822121968,818.7579956054688,26390510
2025-02-21,HDFCBANK.NS,815.74907568617,822.567574466393,813.977700828203,821.3786010742188,15680940
2025-02-24,HDFCBANK.NS,815.8461881773111,817.3506217636291,806.1400885993494,813.9049682617188,20693646
2025-02-25,HDFCBANK.NS,810.9930781817751,819.1947435645432,810.9930781817751,816.4527587890625,24138708
2025-02-27,HDFCBANK.NS,816.5498559350805,830.235431637752,816.5498559350805,825.3580932617188,35786800
2025-02-28,HDFCBANK.NS,817.7388430279666,843.0960267361039,817.7388430279666,840.7423095703125,54516728
2025-03-03,HDFCBANK.NS,844.3336059197142,845.9108470636534,822.1551333662954,825.7706909179688,21205364
2025-03-04,HDFCBANK.NS,824.04786119963,831.9583561196923,821.7426625301964,829.8715209960938,19920958
2025-03-05,HDFCBANK.NS,825.9647760106438,830.2597724194886,819.316121569752,820.1654052734375,21583872
2025-03-06,HDFCBANK.NS,818.7094845214233,824.9699304836942,811.5512362127743,820.7477416992188,32966088
2025-03-07,HDFCBANK.NS,816.2829914666041,825.576593853863,814.1476376668198,819.8014526367188,13372914
2025-03-10,HDFCBANK.NS,819.6801059027778,824.969941998729,816.7925649870414,818.9521484375,15604050
2025-03-11,HDFCBANK.NS,816.4770728267864,822.1065984888339,810.4835684463997,817.9815063476562,19898430
2025-03-12,HDFCBANK.NS,820.9176607269924,833.9966062113717,820.9176607269924,830.4296264648438,18784106
2025-03-13,HDFCBANK.NS,832.8076029783965,835.1128015457978,825.0427235934661,828.221435546875,15736264
2025-03-17,HDFCBANK.NS,827.4450150114936,836.6658099001849,827.4450150114936,830.065673828125,18950652
2025-03-18,HDFCBANK.NS,830.065673828125,830.065673828125,830.065673828125,830.065673828125,0
2025-03-19,HDFCBANK.NS,842.004146653194,849.7690263917825,840.6452690024086,846.42041015625,15221406
2025-03-20,HDFCBANK.NS,851.2249302948321,860.9310298420936,848.9440205977578,858.3831787109375,17833978
2025-03-21,HDFCBANK.NS,851.9771897387066,860.9795616616999,851.9771897387066,859.15966796875,33508264
2025-03-24,HDFCBANK.NS,863.3575457763671,875.6843039218336,860.7611760226637,873.5489501953125,17393736
2025-03-25,HDFCBANK.NS,875.9269782864857,894.7567761384419,874.2769294910811,883.958740234375,39101416
2025-03-26,HDFCBANK.NS,885.681575218163,886.8948376499686,874.5195608455505,876.7277221679688,24478442
2025-03-27,HDFCBANK.NS,873.548970937254,893.4464752752693,872.6268796196651,885.8514404296875,41658100
2025-03-28,HDFCBANK.NS,887.6227647317345,891.0198994245295,876.3879431494396,887.2344970703125,28773648
2025-04-01,HDFCBANK.NS,874.5195261060333,878.3534470865061,856.7330877140463,857.9463500976562,28511006
2025-04-02,HDFCBANK.NS,859.3294691298255,873.16066049231,859.3294691298255,872.0444946289062,11573564
2025-04-03,HDFCBANK.NS,864.3767387506249,875.4902352930214,862.3870000641348,871.0496826171875,11250038
2025-04-04,HDFCBANK.NS,879.8579280746396,893.9074835384829,878.9358367650708,881.9447631835938,33540454
2025-04-07,HDFCBANK.NS,855.4956105111871,863.7700245665659,843.5570610557007,853.0205078125,37995450
2025-04-08,HDFCBANK.NS,856.5633039940931,864.8134887917699,849.4293443655757,858.5773315429688,35563872
2025-04-09,HDFCBANK.NS,856.5632934570312,861.4163432783175,850.982286162552,856.5632934570312,22454608
2025-04-11,HDFCBANK.NS,861.2950087869681,882.9638878798253,861.2950087869681,876.8247680664062,32775766
2025-04-15,HDFCBANK.NS,905.0937456982635,910.8203678930464,900.240696123474,905.0452270507812,49298344
2025-04-16,HDFCBANK.NS,914.2175024102767,914.2175024102767,902.9098732067754,911.4027099609375,19136820
2025-04-17,HDFCBANK.NS,913.3439239431574,931.6398970227459,910.7717839889756,925.3309326171875,35703084
2025-04-21,HDFCBANK.NS,933.726706667588,946.6843248983055,926.9324374922522,935.2311401367188,34247298
2025-04-22,HDFCBANK.NS,939.0651467003056,956.3419923313835,939.0651467003056,952.0227661132812,45961750
2025-04-23,HDFCBANK.NS,960.3699954066212,960.3699954066212,932.0281739470523,933.67822265625,30570642
2025-04-24,HDFCBANK.NS,926.9324466168475,933.6781972127433,924.5544405338061,930.2325439453125,25931754
2025-04-25,HDFCBANK.NS,934.1150265036636,938.094503546439,918.099962552793,927.5148315429688,18500878
2025-04-28,HDFCBANK.NS,927.5148236825167,936.4929655182809,926.156005327847,931.882568359375,13920492
2025-04-29,HDFCBANK.NS,931.2031470797607,936.0561965032714,922.17642775897,926.35009765625,18918308
2025-04-30,HDFCBANK.NS,928.3883766867898,939.9871769317172,927.0780770079656,934.2120361328125,31936870
2025-05-02,HDFCBANK.NS,936.5415014593009,942.4136794135693,931.7854893276606,932.7075805664062,17840404
2025-05-05,HDFCBANK.NS,941.0063068714467,947.3152712805899,937.754787372496,939.9386596679688,15068024
2025-05-06,HDFCBANK.NS,936.638567281111,941.5401354999643,933.8723527219415,937.4635620117188,17490156
2025-05-07,HDFCBANK.NS,938.5798247058746,945.7137841650697,932.9502988258117,944.2093505859375,21420778
2025-05-08,HDFCBANK.NS,948.6741890736062,948.6741890736062,931.348765916796,935.91064453125,34803430
2025-05-09,HDFCBANK.NS,926.9809824392288,931.3002083857921,915.6734125356725,917.0807495117188,17188796
2025-05-12,HDFCBANK.NS,930.6208021509265,951.149226156264,928.0487213449755,949.8388671875,18618972
2025-05-13,HDFCBANK.NS,946.3446699698328,952.0227142931207,931.7855212010662,933.0473022460938,24242102
2025-05-14,HDFCBANK.NS,932.8047011833116,936.7356597192896,923.5353878045329,927.2236938476562,15445308
2025-05-15,HDFCBANK.NS,928.6310129632633,943.8210814498384,920.6234813646776,938.4827270507812,32241458
2025-05-16,HDFCBANK.NS,938.4827675522878,943.3358172154161,935.8621088859327,938.9194946289062,15868010
2025-05-19,HDFCBANK.NS,940.0357230243618,943.9181627683963,937.1238932163359,940.8607177734375,10202964
2025-05-20,HDFCBANK.NS,935.7164876572758,938.8709699179398,928.3883945615378,929.3104858398438,23879090
2025-05-21,HDFCBANK.NS,935.1826696209016,944.8402502940019,932.3193584728106,935.0856323242188,15132040
2025-05-22,HDFCBANK.NS,929.4560306672615,933.8237752836327,924.6029810935157,931.7369995117188,21306670
2025-05-23,HDFCBANK.NS,931.8340640363383,940.0357299039,929.1163680438908,938.3856811523438,9566072
2025-05-26,HDFCBANK.NS,939.0651219212037,946.2961778607493,935.13416349166,941.5886840820312,10802860
2025-05-27,HDFCBANK.NS,937.415037254252,945.3740503477449,929.989907003196,934.8429565429688,26162148
2025-05-28,HDFCBANK.NS,931.8825397952628,938.8224242656362,930.6692774222134,933.4840698242188,18157594
2025-05-29,HDFCBANK.NS,935.6679454442282,941.8798725130029,925.6221566559584,935.42529296875,28917794
2025-05-30,HDFCBANK.NS,937.560664423884,945.7623300992254,934.406182182701,943.86962890625,28748078
2025-06-02,HDFCBANK.NS,936.6871049098005,939.5504160632175,925.9618769879231,937.65771484375,14668822
2025-06-03,HDFCBANK.NS,940.5210428582492,947.3153125176999,931.7855532960983,934.0179443359375,24377584
2025-06-04,HDFCBANK.NS,932.2708380103269,943.0931624292062,932.2223193620798,942.073974609375,12961542
2025-06-05,HDFCBANK.NS,945.3740366284826,950.6638723983343,941.5886343458625,946.1505126953125,22255418
2025-06-06,HDFCBANK.NS,943.4328899516395,968.8143643397722,942.8019697752012,960.27294921875,30127008
2025-06-09,HDFCBANK.NS,968.1833931080394,968.1833931080394,958.9140802403333,960.3699951171875,13202588
2025-06-10,HDFCBANK.NS,962.2627345803987,962.2627345803987,951.7315810074685,953.7698974609375,15533126
2025-06-11,HDFCBANK.NS,954.8860400853163,954.8860400853163,944.8887696252715,946.538818359375,11096394
2025-06-12,HDFCBANK.NS,946.3447246989118,951.6830795561876,939.2107650861756,943.1417236328125,16349130
2025-06-13,HDFCBANK.NS,931.7855323379068,938.0944968797781,928.3883975845915,930.6207885742188,12117762
2025-06-16,HDFCBANK.NS,933.7267280054107,940.957783641244,931.8340268436207,939.2592163085938,16513746
2025-06-17,HDFCBANK.NS,940.0357266330969,942.268117646221,931.3487558242051,936.4444580078125,16978736
2025-06-18,HDFCBANK.NS,930.329645039179,939.6960548333931,930.329645039179,938.5313110351562,18433816
2025-06-19,HDFCBANK.NS,938.5312545811619,944.7917002839463,934.5031997999406,939.210693359375,16876220
2025-06-20,HDFCBANK.NS,937.415115265286,956.0023202459611,937.415115265286,953.4786987304688,32900408
2025-06-23,HDFCBANK.NS,945.5681762695312,950.1785732937573,942.3651754483343,945.5681762695312,11739518
2025-06-24,HDFCBANK.NS,953.6242600004867,960.4185295373859,949.0623814631601,951.634521484375,22625322
2025-06-25,HDFCBANK.NS,954.1096083800328,961.8744882040819,953.0904797513926,961.0009155273438,18405932
2025-06-26,HDFCBANK.NS,961.5833031108746,983.7617170900772,960.9038642878594,981.1896362304688,50084830
2025-06-27,HDFCBANK.NS,987.666092322087,991.0024945345428,978.0494846238399,988.5983276367188,28213384
2025-06-30,HDFCBANK.NS,986.9301202198938,988.0586250503452,979.0798184930638,982.023681640625,13649020
2025-07-01,HDFCBANK.NS,983.740927917604,989.138010315157,983.250284063281,987.2244873046875,14389386
2025-07-02,HDFCBANK.NS,991.0515399227539,991.0515399227539,970.4444979040134,974.418701171875,18878250
2025-07-03,HDFCBANK.NS,978.7854199779471,985.2128423794024,973.584607191008,974.9583740234375,16860506
2025-07-04,HDFCBANK.NS,974.9583893832662,983.0049605598704,971.4748300017685,976.037841796875,7863944
2025-07-07,HDFCBANK.NS,975.8906089947405,980.5026731224453,973.3392849545877,975.1055908203125,11349426
2025-07-08,HDFCBANK.NS,970.0028875050783,983.740915249207,970.0028875050783,981.974609375,15224316
2025-07-09,HDFCBANK.NS,984.7222177139129,988.058619887602,980.3554754225707,986.7828979492188,13861428
2025-07-10,HDFCBANK.NS,989.1379844829171,989.6286283244265,981.2876830187669,984.3296508789062,17030310
2025-07-11,HDFCBANK.NS,980.3063919997392,983.6427940678678,971.9163943170895,973.2901611328125,12516922
2025-07-14,HDFCBANK.NS,972.94677734375,975.7434233970494,966.8627814826074,972.94677734375,13088850
2025-07-15,HDFCBANK.NS,968.0403470063502,983.0540373178538,968.0403470063502,979.079833984375,14498168
2025-07-16,HDFCBANK.NS,990.1192987637652,992.4253009235872,977.6569328760377,979.4723510742188,17994612
2025-07-17,HDFCBANK.NS,983.2502884954769,983.6428275379242,972.7995503940688,974.8602905273438,22529158
2025-07-18,HDFCBANK.NS,974.8602851924708,979.8157761377424,958.2274465683581,960.3862915039062,16129446
2025-07-21,HDFCBANK.NS,970.5916382285527,982.2689857931025,969.7575676423911,981.5330200195312,22309078
2025-07-22,HDFCBANK.NS,987.7151032772119,990.1192700741381,982.7596124670459,984.771240234375,14836814
2025-07-23,HDFCBANK.NS,986.6848008986999,995.9089294093236,982.7596500249109,993.2103881835938,13634916
2025-07-24,HDFCBANK.NS,999.7849522880986,999.7849522880986,985.4091233743482,988.2548217773438,19107176
2025-07-25,HDFCBANK.NS,991.1076548914018,991.1076548914018,983.237817433207,985.9922485351562,9306598
2025-07-28,HDFCBANK.NS,985.205265864704,994.2555908496133,983.9756037755068,987.9105224609375,12059580
2025-07-29,HDFCBANK.NS,983.6804999207345,996.7640925817828,981.9097985152405,994.3539428710938,19895696
2025-07-30,HDFCBANK.NS,997.5018784172968,999.764444634085,992.091365270063,996.4197998046875,15154036
2025-07-31,HDFCBANK.NS,990.9108782036614,999.1742313953042,987.664582321978,992.6815795898438,22183032
2025-08-01,HDFCBANK.NS,990.6157884442932,997.6494796779898,988.3040477115343,989.7304077148438,11317258
2025-08-04,HDFCBANK.NS,988.6974801605747,992.8291567300697,977.8764539291843,979.7947387695312,13933946
2025-08-05,HDFCBANK.NS,977.0894619202779,980.975205994727,966.7603007320947,972.7118530273438,23978058
2025-08-06,HDFCBANK.NS,969.5147509914575,977.8272785976125,968.9737116887809,976.499267578125,14080204
2025-08-07,HDFCBANK.NS,973.9415460716062,984.5166400056098,972.3184281442016,981.4671020507812,13081186
2025-08-08,HDFCBANK.NS,977.3846207407715,980.1882863803764,968.9737439061473,970.8920288085938,13895264
2025-08-11,HDFCBANK.NS,971.8757166821836,982.5491593344192,970.4984711596596,981.5654296875,9105854
2025-08-12,HDFCBANK.NS,979.7455870293594,981.7622208654035,967.7440729221851,968.924560546875,12937802
2025-08-13,HDFCBANK.NS,980.7784409396806,980.7784409396806,968.5309950398891,974.0399169921875,13577396
2025-08-14,HDFCBANK.NS,972.908633518138,981.7622004561191,969.5639286580633,979.35205078125,17511716
2025-08-18,HDFCBANK.NS,988.6483131467888,996.8132573563983,981.5654475516468,985.5003662109375,19284796
2025-08-19,HDFCBANK.NS,982.8935135816985,986.7300232295675,977.1878335213248,979.35205078125,12352438
2025-08-20,HDFCBANK.NS,977.3354453835109,979.7947696044055,973.4005266300795,977.9256591796875,9950228
2025-08-21,HDFCBANK.NS,982.5000176251586,982.5000176251586,975.4663263982883,979.4012451171875,12439850
2025-08-22,HDFCBANK.NS,978.7618310909676,981.7621945267439,962.6286407512459,966.317626953125,19833502
2025-08-25,HDFCBANK.NS,964.1534314319724,972.6135426708398,962.5794879672083,966.0717163085938,17518044
2025-08-26,HDFCBANK.NS,963.5632270654481,969.6623631247153,952.2503356808104,957.5625,16917731
2025-08-28,HDFCBANK.NS,951.2665723546679,956.3819785474136,939.4618165446824,942.2162475585938,25438255
2025-08-29,HDFCBANK.NS,938.4781016808785,947.6267755693488,934.6415319653455,936.1171264648438,14823813
2025-09-01,HDFCBANK.NS,934.1496321868741,941.8719458039564,930.9525108908947,935.1333618164062,20178344
2025-09-02,HDFCBANK.NS,935.5269334024698,939.2650942089082,928.6408255856272,929.1326904296875,14196320
2025-09-03,HDFCBANK.NS,929.6245191670979,940.740652202688,924.7058709175366,938.9207763671875,16083481
2025-09-04,HDFCBANK.NS,944.5772033181551,949.9877162864987,940.6914592688354,945.610107421875,17597657
2025-09-05,HDFCBANK.NS,951.7584261964354,951.7584261964354,938.5272505370174,947.7251586914062,11602111
2025-09-08,HDFCBANK.NS,953.2340258485783,957.3165278914954,944.823149393627,950.2828369140625,11711307
2025-09-09,HDFCBANK.NS,958.1526998830964,958.5462157684692,947.0365666053971,949.4467163085938,13985539
2025-09-10,HDFCBANK.NS,958.0543466125587,958.0543466125587,946.0528326679372,950.1845092773438,18091100
2025-09-11,HDFCBANK.NS,944.6755555766032,953.4799478098324,944.2820997482355,952.0535278320312,15113633
2025-09-12,HDFCBANK.NS,954.1194397337725,954.9555859441327,946.5938836721522,951.5617065429688,14363519
2025-09-15,HDFCBANK.NS,953.824233432933,956.5294899386951,949.2991011128589,951.3157348632812,14486377
2025-09-16,HDFCBANK.NS,945.560981879392,953.5783427584718,945.560981879392,951.1190185546875,18661794
2025-09-17,HDFCBANK.NS,949.4467082101403,958.5462075924,948.6596764461077,950.7747192382812,17361476
2025-09-18,HDFCBANK.NS,957.4640913046234,963.7108108355188,953.4799980850369,961.0055541992188,17791598
2025-09-19,HDFCBANK.NS,959.0380500102757,960.8087513537787,946.4462625851606,951.168212890625,31243267
2025-09-22,HDFCBANK.NS,948.315388056543,955.3982535857159,946.298754270858,948.5121459960938,10854415
2025-09-23,HDFCBANK.NS,951.2665762064279,952.447063800625,939.9536851760515,941.6260375976562,21022298
2025-09-24,HDFCBANK.NS,936.7074240016012,940.8882751893465,927.6570988338277,935.5761108398438,15117220
2025-09-25,HDFCBANK.NS,937.0024763946197,942.4129893816753,931.9854792780051,934.3955688476562,31413279
2025-09-26,HDFCBANK.NS,929.7228805294212,935.9695999150294,925.9847198182591,929.6737060546875,14874656
2025-09-29,HDFCBANK.NS,930.6574059019287,941.232499440892,923.8204729543667,934.8382568359375,32398179
2025-09-30,HDFCBANK.NS,942.4621986714628,944.3804835370663,930.9033750448373,935.5269165039062,28296687
2025-10-01,HDFCBANK.NS,937.1992488555558,953.8242439027433,930.6082481971154,949.5450439453125,25350832
2025-10-03,HDFCBANK.NS,936.5106471136629,951.0206597658967,936.5106471136629,949.4467163085938,26658296
2025-10-06,HDFCBANK.NS,956.0868643620497,961.4973774003239,946.3479168763192,957.6116333007812,18542683
2025-10-07,HDFCBANK.NS,958.1527020714059,973.7447933808842,955.201513050652,966.514404296875,25535736
2025-10-08,HDFCBANK.NS,960.1201629857547,969.8591107869768,958.6937429483099,962.7762451171875,15939710
2025-10-09,HDFCBANK.NS,958.6445364195181,963.0713198098597,954.3653364923583,961.2022094726562,15370950
2025-10-10,HDFCBANK.NS,963.0713193511867,970.1541847807785,962.1859386567031,964.9404296875,13757080
2025-10-13,HDFCBANK.NS,958.4477997344204,965.0388004923793,956.1852335153851,961.1038818359375,18634254
2025-10-14,HDFCBANK.NS,954.2177737318785,964.4977607253469,951.2665847409552,961.25146484375,22934382
2025-10-15,HDFCBANK.NS,959.1364356766506,968.8753835018975,957.5132576917447,962.3335571289062,23310447
2025-10-16,HDFCBANK.NS,966.6619807603523,980.384961573746,965.5306676270898,978.1715698242188,22936566
2025-10-17,HDFCBANK.NS,977.7781081157631,992.5832274986775,969.9574453059425,986.2381591796875,25210511
2025-10-20,HDFCBANK.NS,980.7784494751901,1003.4042311581684,980.7784494751901,986.6316528320312,22195202
2025-10-21,HDFCBANK.NS,989.6320299074079,993.5669485153896,987.664570603417,991.3043823242188,3471600
2025-10-23,HDFCBANK.NS,999.4693402098319,1003.8961237048558,989.6320435542233,992.386474609375,43526526
2025-10-24,HDFCBANK.NS,994.5506701933195,995.4852253636408,975.1711841959709,978.5650634765625,17707768
2025-10-27,HDFCBANK.NS,980.286584655995,992.6323796093756,979.9914777728962,986.6316528320312,15700796
2025-10-28,HDFCBANK.NS,981.4178939740924,991.5994716753507,978.8109864255694,987.2218627929688,33904289
2025-10-29,HDFCBANK.NS,988.5499498614066,996.0262711888014,983.729650556841,991.451904296875,17769445
2025-10-30,HDFCBANK.NS,983.7296659041476,993.0750977302371,980.8768258561881,981.9097900390625,19962917
2025-10-31,HDFCBANK.NS,977.8272677237645,988.1072545286754,965.1863657946757,971.2362670898438,23221330
2025-11-03,HDFCBANK.NS,968.9737116887809,978.3683179002891,967.3013592642496,976.499267578125,16607180
2025-11-04,HDFCBANK.NS,970.9411924643373,980.7784892471573,967.6948965344255,969.2196655273438,20024544
2025-11-06,HDFCBANK.NS,965.0388182096445,974.9252895070431,958.1527104344483,968.6294555664062,22279516
2025-11-07,HDFCBANK.NS,964.0550607577244,968.8753600783504,958.8904800750938,966.317626953125,15004568
2025-11-10,HDFCBANK.NS,966.3176552483678,974.8269410200376,964.2518469316628,968.4818725585938,15988262
2025-11-11,HDFCBANK.NS,967.4981021987119,977.3353986115102,962.0875891716729,975.564697265625,10200530
2025-11-12,HDFCBANK.NS,982.549186657653,982.7459446009269,971.629811290036,973.4005126953125,13137263
2025-11-13,HDFCBANK.NS,967.990016129637,973.9907432290495,966.6127705451346,970.596923828125,14124839
2025-11-14,HDFCBANK.NS,960.169315545859,975.5155341538173,960.169315545859,973.4988403320312,21386965
2025-11-17,HDFCBANK.NS,975.121999344663,981.7129998984626,969.5639028977658,980.3357543945312,18396408
2025-11-18,HDFCBANK.NS,981.4178963551165,982.7459073482096,973.8923406153428,976.302490234375,20002640
2025-11-19,HDFCBANK.NS,973.8923481205824,980.3357652840727,967.9899702531849,978.41748046875,19813847
2025-11-20,HDFCBANK.NS,979.106143718625,995.1409255797437,976.3025381325072,992.4356689453125,19850865
2025-11-21,HDFCBANK.NS,986.7792242744008,991.8946306513916,980.3358068377918,981.8114013671875,17499897
2025-11-24,HDFCBANK.NS,983.7296398293618,994.9933562138265,977.4337461176169,982.8934936523438,32204053
2025-11-25,HDFCBANK.NS,987.6645910314578,989.7303993265384,972.3184321597589,973.6956176757812,24989383
2025-11-26,HDFCBANK.NS,965.3338969506472,990.566586579224,965.3338969506472,987.5662231445312,19494356
2025-11-27,HDFCBANK.NS,985.7954498771661,1000.2562876177888,984.7133712881919,993.0750732421875,25536848
2025-11-28,HDFCBANK.NS,990.615779865885,995.583602701878,987.8613487922537,991.2059936523438,15988807
2025-12-01,HDFCBANK.NS,1000.9449320171519,1000.9449320171519,983.0410401436599,985.7954711914062,16746566
2025-12-02,HDFCBANK.NS,971.9249162739843,978.2208101938114,968.9737272569581,973.6956176757812,27316662
2025-12-03,HDFCBANK.NS,969.957416921422,985.9921979107919,969.957416921422,984.2214965820312,15448777
2025-12-04,HDFCBANK.NS,983.7296507402166,988.3531921071142,976.8435431850351,980.9752197265625,14528169
2025-12-05,HDFCBANK.NS,975.8598190407668,991.5994935414243,974.0891176678615,986.9759521484375,12843366
2025-12-08,HDFCBANK.NS,983.7296369469886,990.1238795871441,981.2703128546212,986.7791748046875,12901022
2025-12-09,HDFCBANK.NS,978.7126738119038,986.4841021884776,977.82729309106,980.8768310546875,15294322
2025-12-10,HDFCBANK.NS,981.2703481612342,982.2540778335763,969.2688341502419,973.6956176757812,15322830
2025-12-11,HDFCBANK.NS,973.892376646044,986.3857555063869,972.4167821359742,984.0247802734375,11844809
2025-12-12,HDFCBANK.NS,986.6808557305643,988.3532081724247,981.9589653386773,985.2052612304688,11988618
2025-12-15,HDFCBANK.NS,975.8597989154725,985.5003373398883,975.8597989154725,979.89306640625,9790060
2025-12-16,HDFCBANK.NS,973.9906989646398,982.4508099496376,973.9906989646398,978.1223754882812,20049088
2025-12-17,HDFCBANK.NS,979.7947462128429,979.7947462128429,964.8420432983647,967.989990234375,19080922
2025-12-18,HDFCBANK.NS,957.464054962666,971.334679033018,957.464054962666,963.7599487304688,14912404
2025-12-19,HDFCBANK.NS,970.9411706561548,971.9249003123414,962.7762265182249,969.465576171875,25952384
2025-12-22,HDFCBANK.NS,971.9249286743926,976.745228147207,967.8916609831689,971.6298217773438,13540411
2025-12-23,HDFCBANK.NS,974.3842218605324,982.647574967353,971.6297908389565,980.3849487304688,17927849
2025-12-24,HDFCBANK.NS,976.8435431850351,983.1394369666097,976.8435431850351,980.9752197265625,13699996
2025-12-26,HDFCBANK.NS,979.7947606844748,980.9752483081762,971.6298163538564,975.9581909179688,9360853
2025-12-29,HDFCBANK.NS,976.9418827381613,981.1719682293385,971.1379138798658,975.564697265625,13545749
2025-12-30,HDFCBANK.NS,974.0891482066822,978.8110386964976,966.219310709625,974.7777709960938,33155849
2025-12-31,HDFCBANK.NS,974.8761180311038,981.3687099365719,971.531413084593,975.0728759765625,10963454
2026-01-01,HDFCBANK.NS,977.3354223369146,981.3195154723957,973.4005036762727,975.023681640625,7132074
2026-01-02,HDFCBANK.NS,975.0236621058955,986.8775923251652,972.7118614138294,985.3035888671875,11751459
2026-01-05,HDFCBANK.NS,989.3861276768052,990.0255759869466,960.4152765333309,961.5957641601562,27647379
2026-01-06,HDFCBANK.NS,947.0365425575541,950.9714611429873,940.445541918535,946.544677734375,31988783
2026-01-07,HDFCBANK.NS,940.4455758755977,940.8882662408619,930.6082790568153,933.608642578125,52884712
2026-01-08,HDFCBANK.NS,929.3294156929511,937.4943598087852,926.083119844739,931.296875,21928849
2026-01-09,HDFCBANK.NS,929.6245460388378,935.1334082207486,918.1148967937476,923.72216796875,38183839
2026-01-12,HDFCBANK.NS,922.246544668881,926.6733280832916,914.4750564356341,921.7055053710938,21071666
2026-01-13,HDFCBANK.NS,932.2806373194226,932.2806373194226,917.4262830054705,922.0989990234375,32042827
2026-01-14,HDFCBANK.NS,914.8685971701506,924.7550683892156,905.2280583696796,910.3926391601562,36688248
2026-01-15,HDFCBANK.NS,910.3926391601562,910.3926391601562,910.3926391601562,910.3926391601562,0
2026-01-16,HDFCBANK.NS,906.9987674975428,920.7218085803552,904.2443363942556,915.95068359375,37780235
2026-01-19,HDFCBANK.NS,920.6726328615482,920.9185652819042,904.5394420693568,912.8027954101562,38191942
2026-01-20,HDFCBANK.NS,914.1799618930222,919.2953681382725,904.637772173591,916.049072265625,36022727
2026-01-21,HDFCBANK.NS,909.9499161549952,916.9836070913005,900.6044845836736,905.3755493164062,32766854
2026-01-22,HDFCBANK.NS,912.9011151422527,913.1962220288154,898.3419283315923,903.75244140625,44444755
2026-01-23,HDFCBANK.NS,905.0312717738813,911.0319985807623,894.4561781091321,901.1947021484375,30985247
2026-01-27,HDFCBANK.NS,891.2590997657288,916.0490999795524,890.2753700750383,911.3272094726562,44753093
2026-01-28,HDFCBANK.NS,917.3279002643548,926.1322926560076,913.2946327089841,917.524658203125,35347138
2026-01-29,HDFCBANK.NS,914.9669494914904,924.0172745375145,909.310503842987,920.2791137695312,37175628
2026-01-30,HDFCBANK.NS,914.8685955943554,923.6238136980638,912.6552038308206,914.1307983398438,29691233
2026-02-02,HDFCBANK.NS,900.1126164754811,914.6718030723491,894.5053455447564,912.9994506835938,28032106
2026-02-03,HDFCBANK.NS,967.7440559401642,977.8272849855383,929.6245315003357,933.2643432617188,50336968
2026-02-04,HDFCBANK.NS,937.0024986247718,941.62604002273,932.5265406922532,937.5927124023438,24366770
2026-02-05,HDFCBANK.NS,940.4455315704454,940.4947060438036,931.2968579683982,934.248046875,28103169
2026-02-06,HDFCBANK.NS,929.6245335781572,932.674071523322,922.3449100391202,925.7879638671875,18120272
2026-02-09,HDFCBANK.NS,929.6245151050697,934.5431633331389,920.1315000080592,922.0006103515625,23947829
2026-02-10,HDFCBANK.NS,914.868578036692,925.5912552799808,914.8194035624206,917.2295532226562,31525385
2026-02-11,HDFCBANK.NS,916.098249190927,920.7709650928405,910.2450456843219,912.0157470703125,24869804
2026-02-12,HDFCBANK.NS,911.9174149760892,913.4913584500406,903.5557126812706,905.6215209960938,33872203
2026-02-13,HDFCBANK.NS,898.1451529282086,913.097855324917,886.3403973585059,889.1932373046875,50188359
2026-02-16,HDFCBANK.NS,889.1932346170704,914.3766890728148,887.4224732532938,910.7368774414062,18806989
2026-02-17,HDFCBANK.NS,907.9824677389611,912.9994649414832,903.6540332583628,910.6385498046875,22599629
2026-02-18,HDFCBANK.NS,908.1792516728873,910.4418179261975,904.5886143276533,909.6548461914062,12738702
2026-02-19,HDFCBANK.NS,913.8848827326366,914.0816406792112,897.6041683586819,900.702880859375,21209234
2026-02-20,HDFCBANK.NS,896.1777087970013,902.9162328649714,893.6200357305538,897.0138549804688,22654907
2026-02-23,HDFCBANK.NS,901.5882362795462,910.5893867142319,900.3585742006053,908.5726928710938,23270122
2026-02-24,HDFCBANK.NS,912.8519465614362,912.8519465614362,894.3578410316289,895.6858520507812,31313985
2026-02-25,HDFCBANK.NS,895.7350222932594,901.0963609031212,888.4062243801156,892.8330078125,27884303
2026-02-26,HDFCBANK.NS,897.1614323550999,897.1614323550999,880.4380284625158,883.9794311523438,41165937
2026-02-27,HDFCBANK.NS,883.9794733683615,884.3238147843207,870.6007736322075,873.3060302734375,34620755
2026-03-02,HDFCBANK.NS,861.9439110956672,873.3059762779105,857.3695443137591,865.0918579101562,38378924
2026-03-04,HDFCBANK.NS,834.202743374385,864.993469417403,834.202743374385,854.5167846679688,39862322
2026-03-05,HDFCBANK.NS,859.6321193633155,867.0593261570968,849.4505416361635,863.4686889648438,31324582
2026-03-06,HDFCBANK.NS,853.9264946975441,857.5171318697022,841.1871839599715,843.10546875,34439647
2026-03-09,HDFCBANK.NS,811.5769775858611,828.7430723323081,808.1339237415574,827.0215454101562,35592613
2026-03-10,HDFCBANK.NS,836.2193641547399,842.8595391904452,826.923107096334,835.629150390625,52866024
2026-03-11,HDFCBANK.NS,831.2515482012323,835.0388833093358,814.1346283989498,820.38134765625,42261076
2026-03-12,HDFCBANK.NS,806.7566625998296,822.7915039414563,806.7566625998296,819.2008666992188,46107561
2026-03-13,HDFCBANK.NS,806.6583423777922,810.3965031755142,798.7885048911796,803.7071533203125,41700464
2026-03-16,HDFCBANK.NS,803.7071599773169,830.7597265616207,802.3791489072894,826.9231567382812,52182605
2026-03-17,HDFCBANK.NS,833.907625869114,835.0881134427475,821.5125964091002,831.5958251953125,38826979
2026-03-18,HDFCBANK.NS,831.5958180920426,833.0222380629118,818.0695356894909,829.333251953125,23507063
2026-03-19,HDFCBANK.NS,757.4718247668609,802.3791069663046,757.4718247668609,785.2130126953125,171637393
2026-03-20,HDFCBANK.NS,772.2277890336613,780.8354236248008,765.5384393026802,767.7518310546875,103129469
2026-03-23,HDFCBANK.NS,750.7333447737776,756.1930326018271,728.9928823726722,732.04248046875,72341738
2026-03-24,HDFCBANK.NS,742.7158864237038,760.1770877270425,735.5346719806084,752.454833984375,61269986
2026-03-25,HDFCBANK.NS,755.7011518436857,781.8683373030494,755.7011518436857,769.5717163085938,59230640
2026-03-27,HDFCBANK.NS,760.6197661066401,762.2921184952538,742.2731843894259,743.8963623046875,65485199
2026-03-30,HDFCBANK.NS,733.0753333889118,738.7809532430898,714.8271607333363,719.6473999023438,103500135
2026-04-01,HDFCBANK.NS,730.9111370884557,743.6012737142313,727.0745673991486,730.17333984375,78862761
2026-04-02,HDFCBANK.NS,718.1226435138951,742.7158847301245,714.8271732077576,738.6826171875,49310300
2026-04-06,HDFCBANK.NS,746.6508105088765,760.1770933079504,732.8785952952741,758.45556640625,42976659
2026-04-07,HDFCBANK.NS,753.5368922732654,761.4067292682865,748.6182441513773,759.4392700195312,51309793
2026-04-08,HDFCBANK.NS,786.9837533249241,804.4941298279846,783.0488345582994,802.82177734375,70269512
2026-04-09,HDFCBANK.NS,801.7397031581198,805.674621946626,780.1959987742106,784.72119140625,48879392
2026-04-10,HDFCBANK.NS,790.9186649096054,799.0344347920734,787.9674758614352,797.1161499023438,38156026
2026-04-13,HDFCBANK.NS,778.6220116333144,785.5081191272287,774.5395096022282,781.7699584960938,47549328
2026-04-15,HDFCBANK.NS,791.8531825431569,801.5428954413671,790.9186273804953,796.72265625,39769515
2026-04-16,HDFCBANK.NS,804.6908427624061,806.7074765090769,779.3106301457999,782.5077514648438,62861293
2026-04-17,HDFCBANK.NS,777.2447773125524,790.8694690755784,775.3757269911107,786.8853759765625,37282544
2026-04-20,HDFCBANK.NS,784.130869340026,796.7718311959621,777.146412936798,782.5077514648438,52148044
2026-04-21,HDFCBANK.NS,782.2618278432276,801.6413139109341,782.2618278432276,798.5425415039062,49135752
2026-04-22,HDFCBANK.NS,796.8210214869076,799.8213849297669,785.0162656130275,786.8853759765625,23876412
2026-04-23,HDFCBANK.NS,779.1138736217773,783.6882404572269,769.7684420568696,771.5883178710938,37677616
2026-04-24,HDFCBANK.NS,764.6530532653331,774.7854567622786,764.3579463755373,772.0802001953125,27720358
2026-04-27,HDFCBANK.NS,774.6870798664892,780.0975928052393,772.227755803421,776.9496459960938,18115375
2026-04-28,HDFCBANK.NS,772.2277766082829,781.5732082997206,765.6367759332712,769.817626953125,35366803
2026-04-29,HDFCBANK.NS,772.7196209849993,777.1464043006358,764.7022005187322,766.3253784179688,25799963
2026-04-30,HDFCBANK.NS,757.4718126650201,766.1286213727735,749.847908057028,759.1441650390625,47998755
2026-05-01,HDFCBANK.NS,759.1441650390625,759.1441650390625,759.1441650390625,759.1441650390625,0
2026-05-04,HDFCBANK.NS,760.0295232783589,773.8017387354295,760.0295232783589,766.7189331054688,29028060
2026-05-05,HDFCBANK.NS,761.8002432312857,764.2595672860843,751.2743242683289,759.734375,38887657
2026-05-06,HDFCBANK.NS,762.5380651832903,785.9508189360297,760.9148872376333,783.58984375,35530831
2026-05-07,HDFCBANK.NS,781.0813276889071,788.5084744009563,775.7199891869062,783.0979614257812,46137553
2026-05-08,HDFCBANK.NS,771.2440360478325,775.9167518274592,764.5546865191014,768.145263671875,38016841
2026-05-11,HDFCBANK.NS,759.3901026416063,762.2428825536997,749.5036318326614,751.2251586914062,41123422
2026-05-12,HDFCBANK.NS,744.2898305325124,747.3394284783378,735.6330216051203,738.2399291992188,43937132
2026-05-13,HDFCBANK.NS,739.7647228184694,747.5853858194506,735.1903557682459,737.4037475585938,28960919
2026-05-14,HDFCBANK.NS,738.7810009702333,765.6368096362314,734.846082190099,757.0291748046875,50992358
2026-05-15,HDFCBANK.NS,760.4230253238243,769.1782432932904,752.9467039429112,755.0125122070312,24347873
2026-05-18,HDFCBANK.NS,746.6507839481793,761.5050772404568,739.1252283144738,756.143798828125,29812079
2026-05-19,HDFCBANK.NS,754.2255287138954,758.2587962302428,747.8804605130283,750.044677734375,40307830
2026-05-20,HDFCBANK.NS,747.2410491475586,749.8479568451309,742.8635000569833,747.1427001953125,24013451
2026-05-21,HDFCBANK.NS,754.5206547496631,755.7503168336749,742.8634822100684,746.7984008789062,34664725
2026-05-22,HDFCBANK.NS,746.7984174780529,762.390509033052,746.7984174780529,754.3239135742188,25604071
2026-05-25,HDFCBANK.NS,763.3742255318324,775.0313981291084,762.5872538025895,774.0476684570312,26043952
2026-05-26,HDFCBANK.NS,771.2932224692265,777.9825721015808,764.1120080103449,766.22705078125,31528062
2026-05-27,HDFCBANK.NS,756.9799611769273,761.3083956280444,744.584991677417,746.3065185546875,63680153
2026-05-28,HDFCBANK.NS,746.3065185546875,746.3065185546875,746.3065185546875,746.3065185546875,0
2026-05-29,HDFCBANK.NS,733.9115075895189,748.1264133157719,725.7465633447872,732.4359130859375,101299431
2026-06-01,HDFCBANK.NS,736.8135126590627,740.1089829912345,727.1729740345589,730.6160278320312,47996441
2026-06-02,HDFCBANK.NS,725.0087855549667,741.3386744827858,721.2214502442791,736.0757446289062,47314447
2026-06-03,HDFCBANK.NS,732.3375535846441,744.5849997963322,730.5176176978582,741.3878784179688,36109480
2026-06-04,HDFCBANK.NS,736.9610714527732,744.9784318589446,732.8785694984622,741.9288940429688,42673538
2026-06-05,HDFCBANK.NS,741.6829610502508,746.355676758121,732.5342875674706,734.8952026367188,22116568
2026-06-08,HDFCBANK.NS,725.9925096938186,729.4355636015806,722.5494557860566,726.6319580078125,21550700
2026-06-09,HDFCBANK.NS,727.4189306755471,731.8457142768752,720.3852393810432,726.3367919921875,38539563
2026-06-10,HDFCBANK.NS,724.5169081730804,743.6504624272108,724.418559222074,734.698486328125,44458159
2026-06-11,HDFCBANK.NS,730.9111639255492,743.699649970007,728.0583237911012,732.485107421875,32632007
2026-06-12,HDFCBANK.NS,742.4207572291352,761.8494172504803,740.8467538097462,759.8819580078125,36088159
2026-06-15,HDFCBANK.NS,777.1464134002696,780.5894671305239,762.980682607529,764.7022094726562,39990334
2026-06-16,HDFCBANK.NS,767.8010209255166,774.8838866823837,766.7681167622869,772.1294555664062,27820970
2026-06-17,HDFCBANK.NS,774.8346784396643,781.376444549763,770.3586605239058,774.2935791015625,32405604
2026-06-18,HDFCBANK.NS,773.7033792240301,789.8857441736253,773.4082723338255,786.0,41492071
2026-06-19,HDFCBANK.NS,788.7000122070312,789.0499877929688,776.2000122070312,779.7999877929688,33798761
2026-06-22,HDFCBANK.NS,789.9000244140625,789.9000244140625,783.0999755859375,786.4000244140625,25194765
2026-06-23,HDFCBANK.NS,783.0499877929688,790.9000244140625,772.5499877929688,774.6500244140625,28289062
2026-06-24,HDFCBANK.NS,773.0,794.9000244140625,772.6500244140625,793.2000122070312,34701292
2026-06-25,HDFCBANK.NS,798.5,804.4500122070312,794.75,796.2999877929688,46707966
2026-06-26,HDFCBANK.NS,796.2999877929688,796.2999877929688,796.2999877929688,796.2999877929688,0
2026-06-29,HDFCBANK.NS,800.0,805.9000244140625,793.2999877929688,798.9000244140625,46695977
2026-06-30,HDFCBANK.NS,806.0999755859375,806.0999755859375,792.75,797.9500122070312,45778356
2026-07-01,HDFCBANK.NS,793.5,802.25,793.5,796.1500244140625,26094378
2026-07-02,HDFCBANK.NS,795.0,805.4500122070312,794.0,795.9000244140625,34143823
2026-07-03,HDFCBANK.NS,803.0,807.0,798.5499877929688,801.0499877929688,25871958
2026-07-06,HDFCBANK.NS,805.0,831.5,805.0,829.8499755859375,63203327
2026-07-07,HDFCBANK.NS,843.0,843.0,826.0999755859375,829.2999877929688,57611729
2026-07-08,HDFCBANK.NS,825.9000244140625,834.3499755859375,806.9500122070312,810.2999877929688,38754632
2026-07-09,HDFCBANK.NS,813.0,822.8499755859375,812.2999877929688,817.5499877929688,39891798
2026-07-10,HDFCBANK.NS,824.0,827.7000122070312,820.2999877929688,824.9500122070312,23595785
2026-07-13,HDFCBANK.NS,817.0,821.9500122070312,811.0,817.9500122070312,21741736
2026-07-14,HDFCBANK.NS,811.4000244140625,818.4000244140625,807.0,809.4000244140625,25605395
2026-07-15,HDFCBANK.NS,811.0,819.7000122070312,809.7000122070312,815.4500122070312,21488739
2026-07-16,HDFCBANK.NS,814.5,818.0,806.5,808.2999877929688,18698186
2026-07-17,HDFCBANK.NS,810.0,823.7000122070312,808.5,819.5999755859375,17415322
2026-07-20,HDFCBANK.NS,790.0,790.0,774.5499877929688,777.5999755859375,56061789
2026-07-21,HDFCBANK.NS,769.1500244140625,772.5,760.0999755859375,761.4500122070312,42246009
2026-07-22,HDFCBANK.NS,760.25,761.3499755859375,750.3499755859375,753.1500244140625,23385446
2026-07-23,HDFCBANK.NS,749.4000244140625,751.0,743.25,747.25,32532090
2026-07-24,HDFCBANK.NS,738.5,748.25,737.25,742.7999877929688,23837859
2026-07-27,HDFCBANK.NS,746.0999755859375,747.9500122070312,738.0999755859375,739.5499877929688,29678752
2026-07-28,HDFCBANK.NS,732.0,740.25,732.0,735.4000244140625,33886037
2026-07-29,HDFCBANK.NS,743.0,751.25,740.7999877929688,748.2000122070312,20460659
2026-07-30,HDFCBANK.NS,752.7999877929688,757.9000244140625,745.5,753.9500122070312,35844392
2026-07-31,HDFCBANK.NS,753.9500122070312,757.5499877929688,747.2000122070312,748.1500244140625,25522483
2026-08-03,HDFCBANK.NS,753.0499877929688,756.8499755859375,750.0499877929688,753.0,14827841
2026-08-04,HDFCBANK.NS,753.2000122070312,753.2000122070312,738.0,742.0,31559802
2026-08-05,HDFCBANK.NS,733.7999877929688,741.9500122070312,732.5999755859375,735.0,60050538
2026-08-06,HDFCBANK.NS,739.0,740.5,733.5499877929688,734.2999877929688,44772122
2026-08-07,HDFCBANK.NS,733.0,736.0,728.2000122070312,731.0,19382042
2026-08-10,HDFCBANK.NS,731.5,737.5499877929688,728.5,731.0,23660590
2026-08-11,HDFCBANK.NS,730.5,730.8499755859375,726.5499877929688,729.0,29154365
2026-08-12,HDFCBANK.NS,729.0,730.6500244140625,722.0,729.0,26993177
2026-08-13,HDFCBANK.NS,726.9000244140625,729.0,724.5,725.0,22129893
2026-08-14,HDFCBANK.NS,725.0,729.5999755859375,723.5,727.0,20364131
2026-08-17,HDFCBANK.NS,727.0499877929688,732.0999755859375,724.5,729.0,14823722
2026-08-18,HDFCBANK.NS,726.2999877929688,729.0,723.0,723.0,17916507
2026-08-19,HDFCBANK.NS,724.0,725.4000244140625,715.0999755859375,720.0,21342651
2026-08-20,HDFCBANK.NS,725.5,728.2999877929688,724.2999877929688,725.0499877929688,17603805
2026-08-21,HDFCBANK.NS,728.2999877929688,732.7999877929688,726.5999755859375,726.9500122070312,26029811
2026-08-24,HDFCBANK.NS,732.5,734.4000244140625,724.0999755859375,729.0,11408345
2026-08-25,HDFCBANK.NS,726.5999755859375,728.7000122070312,722.0,727.5,17511874
2026-08-26,HDFCBANK.NS,728.0,731.0,724.1500244140625,727.2000122070312,21156463
2026-08-27,HDFCBANK.NS,728.1500244140625,728.1500244140625,710.0,711.0,46515020
2026-08-28,HDFCBANK.NS,710.8499755859375,720.2999877929688,707.0,720.2999877929688,16494301
2026-08-31,HDFCBANK.NS,723.0499877929688,739.75,704.1500244140625,709.0,78157067
2026-09-01,HDFCBANK.NS,705.0499877929688,715.4500122070312,698.5,711.9000244140625,44417092
2026-09-02,HDFCBANK.NS,702.2999877929688,705.6500244140625,700.0,700.7999877929688,36950338
2026-09-03,HDFCBANK.NS,705.0,712.5999755859375,705.0,706.6500244140625,27770641
2026-09-04,HDFCBANK.NS,708.3499755859375,716.5,708.3499755859375,712.0999755859375,14488024
2026-09-07,HDFCBANK.NS,712.0999755859375,713.0,707.0499877929688,710.5,12180390
2026-09-08,HDFCBANK.NS,707.0999755859375,708.9000244140625,703.0,703.0,19883515
2026-09-09,HDFCBANK.NS,698.0,700.0,687.0999755859375,687.0999755859375,39173990
2026-09-10,HDFCBANK.NS,687.0999755859375,694.5,686.2000122070312,693.7999877929688,27108053
2026-09-11,HDFCBANK.NS,683.9000244140625,709.0,681.9000244140625,708.25,31411934
2026-09-14,HDFCBANK.NS,708.25,708.25,708.25,708.25,0
2026-09-15,HDFCBANK.NS,722.4000244140625,730.75,715.0499877929688,716.5499877929688,50387632
2026-09-16,HDFCBANK.NS,714.9000244140625,725.4000244140625,710.8499755859375,721.5,27476943
2026-09-17,HDFCBANK.NS,717.5,719.4000244140625,713.0,713.0,21543303
2026-09-18,HDFCBANK.NS,715.25,733.7999877929688,715.25,731.0,39400710
2026-09-21,HDFCBANK.NS,731.0,742.6500244140625,729.0499877929688,739.5,35482683
2026-09-22,HDFCBANK.NS,738.8499755859375,749.2999877929688,738.5999755859375,738.5999755859375,35483669
2026-09-23,HDFCBANK.NS,735.6500244140625,742.7999877929688,734.0,737.25,23197231
2026-09-24,HDFCBANK.NS,725.0,734.8499755859375,722.7000122070312,728.9000244140625,29575194
2026-09-25,HDFCBANK.NS,723.0,739.6500244140625,723.0,735.5999755859375,19853034
2024-01-01,ICICIBANK.NS,967.4035679755073,980.3796718566513,966.8669735931653,975.0624389648438,7683792
2024-01-02,ICICIBANK.NS,972.7208216223713,973.3550164890929,956.3787215600095,958.3300170898438,16263825
2024-01-03,ICICIBANK.NS,960.720498665219,963.9401248241994,951.3542430995774,960.0863037109375,16826752
2024-01-04,ICICIBANK.NS,962.3790429363942,965.0620744677926,957.9886277031968,963.1107788085938,22789140
2024-01-05,ICICIBANK.NS,963.9400163911056,973.9891767169987,959.8422837638905,969.501220703125,14875499
2024-01-08,ICICIBANK.NS,969.7938939733564,973.89162656188,956.4275074685884,958.0861206054688,8393164
2024-01-09,ICICIBANK.NS,962.2326408633471,970.7695590966088,951.6468860736289,955.8909301757812,14660414
2024-01-10,ICICIBANK.NS,950.5736686217577,970.7208201257515,950.5736686217577,968.8670654296875,9409181
2024-01-11,ICICIBANK.NS,971.0622694484135,974.1843544018284,962.8180334077583,967.0133666992188,6451345
2024-01-12,ICICIBANK.NS,970.5744738257089,984.1360028238887,967.598759779006,979.0626220703125,12255743
2024-01-15,ICICIBANK.NS,979.0625946865415,987.0141482984905,974.9160914205547,985.2579345703125,12388044
2024-01-16,ICICIBANK.NS,981.5993048814522,991.0631011947543,980.1358330664721,984.4774780273438,11505126
2024-01-17,ICICIBANK.NS,963.8425433060156,983.2578999623713,952.9640458633737,957.84228515625,41914771
2024-01-18,ICICIBANK.NS,950.2322029973618,970.086612247944,946.5247532036159,962.3302001953125,17902484
2024-01-19,ICICIBANK.NS,967.1596680050709,986.2824009262613,963.500988695396,974.8673095703125,23271148
2024-01-23,ICICIBANK.NS,1033.3085624484331,1033.6013044278507,996.331546511633,1003.9904174804688,50797448
2024-01-24,ICICIBANK.NS,1004.3805964528723,1010.7223072563087,972.379419549497,974.8673095703125,34578943
2024-01-25,ICICIBANK.NS,974.086809350288,990.380080339403,964.0864191743161,985.3555297851562,28315035
2024-01-29,ICICIBANK.NS,995.1608069755424,1006.8685811752547,985.4043284757821,991.6484985351562,14078922
2024-01-30,ICICIBANK.NS,990.233827264166,998.9170576629135,983.4530625914942,992.1363525390625,16085742
2024-01-31,ICICIBANK.NS,992.0387268414895,1013.6981211276084,978.8187103188384,1003.1123657226562,25627447
2024-02-01,ICICIBANK.NS,1008.7709929318956,1008.7709929318956,992.6240933363141,1000.1853637695312,13058880
2024-02-02,ICICIBANK.NS,1011.8443169459497,1024.4301974773407,996.770605964979,999.0633544921875,14774650
2024-02-05,ICICIBANK.NS,997.5999136860917,1001.4536750045531,987.453152358168,998.5755615234375,12948430
2024-02-06,ICICIBANK.NS,998.6243361843565,1009.6979749138608,991.9411722900987,1001.4049682617188,12886927
2024-02-07,ICICIBANK.NS,1002.9660000480089,1006.4295975899541,988.3312821484757,997.2584838867188,16410895
2024-02-08,ICICIBANK.NS,999.1609693476559,1003.2099318661822,961.2570730572876,965.2084350585938,20565502
2024-02-09,ICICIBANK.NS,964.7693393163379,989.0629942650385,961.5009428835466,986.0872802734375,12799837
2024-02-12,ICICIBANK.NS,985.7946468678402,987.5508011511549,961.2570787394588,971.8428344726562,8050066
2024-02-13,ICICIBANK.NS,981.5017091699309,1002.0391434670632,975.9405046734194,994.9656372070312,18706292
2024-02-14,ICICIBANK.NS,984.9652512089306,1010.4784061393933,983.013955556177,997.7950439453125,17878720
2024-02-15,ICICIBANK.NS,997.9413639559355,1001.6488733670452,982.0870866412254,991.8923950195312,10069878
2024-02-16,ICICIBANK.NS,998.2828945562029,1001.2097785647912,992.136324995411,998.3316650390625,7159395
2024-02-19,ICICIBANK.NS,998.4291584000189,1020.5276050243264,998.4291584000189,1018.3323974609375,9388255
2024-02-20,ICICIBANK.NS,1015.6983130621115,1027.0158050957184,1008.0882116597372,1023.2107543945312,11293528
2024-02-21,ICICIBANK.NS,1031.0647512783883,1038.08936853922,1022.4790020950211,1026.332763671875,15946325
2024-02-22,ICICIBANK.NS,1030.284129893754,1040.0406083965356,1014.9665062834417,1036.8209228515625,13432573
2024-02-23,ICICIBANK.NS,1043.9431665127322,1043.9431665127322,1031.8939397655,1035.455078125,13142759
2024-02-26,ICICIBANK.NS,1027.4547652461576,1036.4307972587308,1024.9181045612984,1028.5279541015625,7875941
2024-02-27,ICICIBANK.NS,1025.1618901176007,1040.235600463148,1021.0153871121286,1034.3817138671875,10580973
2024-02-28,ICICIBANK.NS,1037.1135865360943,1038.9185111032964,1016.7713542133081,1020.72265625,7730332
2024-02-29,ICICIBANK.NS,1017.6495772588014,1034.869667204587,1013.2103317291641,1026.57666015625,20944844
2024-03-01,ICICIBANK.NS,1029.3084513108604,1063.40729502092,1028.3328034897127,1060.431640625,14909562
2024-03-04,ICICIBANK.NS,1054.6752013263406,1068.3342696136383,1053.7970945454895,1065.748779296875,11424581
2024-03-05,ICICIBANK.NS,1059.748545239955,1072.7247080376237,1050.2848096430214,1061.5535888671875,9222544
2024-03-06,ICICIBANK.NS,1053.9923671118995,1086.4326564967669,1053.9923671118995,1070.3831787109375,21796484
2024-03-07,ICICIBANK.NS,1068.285589791398,1068.3344198240536,1056.3339033595764,1061.4560546875,9963926
2024-03-11,ICICIBANK.NS,1061.456016908724,1061.456016908724,1050.5288087704587,1052.4312744140625,13310362
2024-03-12,ICICIBANK.NS,1050.821543798178,1068.1392927948118,1029.9426563996108,1050.6263427734375,21785435
2024-03-13,ICICIBANK.NS,1050.9190113988607,1063.1146084324603,1047.016420348109,1057.5533447265625,24855870
2024-03-14,ICICIBANK.NS,1053.6996058624843,1070.383159135781,1048.8701969746664,1057.2119140625,14231421
2024-03-15,ICICIBANK.NS,1045.894380788199,1059.797361129833,1043.9430853016538,1054.041015625,66192734
2024-03-18,ICICIBANK.NS,1048.8702225929605,1058.3827887115601,1034.2355054874226,1054.870361328125,8769440
2024-03-19,ICICIBANK.NS,1052.1872820317788,1062.2365016265157,1049.0652568302282,1057.5533447265625,16708715
2024-03-20,ICICIBANK.NS,1053.6995510243776,1063.4560283486774,1041.503954369003,1058.0899658203125,18725251
2024-03-21,ICICIBANK.NS,1065.4073702120015,1073.212552411357,1052.870320123813,1055.455810546875,19992607
2024-03-22,ICICIBANK.NS,1054.821699696048,1067.0660087880365,1052.431290998509,1063.7489013671875,17214415
2024-03-26,ICICIBANK.NS,1054.675246883473,1062.626800085145,1050.7238257477718,1057.3094482421875,13367635
2024-03-27,ICICIBANK.NS,1057.3095684040516,1065.8953174560265,1053.2607249476644,1057.3583984375,26907245
2024-03-28,ICICIBANK.NS,1058.5778569174774,1078.1396428341293,1058.5778569174774,1066.67578125,22070566
2024-04-01,ICICIBANK.NS,1069.3589072693567,1076.0907823680045,1067.7977753821392,1072.8712158203125,10848191
2024-04-02,ICICIBANK.NS,1067.7976947713503,1067.7976947713503,1052.967895743458,1054.870361328125,14380396
2024-04-03,ICICIBANK.NS,1048.8213958942579,1057.2607732714453,1046.1383644163889,1050.9677734375,15477184
2024-04-04,ICICIBANK.NS,1058.3339827305892,1059.358460590309,1037.5526363294593,1052.57763671875,21419689
2024-04-05,ICICIBANK.NS,1043.9432619814309,1059.5536285157325,1041.4553121759684,1057.0169677734375,15340637
2024-04-08,ICICIBANK.NS,1052.089788769452,1065.1634932016668,1050.0897822238517,1060.675537109375,8023461
2024-04-09,ICICIBANK.NS,1065.3586857606263,1088.0913296616127,1061.7976661736764,1080.091064453125,12298463
2024-04-10,ICICIBANK.NS,1083.8959718279336,1089.3596952702449,1078.2372855450287,1082.3837890625,10598000
2024-04-12,ICICIBANK.NS,1076.6275082635652,1084.7741447920198,1069.115066719454,1077.505615234375,12216657
2024-04-15,ICICIBANK.NS,1073.4077256256494,1079.2129018387545,1050.3824599986701,1052.08984375,10526597
2024-04-16,ICICIBANK.NS,1044.4797084070326,1048.4310101922226,1036.8207785700372,1041.06494140625,11278092
2024-04-18,ICICIBANK.NS,1047.8457510924395,1051.7971723738806,1024.8691974587614,1029.7474365234375,16564216
2024-04-19,ICICIBANK.NS,1027.308320425271,1045.8944589628718,1022.5764523362437,1041.2601318359375,11284433
2024-04-22,ICICIBANK.NS,1052.52893245238,1062.1877507445827,1044.2846367847953,1060.187744140625,10346714
2024-04-23,ICICIBANK.NS,1073.2126398224318,1073.2126398224318,1056.3338843025326,1063.7000732421875,9848215
2024-04-24,ICICIBANK.NS,1065.6513328508768,1071.6515907716011,1062.4804774315448,1070.041748046875,5461309
2024-04-25,ICICIBANK.NS,1063.4561708666527,1098.2380410085623,1063.407340834438,1086.6278076171875,19905338
2024-04-26,ICICIBANK.NS,1085.066791491599,1092.7256033742926,1075.8956777866083,1080.9202880859375,14190059
2024-04-29,ICICIBANK.NS,1081.017770192159,1135.1173934530657,1080.9202292309824,1131.8978271484375,28578063
2024-04-30,ICICIBANK.NS,1131.702618945696,1141.0689331118688,1118.8241156136564,1122.38525390625,29568491
2024-05-02,ICICIBANK.NS,1115.16550183226,1127.361100058772,1105.6529352155806,1111.701904296875,25118334
2024-05-03,ICICIBANK.NS,1113.5069115913466,1129.2148177723732,1107.7992765304286,1114.2386474609375,19933604
2024-05-06,ICICIBANK.NS,1113.7508047401204,1130.2391574450266,1110.3847483382629,1118.3851318359375,14970524
2024-05-07,ICICIBANK.NS,1119.9948918245757,1124.6780491020515,1098.8722113377237,1104.3358154296875,15097728
2024-05-08,ICICIBANK.NS,1099.1160631064367,1104.4332959114815,1088.8717613334063,1095.6524658203125,19913090
2024-05-09,ICICIBANK.NS,1093.262260852585,1101.3600666593375,1082.9691282557828,1088.5302734375,12229853
2024-05-10,ICICIBANK.NS,1090.7742298713763,1101.408814608253,1084.969173156462,1089.847412109375,8573656
2024-05-13,ICICIBANK.NS,1085.3106792591882,1103.1162523100456,1079.7494151217084,1100.53076171875,9707983
2024-05-14,ICICIBANK.NS,1098.4818990233766,1100.4331946539014,1091.3109114007254,1093.26220703125,8944262
2024-05-15,ICICIBANK.NS,1094.7743968933958,1100.335660935582,1086.3838494464303,1096.9696044921875,10743423
2024-05-16,ICICIBANK.NS,1105.4089352594046,1108.8725325190837,1085.7008977331961,1103.5064697265625,14265565
2024-05-17,ICICIBANK.NS,1103.5065025670874,1116.1410940609796,1093.3109114992967,1102.9698486328125,8641784
2024-05-21,ICICIBANK.NS,1094.8719034888254,1106.1895131432295,1089.0668467710689,1093.65234375,10452900
2024-05-22,ICICIBANK.NS,1097.603764437141,1098.481871268217,1071.3588150501846,1084.042236328125,17527411
2024-05-23,ICICIBANK.NS,1088.383958228494,1109.311556039796,1084.3349960118126,1106.8724365234375,13787687
2024-05-24,ICICIBANK.NS,1102.4819339811972,1107.3601726271318,1096.7744185849785,1104.3843994140625,6312670
2024-05-27,ICICIBANK.NS,1104.3358239678098,1119.8486485845435,1094.2378925514201,1102.2869873046875,11599857
2024-05-28,ICICIBANK.NS,1104.9211184411913,1107.5553198262376,1097.6037600409186,1099.5062255859375,9311718
2024-05-29,ICICIBANK.NS,1087.896192626463,1096.1891994265106,1071.7491729237856,1075.1639404296875,19268547
2024-05-30,ICICIBANK.NS,1070.2857077875317,1093.7012565449618,1070.1881668205704,1086.5789794921875,15255387
2024-05-31,ICICIBANK.NS,1090.774348346767,1103.0674880238118,1084.188725045031,1093.7501220703125,26197718
2024-06-03,ICICIBANK.NS,1141.5079429889547,1144.4348864325161,1108.6286592786682,1131.75146484375,25699977
2024-06-04,ICICIBANK.NS,1129.702743807571,1131.1662156790471,1027.8939077680864,1045.35791015625,43476837
2024-06-05,ICICIBANK.NS,1058.5778828175676,1095.8964118662052,1025.454687026523,1081.6519775390625,42172104
2024-06-06,ICICIBANK.NS,1090.7741517877903,1090.7741517877903,1069.8952667444207,1083.3592529296875,18574162
2024-06-07,ICICIBANK.NS,1083.3594059306379,1100.8235264178431,1076.724952853582,1094.3841552734375,17197635
2024-06-10,ICICIBANK.NS,1088.8228833488845,1105.6039769227384,1087.9447765589168,1096.4329833984375,10851455
2024-06-11,ICICIBANK.NS,1092.4816621333332,1101.5552346286859,1083.9447435857408,1090.9693603515625,12250002
2024-06-12,ICICIBANK.NS,1093.701262866966,1105.7993202810974,1084.9204320321733,1092.28662109375,16096514
2024-06-13,ICICIBANK.NS,1094.872014336748,1095.8476622265855,1078.0909182705975,1080.3836669921875,12494254
2024-06-14,ICICIBANK.NS,1086.8716106071388,1086.8716106071388,1072.6758879821507,1078.7249755859375,11377979
2024-06-18,ICICIBANK.NS,1086.8228143148967,1107.4090780810202,1074.3833049204777,1095.506103515625,18306176
2024-06-19,ICICIBANK.NS,1100.4818894098034,1137.166342002539,1098.7257948267247,1116.580078125,34309514
2024-06-20,ICICIBANK.NS,1125.9464849282854,1131.751542182319,1107.8481690931235,1128.6295166015625,15475933
2024-06-21,ICICIBANK.NS,1135.2151467086508,1141.410486972395,1122.629265145151,1130.4344482421875,69259425
2024-06-24,ICICIBANK.NS,1126.531878313925,1147.0204843368606,1124.580582502217,1141.6055908203125,12210295
2024-06-25,ICICIBANK.NS,1141.7519447999034,1176.631356914064,1139.2152841020384,1168.77734375,27309845
2024-06-26,ICICIBANK.NS,1172.728745333667,1193.0709797006668,1164.7771913357117,1188.339111328125,25403461
2024-06-27,ICICIBANK.NS,1198.4370480300415,1204.9251302431871,1179.6558263643078,1190.19287109375,20516632
2024-06-28,ICICIBANK.NS,1197.119858680918,1197.119858680918,1167.2162295895332,1170.3870849609375,12507092
2024-07-01,ICICIBANK.NS,1170.3870597440186,1185.7535123666644,1163.0209904215824,1182.3387451171875,8636894
2024-07-02,ICICIBANK.NS,1187.3634506753801,1187.3634506753801,1156.6793729867939,1161.6063232421875,16153925
2024-07-03,ICICIBANK.NS,1167.70405183156,1186.24136013032,1150.7277562015904,1172.33837890625,22330897
2024-07-04,ICICIBANK.NS,1199.0711636260962,1204.8762204814082,1184.729188396717,1202.9737548828125,15275791
2024-07-05,ICICIBANK.NS,1195.1685483777583,1212.339925743088,1191.1195862106667,1203.364013671875,9535575
2024-07-08,ICICIBANK.NS,1198.9736190942626,1209.3154620742414,1187.2658453589734,1204.973876953125,6617190
2024-07-09,ICICIBANK.NS,1204.8762530735444,1219.7548826422453,1199.3639380524303,1217.8524169921875,13366874
2024-07-10,ICICIBANK.NS,1222.2429000724055,1222.2429000724055,1206.2422507799674,1212.9254150390625,18226503
2024-07-11,ICICIBANK.NS,1215.998657353838,1227.1698965417374,1195.2174298923792,1208.291015625,11307116
2024-07-12,ICICIBANK.NS,1205.8031641621653,1222.389177096727,1200.144359168967,1202.876220703125,12208290
2024-07-15,ICICIBANK.NS,1203.071361476852,1208.2910537479374,1194.241819735426,1199.998046875,15612671
2024-07-16,ICICIBANK.NS,1200.0467517768816,1214.6814682619654,1199.0711040112092,1209.7056884765625,12320605
2024-07-18,ICICIBANK.NS,1204.8275385430438,1225.8526779859858,1201.7053940039573,1219.8525390625,10999632
2024-07-19,ICICIBANK.NS,1213.706011208785,1220.0477226821429,1210.0473315126171,1218.2427978515625,7958817
2024-07-22,ICICIBANK.NS,1209.8032741772045,1214.974255165563,1202.8761986042646,1210.92529296875,9958965
2024-07-23,ICICIBANK.NS,1210.9253291470568,1218.2426878788428,1182.972994972106,1196.8759765625,19369832
2024-07-24,ICICIBANK.NS,1195.1685807983697,1203.6079582700647,1172.777510944099,1193.21728515625,20122521
2024-07-25,ICICIBANK.NS,1176.143415035895,1188.5829244027202,1161.6062390935692,1168.728515625,14154461
2024-07-26,ICICIBANK.NS,1161.020907069825,1190.2903417018374,1157.0694857554495,1177.802001953125,19309265
2024-07-29,ICICIBANK.NS,1185.5583771757993,1212.486231027865,1174.826252016832,1183.16796875,28458261
2024-07-30,ICICIBANK.NS,1183.4607897362628,1200.876079269409,1175.0702424166864,1179.9971923828125,23972277
2024-07-31,ICICIBANK.NS,1189.3148299701952,1194.827264609521,1181.509646508537,1185.314697265625,22297629
2024-08-01,ICICIBANK.NS,1182.97292613369,1192.875774860644,1177.5093224180825,1180.63134765625,8725046
2024-08-02,ICICIBANK.NS,1167.8504929230744,1172.3872793090957,1161.118498843589,1167.4114990234375,10735395
2024-08-05,ICICIBANK.NS,1153.2156685567127,1159.9476620150213,1138.5809519506631,1144.0445556640625,14306771
2024-08-06,ICICIBANK.NS,1146.3862463365044,1158.776926636575,1133.215000102,1138.4346923828125,13575619
2024-08-07,ICICIBANK.NS,1150.2400266838533,1151.069422664435,1133.312559694185,1143.8983154296875,15753644
2024-08-08,ICICIBANK.NS,1138.5322506611303,1145.8008988559393,1130.6783566530576,1136.239501953125,10806438
2024-08-09,ICICIBANK.NS,1147.8984979263976,1152.1912530849597,1140.5323091971482,1143.0689697265625,8687307
2024-08-12,ICICIBANK.NS,1152.3189994398172,1159.4533399572713,1137.5582949209468,1154.09033203125,10860455
2024-08-13,ICICIBANK.NS,1164.3243778306348,1170.2779103089574,1145.0370803987933,1149.7113037109375,13117927
2024-08-14,ICICIBANK.NS,1148.3827912230433,1151.3841824712085,1134.6061339161688,1143.1181640625,13431801
2024-08-16,ICICIBANK.NS,1151.33488320732,1173.9679621079767,1147.0543031789523,1168.3096923828125,10961370
2024-08-19,ICICIBANK.NS,1171.9999545311712,1176.67417769156,1154.58237101426,1157.140869140625,6686394
2024-08-20,ICICIBANK.NS,1155.4679086606573,1170.8191375512558,1151.3349594196018,1160.6341552734375,10427061
2024-08-21,ICICIBANK.NS,1158.223268928432,1159.846970432822,1146.513086110094,1156.1075439453125,17234142
2024-08-22,ICICIBANK.NS,1163.1435847596479,1173.5744592109102,1157.829706794536,1172.098388671875,8564142
2024-08-23,ICICIBANK.NS,1173.968043848346,1185.7766075752363,1169.589082848793,1184.300537109375,7518309
2024-08-26,ICICIBANK.NS,1186.3178499958535,1195.5677952382332,1181.889638715724,1193.9442138671875,10920226
2024-08-27,ICICIBANK.NS,1193.9442695051366,1212.8379237983015,1189.6144386937667,1206.7860107421875,16295325
2024-08-28,ICICIBANK.NS,1203.1451193533376,1206.8352956977394,1197.8804917932434,1204.325927734375,12291305
2024-08-29,ICICIBANK.NS,1199.504093644897,1215.2980967161698,1197.5852499624118,1202.4071044921875,10806748
2024-08-30,ICICIBANK.NS,1210.3777397050092,1215.8392482869917,1199.4548426639624,1209.5904541015625,21211148
2024-09-02,ICICIBANK.NS,1219.2341641068904,1219.4309254466023,1202.997389524353,1210.3284912109375,12516759
2024-09-03,ICICIBANK.NS,1207.6224463883482,1230.9935629487222,1200.930998773239,1227.79541015625,19114907
2024-09-04,ICICIBANK.NS,1220.070629288316,1223.859186152754,1213.1331701237295,1216.62646484375,13505843
2024-09-05,ICICIBANK.NS,1218.2502546691317,1224.9909529744998,1211.65718744667,1216.23291015625,9142811
2024-09-06,ICICIBANK.NS,1206.3923063523205,1214.21555165295,1185.7765708665058,1188.8763427734375,10170479
2024-09-09,ICICIBANK.NS,1183.710090812365,1218.5453765912819,1181.299103730193,1215.2979736328125,13863250
2024-09-10,ICICIBANK.NS,1217.216888818786,1221.5467196441462,1207.4256692162026,1217.5614013671875,15545130
2024-09-11,ICICIBANK.NS,1211.8538609951502,1219.5294755207808,1206.83524540051,1216.62646484375,11993242
2024-09-12,ICICIBANK.NS,1218.2502705064035,1236.9471648033514,1206.7860981365827,1232.174560546875,15376442
2024-09-13,ICICIBANK.NS,1232.0267776590285,1235.9137150505585,1222.2355585854264,1230.403076171875,9877288
2024-09-16,ICICIBANK.NS,1231.042802375231,1245.4098646133787,1224.8432581989914,1242.7037353515625,8973335
2024-09-17,ICICIBANK.NS,1239.849987924078,1251.9538142521255,1238.3247871252927,1247.8699951171875,11513121
2024-09-18,ICICIBANK.NS,1241.8672616672682,1274.6852037097235,1241.8672616672682,1267.796875,12466597
2024-09-19,ICICIBANK.NS,1267.7968764476732,1279.2610475522447,1264.8447355687065,1271.388671875,13172268
2024-09-20,ICICIBANK.NS,1274.340862241716,1340.616403523679,1270.9459481482343,1317.09765625,73257767
2024-09-23,ICICIBANK.NS,1309.7664484410157,1310.553734024932,1287.62539277616,1300.8116455078125,11380409
2024-09-24,ICICIBANK.NS,1299.9260678444703,1310.1601805182468,1294.4645590257803,1297.5643310546875,13886037
2024-09-25,ICICIBANK.NS,1289.8395992053097,1306.568398126912,1289.1999446337225,1302.7305908203125,8728019
2024-09-26,ICICIBANK.NS,1298.9419832399822,1312.0789860913483,1295.8914616978661,1307.84765625,11100869
2024-09-27,ICICIBANK.NS,1311.7346011418329,1311.7346011418329,1283.0496081575457,1285.7557373046875,17117379
2024-09-30,ICICIBANK.NS,1271.4871691598821,1276.1122623682022,1250.625419751032,1252.69189453125,12622212
2024-10-01,ICICIBANK.NS,1249.542987688833,1259.8262312755362,1247.3780121127852,1254.069580078125,10972413
2024-10-03,ICICIBANK.NS,1233.6012439093365,1245.5574384870451,1228.2382360313827,1236.307373046875,17648551
2024-10-04,ICICIBANK.NS,1227.2048887996382,1244.2289485494368,1216.4787533567373,1219.97216796875,13488887
2024-10-07,ICICIBANK.NS,1221.7435594913184,1242.8020684792546,1205.4575341441214,1214.215576171875,20667247
2024-10-08,ICICIBANK.NS,1221.202267135771,1227.8938344569156,1210.1317389284563,1216.8724365234375,12219259
2024-10-09,ICICIBANK.NS,1223.2195743635768,1244.9177369185495,1212.9854623508438,1224.302001953125,14765997
2024-10-10,ICICIBANK.NS,1226.8606284171833,1234.6837542167523,1218.2502169484444,1223.6624755859375,9118195
2024-10-11,ICICIBANK.NS,1217.2661601929808,1221.0055869072553,1202.5054549359925,1203.489501953125,8472512
2024-10-14,ICICIBANK.NS,1201.5213486036762,1218.1517663968125,1197.9788035414683,1212.099853515625,11833929
2024-10-15,ICICIBANK.NS,1219.1849221736488,1238.2263267782284,1215.691627570544,1235.470947265625,11657338
2024-10-16,ICICIBANK.NS,1228.5826203359522,1234.9296751311315,1221.7926723383464,1223.3179931640625,7869727
2024-10-17,ICICIBANK.NS,1229.5175181191341,1236.897870871355,1204.867212000474,1211.60791015625,8459497
2024-10-18,ICICIBANK.NS,1208.3604278039818,1248.6572232672752,1205.7035490362575,1244.327392578125,11018126
2024-10-21,ICICIBANK.NS,1244.3274858742436,1252.0522311372122,1230.6000776735575,1238.9644775390625,7742775
2024-10-22,ICICIBANK.NS,1246.3938747133964,1264.4019824079978,1239.653176958133,1247.279541015625,20090801
2024-10-23,ICICIBANK.NS,1240.8832443668052,1247.7223228428932,1223.2196490881518,1231.6331787109375,14055447
2024-10-24,ICICIBANK.NS,1230.3047750515273,1240.3420065108755,1221.251590602818,1232.764892578125,12223031
2024-10-25,ICICIBANK.NS,1227.3526156126327,1248.657257098042,1214.5107542672154,1235.4217529296875,13546055
2024-10-28,ICICIBANK.NS,1264.9924978474703,1286.9367953731105,1260.1706432204314,1272.2252197265625,24096412
2024-10-29,ICICIBANK.NS,1280.5894733227,1314.0470695956533,1278.5229987539544,1310.6029052734375,20656117
2024-10-30,ICICIBANK.NS,1302.878217992093,1309.6681662645217,1284.771729306591,1291.21728515625,15055031
2024-10-31,ICICIBANK.NS,1286.3953474845157,1297.908648500615,1267.9937179678298,1271.6346435546875,23497314
2024-11-01,ICICIBANK.NS,1269.3713115804678,1275.521605000899,1265.7303859247397,1271.19189453125,1007022
2024-11-04,ICICIBANK.NS,1269.5189366152897,1271.1918884914494,1249.7888674900407,1256.82470703125,14309121
2024-11-05,ICICIBANK.NS,1252.6918064806564,1280.540384084737,1242.9497173467564,1276.013671875,16431920
2024-11-06,ICICIBANK.NS,1279.507133687592,1294.0218271864514,1272.077530661039,1281.5736083984375,12037405
2024-11-07,ICICIBANK.NS,1276.4565194695,1282.016408736549,1254.905867336954,1258.30078125,9909035
2024-11-08,ICICIBANK.NS,1249.739603368689,1254.6598380276207,1232.7155433996181,1238.7674560546875,11195808
2024-11-11,ICICIBANK.NS,1241.8673121816607,1255.545589486218,1226.7622147783625,1249.0509033203125,8387780
2024-11-12,ICICIBANK.NS,1255.7915869540607,1274.34084864136,1244.3274155266408,1250.330078125,13486168
2024-11-13,ICICIBANK.NS,1250.330002060316,1255.8898912252891,1230.058659378344,1233.6995849609375,12260404
2024-11-14,ICICIBANK.NS,1233.7488030417599,1247.4762092717035,1223.219549242433,1236.897705078125,9506892
2024-11-18,ICICIBANK.NS,1239.8991689148563,1242.4576669848584,1229.468295169204,1233.45361328125,6195554
2024-11-19,ICICIBANK.NS,1236.996341503432,1240.8832791422965,1221.054707873685,1229.173095703125,11537317
2024-11-21,ICICIBANK.NS,1228.6318816632047,1236.8486497660301,1212.887130281342,1230.5999755859375,9593870
2024-11-22,ICICIBANK.NS,1237.931065448711,1260.9577881469831,1235.962971544977,1257.6612548828125,11604338
2024-11-25,ICICIBANK.NS,1275.3249381508517,1290.2824048083883,1269.420656029783,1280.1959228515625,22717581
2024-11-26,ICICIBANK.NS,1289.691969633128,1293.2837651950626,1281.6719625867895,1284.132080078125,7646955
2024-11-27,ICICIBANK.NS,1277.7849738450245,1289.9379297411074,1277.1453192983001,1279.9498291015625,21938082
2024-11-28,ICICIBANK.NS,1280.294297193127,1289.593492566128,1261.8434173872402,1265.8287353515625,22803745
2024-11-29,ICICIBANK.NS,1262.6306978559342,1282.4592691846208,1262.6306978559342,1279.3594970703125,11397228
2024-12-02,ICICIBANK.NS,1279.1626909163074,1289.6428152581445,1268.58418590124,1283.8369140625,9626400
2024-12-03,ICICIBANK.NS,1283.1480184509742,1291.8569303693412,1275.4232736408442,1287.527099609375,11509276
2024-12-04,ICICIBANK.NS,1281.819549984778,1298.9419911656362,1280.9338836934899,1295.0550537109375,11570281
2024-12-05,ICICIBANK.NS,1295.2518809925427,1321.4767579162362,1287.7238973177443,1315.1788330078125,19210697
2024-12-06,ICICIBANK.NS,1321.0831368877882,1325.6097291981625,1305.5351457750585,1307.552490234375,8942672
2024-12-09,ICICIBANK.NS,1301.008440803049,1307.8476391384686,1299.1879779810015,1301.205322265625,8000764
2024-12-10,ICICIBANK.NS,1297.957930171136,1310.750540551898,1294.2677540997624,1309.2252197265625,8218214
2024-12-11,ICICIBANK.NS,1303.567008056277,1310.01256393174,1295.005847236935,1306.3223876953125,8138066
2024-12-12,ICICIBANK.NS,1300.467319981326,1317.392879799611,1300.467319981326,1308.04443359375,9076896
2024-12-13,ICICIBANK.NS,1304.206657466483,1325.658929951843,1292.5457246301107,1323.44482421875,13536684
2024-12-16,ICICIBANK.NS,1323.4448020295467,1328.9061906725217,1318.672198220594,1324.6256103515625,9071006
2024-12-17,ICICIBANK.NS,1320.591043814433,1326.5937063526414,1304.8955425723648,1312.47265625,9879257
2024-12-18,ICICIBANK.NS,1304.108322781897,1313.6535308964567,1286.5922376487658,1293.1854248046875,8510595
2024-12-19,ICICIBANK.NS,1265.4844508567164,1282.2132499737959,1263.9591299468714,1266.3701171875,11517304
2024-12-20,ICICIBANK.NS,1263.4671101390386,1277.0470069229707,1252.1014392500044,1267.84619140625,58491181
2024-12-23,ICICIBANK.NS,1273.9964575675247,1286.149413849784,1266.5177244802055,1276.1121826171875,6827512
2024-12-24,ICICIBANK.NS,1276.1122805813325,1283.689394924585,1269.6667242632777,1276.5550537109375,7138516
2024-12-26,ICICIBANK.NS,1286.149397655659,1291.8076677677632,1268.6333134333681,1276.6533203125,7338444
2024-12-27,ICICIBANK.NS,1277.834372258314,1294.9566951975391,1277.834372258314,1286.6907958984375,4756066
2024-12-30,ICICIBANK.NS,1284.1320718868315,1305.3383325760412,1268.8793435378464,1273.9964599609375,14207425
2024-12-31,ICICIBANK.NS,1266.3701041548643,1269.3713754212274,1259.6785365277274,1261.203857421875,8449607
2025-01-01,ICICIBANK.NS,1261.2039030056599,1272.3728127979782,1246.8859706361397,1263.1719970703125,4705399
2025-01-02,ICICIBANK.NS,1264.5988495821298,1272.7664882086394,1258.0057823459824,1270.0111083984375,7433222
2025-01-03,ICICIBANK.NS,1265.6811494083963,1267.4524819820733,1242.1132728120124,1244.86865234375,11194997
2025-01-06,ICICIBANK.NS,1247.8208957681682,1257.3661039966464,1236.9471279387867,1243.933837890625,7504047
2025-01-07,ICICIBANK.NS,1246.2955634538516,1268.387371227451,1246.2955634538516,1258.8421630859375,7539758
2025-01-08,ICICIBANK.NS,1260.1213925757818,1264.500353533012,1232.3711960120443,1243.58935546875,7566309
2025-01-09,ICICIBANK.NS,1237.9311554007072,1244.5734728084612,1228.1890658447487,1242.260986328125,8684920
2025-01-10,ICICIBANK.NS,1238.9151869887507,1244.7702186556908,1223.2688154875007,1229.9111328125,7854524
2025-01-13,ICICIBANK.NS,1215.1997021699149,1224.1052557235084,1205.3592318634503,1210.1318359375,9669336
2025-01-14,ICICIBANK.NS,1213.6743510380347,1224.9908916090162,1207.868449677033,1220.5135498046875,10342698
2025-01-15,ICICIBANK.NS,1214.3138943569554,1224.5480063080474,1210.3777066929133,1218.49609375,5355382
2025-01-16,ICICIBANK.NS,1225.2369076646085,1235.4710205893364,1219.8738995113004,1229.173095703125,11895924
2025-01-17,ICICIBANK.NS,1223.51473271735,1229.0746219251816,1198.569166937447,1205.9002685546875,9790533
2025-01-20,ICICIBANK.NS,1204.3752079938956,1221.9404238041425,1195.8631769905248,1213.28076171875,7676418
2025-01-21,ICICIBANK.NS,1217.216791341657,1219.1848851844006,1173.6727150709557,1177.0677490234375,20520898
2025-01-22,ICICIBANK.NS,1181.840346118592,1188.236651072606,1172.787162540538,1181.299072265625,10377123
2025-01-23,ICICIBANK.NS,1178.150279677383,1188.6304043313805,1167.0797508434964,1182.5784912109375,8770650
2025-01-24,ICICIBANK.NS,1183.9070048715128,1198.569330226456,1182.824577120033,1189.90966796875,9216792
2025-01-27,ICICIBANK.NS,1175.9361728164579,1214.9536606503923,1174.0664594794448,1208.3604736328125,16164687
2025-01-28,ICICIBANK.NS,1227.4509517938643,1243.8353577059515,1216.28204282006,1227.0081787109375,18066499
2025-01-29,ICICIBANK.NS,1232.0268875547777,1235.7663143361442,1223.2197146425951,1231.6824951171875,7666777
2025-01-30,ICICIBANK.NS,1230.058696999526,1239.7515355072983,1219.72620394473,1235.5693359375,11921041
2025-01-31,ICICIBANK.NS,1234.4870409428568,1235.963111537846,1219.332692143045,1232.814208984375,10195417
2025-02-01,ICICIBANK.NS,1231.1904328305643,1241.2276642201673,1214.117241339197,1235.520263671875,3011914
2025-02-03,ICICIBANK.NS,1226.9589513144845,1239.8991931084147,1218.0533982313877,1233.0108642578125,6176831
2025-02-04,ICICIBANK.NS,1242.6546259748302,1260.0722101946521,1239.8992462672875,1247.9683837890625,14839077
2025-02-05,ICICIBANK.NS,1249.9364358288246,1257.366038635732,1244.9670706142904,1247.476318359375,6840709
2025-02-06,ICICIBANK.NS,1254.6598163131562,1258.5960039721779,1243.0480146698765,1252.101318359375,8396554
2025-02-07,ICICIBANK.NS,1251.707841237699,1254.6599823726938,1229.616033126662,1236.8487548828125,7382039
2025-02-10,ICICIBANK.NS,1237.143764104477,1244.8193782805915,1229.4190196551453,1242.4576416015625,5740361
2025-02-11,ICICIBANK.NS,1235.815414286521,1241.7196963503554,1228.48431210643,1232.764892578125,6586627
2025-02-12,ICICIBANK.NS,1237.1437132102558,1249.49354984024,1224.7939967031841,1231.8299560546875,8809352
2025-02-13,ICICIBANK.NS,1232.5681139223714,1245.8034979804984,1226.0241773689,1228.976318359375,7263785
2025-02-14,ICICIBANK.NS,1232.125182860914,1243.3433423047895,1224.5971995418054,1239.99755859375,10368438
2025-02-17,ICICIBANK.NS,1231.1904296875,1238.0787586965241,1213.5759643398394,1231.1904296875,8386151
2025-02-18,ICICIBANK.NS,1232.912442887429,1237.537415485285,1217.3153228151366,1223.2196044921875,8135042
2025-02-19,ICICIBANK.NS,1215.150440982361,1244.2782088063445,1210.6238487061553,1241.52294921875,10683412
2025-02-20,ICICIBANK.NS,1235.323399403501,1243.8354301295267,1226.8606190775215,1230.009521484375,8398849
2025-02-21,ICICIBANK.NS,1221.3007691973355,1224.843314551203,1205.0148626007026,1213.28076171875,7786428
2025-02-24,ICICIBANK.NS,1207.1304651110468,1212.2475818317712,1190.9429392289517,1198.9136962890625,11522480
2025-02-25,ICICIBANK.NS,1207.0320830347105,1212.0015686679765,1201.5214435997075,1204.6212158203125,11059417
2025-02-27,ICICIBANK.NS,1205.6052412387521,1215.1504493679895,1199.0120540726923,1202.9482421875,12008162
2025-02-28,ICICIBANK.NS,1196.6011747582393,1205.4575979266801,1180.9548031360748,1184.8909912109375,20215075
2025-03-03,ICICIBANK.NS,1191.188847446512,1197.5851526992194,1184.9401732626818,1186.9573974609375,8158881
2025-03-04,ICICIBANK.NS,1187.8923015092375,1197.2407475483415,1187.0066352283177,1191.0904541015625,9574490
2025-03-05,ICICIBANK.NS,1197.5852173719204,1206.3923901078597,1191.9761974350436,1196.305908203125,9052846
2025-03-06,ICICIBANK.NS,1208.3604997504162,1208.3604997504162,1189.7128566225836,1198.6185302734375,11949475
2025-03-07,ICICIBANK.NS,1191.7792822265046,1198.4215993904008,1187.0559287614878,1195.17431640625,6620284
2025-03-10,ICICIBANK.NS,1188.7287844485525,1206.2448692222129,1188.7287844485525,1195.469482421875,7363437
2025-03-11,ICICIBANK.NS,1197.7819082260587,1228.0906025562624,1197.7819082260587,1225.5321044921875,10927950
2025-03-12,ICICIBANK.NS,1227.0573656262773,1231.9776006544478,1215.5933141089804,1224.105224609375,11548372
2025-03-13,ICICIBANK.NS,1231.0919570840585,1235.5692985318378,1225.4336872491594,1230.10791015625,8132940
2025-03-17,ICICIBANK.NS,1236.9964228158067,1253.626722273369,1234.7330664957105,1248.7557373046875,11164812
2025-03-18,ICICIBANK.NS,1248.7557373046875,1248.7557373046875,1248.7557373046875,1248.7557373046875,0
2025-03-19,ICICIBANK.NS,1284.771625690972,1297.2690935608202,1281.3767118900164,1292.1519775390625,11278014
2025-03-20,ICICIBANK.NS,1298.9420363179743,1303.1242360561191,1290.1348637421092,1300.6148681640625,10886735
2025-03-21,ICICIBANK.NS,1295.005932648197,1327.47948567053,1290.676101553966,1321.673583984375,60494318
2025-03-24,ICICIBANK.NS,1334.3185449313019,1351.0965951268047,1323.592528220555,1336.4835205078125,9352280
2025-03-25,ICICIBANK.NS,1337.3198832805363,1342.0433569660177,1308.8317704607064,1322.263916015625,16419207
2025-03-26,ICICIBANK.NS,1322.608385783058,1336.3357930453642,1310.2585481884407,1314.58837890625,10859639
2025-03-27,ICICIBANK.NS,1311.8822515956433,1329.9394896015347,1311.8822515956433,1315.326416015625,15109614
2025-03-28,ICICIBANK.NS,1314.6867654992452,1336.2865486646785,1306.027104024632,1326.8397216796875,8266544
2025-04-01,ICICIBANK.NS,1318.6230094191676,1330.7759661157215,1294.4154767036698,1297.416748046875,14288024
2025-04-02,ICICIBANK.NS,1301.0577695360655,1316.605640115626,1301.0577695360655,1310.0125732421875,8042214
2025-04-03,ICICIBANK.NS,1300.8608684683468,1311.7346357410256,1300.172083625529,1308.3397216796875,4591008
2025-04-04,ICICIBANK.NS,1308.3397764539347,1317.196199721689,1301.0085540085365,1313.998046875,8648542
2025-04-07,ICICIBANK.NS,1274.5868794921314,1303.8622778051142,1244.8194576780902,1267.009765625,19185012
2025-04-08,ICICIBANK.NS,1279.113469327377,1289.1508208042862,1266.8128818235116,1279.1627197265625,13085762
2025-04-09,ICICIBANK.NS,1284.1320386492785,1284.2796697185806,1264.008326268558,1280.04833984375,13005622
2025-04-11,ICICIBANK.NS,1284.2796640863085,1303.8622226242683,1284.2796640863085,1290.7252197265625,13064247
2025-04-15,ICICIBANK.NS,1329.4474418665204,1332.6948448810174,1314.8834988213314,1328.66015625,15202603
2025-04-16,ICICIBANK.NS,1335.35175670462,1338.0086355110902,1321.4767182608662,1334.7613525390625,14039073
2025-04-17,ICICIBANK.NS,1340.271938683508,1386.4237644145942,1338.4022254639915,1384.2587890625,17490424
2025-04-21,ICICIBANK.NS,1413.0915548092914,1413.0915548092914,1382.2908342910866,1387.3095703125,16882426
2025-04-22,ICICIBANK.NS,1390.2616620074302,1396.1659440599142,1376.5833845612567,1393.902587890625,16135274
2025-04-23,ICICIBANK.NS,1406.2031056627204,1407.0887719511927,1388.7855225220842,1401.676513671875,13990764
2025-04-24,ICICIBANK.NS,1393.7057666784372,1398.5275007158652,1376.4849447649922,1380.3226318359375,15678099
2025-04-25,ICICIBANK.NS,1387.5061560869792,1392.2296293483562,1366.2507666566128,1382.38916015625,11705093
2025-04-28,ICICIBANK.NS,1383.1763860592027,1412.1073907727903,1381.4051736009749,1406.00634765625,10948561
2025-04-29,ICICIBANK.NS,1406.0063095097996,1415.354755397171,1399.9051464358704,1406.9903564453125,10786910
2025-04-30,ICICIBANK.NS,1410.1393895834246,1410.828174453101,1377.665837694902,1404.235107421875,14192027
2025-05-02,ICICIBANK.NS,1404.136620262742,1423.5222971739024,1401.8732642232824,1407.2855224609375,8842434
2025-05-05,ICICIBANK.NS,1417.0276759030696,1423.719243532893,1403.251017942901,1406.5968017578125,4565705
2025-05-06,ICICIBANK.NS,1406.2030986214052,1410.8280712604956,1397.740318833432,1408.7615966796875,6301690
2025-05-07,ICICIBANK.NS,1402.2669857299177,1418.9957848579238,1398.3307976997987,1412.5010986328125,10480453
2025-05-08,ICICIBANK.NS,1415.6500090207114,1425.7857413048096,1403.3494213569647,1412.5994873046875,15306490
2025-05-09,ICICIBANK.NS,1392.6232842813388,1397.2483773146432,1364.8732065732167,1366.742919921875,13491197
2025-05-12,ICICIBANK.NS,1386.9158758891217,1429.8203013758846,1381.601998025975,1425.39208984375,9925445
2025-05-13,ICICIBANK.NS,1417.126034216079,1424.8016487219365,1404.6286855985884,1407.777587890625,12475424
2025-05-14,ICICIBANK.NS,1407.088799803615,1417.7164351068907,1394.6898318883327,1403.44775390625,8026837
2025-05-15,ICICIBANK.NS,1403.152601872172,1433.2644152009339,1392.9184893353395,1427.6553955078125,18209264
2025-05-16,ICICIBANK.NS,1430.115536446277,1435.4292940858757,1423.915992369514,1430.8043212890625,6439208
2025-05-19,ICICIBANK.NS,1423.4240376832488,1436.413410510274,1420.7671587350164,1425.8841552734375,6005334
2025-05-20,ICICIBANK.NS,1427.0649116587983,1435.724573309837,1412.5994688048465,1415.25634765625,11352383
2025-05-21,ICICIBANK.NS,1419.88149736354,1428.1475165201844,1415.5516663650185,1421.6527099609375,5510460
2025-05-22,ICICIBANK.NS,1418.11006923761,1422.2431385993382,1405.0223165661077,1419.0941162109375,7245933
2025-05-23,ICICIBANK.NS,1419.1925334305297,1428.639480716087,1411.5170389146704,1426.67138671875,5203706
2025-05-26,ICICIBANK.NS,1434.7404521515875,1448.1234666381572,1431.7883113035389,1437.2989501953125,5608725
2025-05-27,ICICIBANK.NS,1429.3282240162364,1439.660717201896,1412.7961868700127,1423.3255615234375,14842959
2025-05-28,ICICIBANK.NS,1424.5063806110309,1434.7404932016627,1419.487765050342,1430.6075439453125,8618343
2025-05-29,ICICIBANK.NS,1433.3627849687755,1439.5623288964678,1421.9478642011566,1433.264404296875,15545514
2025-05-30,ICICIBANK.NS,1436.6102684488903,1437.5943154688398,1421.2591589622632,1422.7352294921875,11803975
2025-06-02,ICICIBANK.NS,1418.9958296640707,1436.7086763589064,1409.9426449581042,1427.3602294921875,9458990
2025-06-03,ICICIBANK.NS,1431.6899803606145,1431.7883610343827,1409.1552804132207,1414.961181640625,11167345
2025-06-04,ICICIBANK.NS,1414.4691895072294,1417.1260683724902,1403.6446724484365,1408.1712646484375,8025388
2025-06-05,ICICIBANK.NS,1408.072806574806,1435.724501880477,1404.5302615748733,1431.591552734375,11385668
2025-06-06,ICICIBANK.NS,1425.4904326139017,1438.0862820195339,1419.0941272375726,1436.413330078125,11580994
2025-06-09,ICICIBANK.NS,1441.6289396983907,1443.40027245163,1410.5330766960358,1411.9107666015625,11022031
2025-06-10,ICICIBANK.NS,1416.0435714397854,1418.7004501751119,1393.902514902332,1400.200439453125,12905272
2025-06-11,ICICIBANK.NS,1399.1180802484353,1411.6154291671444,1395.9690577575766,1408.1712646484375,7136877
2025-06-12,ICICIBANK.NS,1407.679242298958,1413.5835243358638,1397.3467487343728,1402.4637451171875,7953247
2025-06-13,ICICIBANK.NS,1381.2083238229704,1398.822788875249,1381.2083238229704,1393.5089111328125,7573103
2025-06-16,ICICIBANK.NS,1394.000986381205,1406.2031934701922,1391.639249505445,1404.13671875,5451137
2025-06-17,ICICIBANK.NS,1404.1366513466178,1406.990411596049,1395.1818479070278,1400.49560546875,6970098
2025-06-18,ICICIBANK.NS,1394.3945278693373,1409.1552321163663,1387.7029605615166,1390.064697265625,6751745
2025-06-19,ICICIBANK.NS,1385.538241229197,1392.1313083904192,1382.2908379271437,1388.78564453125,8849883
2025-06-20,ICICIBANK.NS,1388.7856250535913,1410.4346597691706,1387.7030772194692,1404.33349609375,12408178
2025-06-23,ICICIBANK.NS,1394.394668602004,1400.4957122573712,1389.3760526760818,1397.4451904296875,5514384
2025-06-24,ICICIBANK.NS,1404.9238929302046,1412.993150628414,1393.9026142728064,1401.38134765625,11188438
2025-06-25,ICICIBANK.NS,1399.3147727333048,1406.104720760603,1392.7217061711412,1403.05419921875,7527388
2025-06-26,ICICIBANK.NS,1402.0701682033073,1424.4079863300926,1399.0195265038492,1416.1419677734375,13617435
2025-06-27,ICICIBANK.NS,1415.9451910518737,1442.6128395732899,1414.1738584793554,1438.8734130859375,22532899
2025-06-30,ICICIBANK.NS,1438.4799818113797,1438.5783624887893,1419.291064922364,1422.7352294921875,6325073
2025-07-01,ICICIBANK.NS,1422.6366689959384,1424.506382279972,1406.7935366641375,1409.1552734375,7761449
2025-07-02,ICICIBANK.NS,1409.352049520214,1427.8521809615802,1399.905222450911,1405.0223388671875,13372280
2025-07-03,ICICIBANK.NS,1409.253631009119,1423.030288484485,1400.9876124993152,1403.152587890625,10177738
2025-07-04,ICICIBANK.NS,1404.2350901711065,1421.35753225384,1398.4291887589882,1419.7830810546875,5066503
2025-07-07,ICICIBANK.NS,1414.0754516482682,1417.9132587357801,1406.7934802735126,1412.796142578125,5177477
2025-07-08,ICICIBANK.NS,1409.1552578612602,1421.947868442403,1407.1871639257,1418.9957275390625,5315847
2025-07-09,ICICIBANK.NS,1413.2883371129633,1415.7484547587683,1403.8415093776578,1409.0570068359375,8827347
2025-07-10,ICICIBANK.NS,1413.8788169776346,1416.0436723886824,1399.4132536015054,1401.38134765625,7795964
2025-07-11,ICICIBANK.NS,1399.3148113378843,1405.2190932422636,1392.032839631232,1399.2164306640625,7158015
2025-07-14,ICICIBANK.NS,1402.1686636122888,1402.1686636122888,1393.5090015352046,1400.2989501953125,5846154
2025-07-15,ICICIBANK.NS,1398.429159387504,1410.9266282871913,1396.3626847243358,1407.9744873046875,6041457
2025-07-16,ICICIBANK.NS,1403.2510104989537,1406.3999128239755,1396.4610622300193,1403.6446533203125,5649093
2025-07-17,ICICIBANK.NS,1398.3308611520058,1400.495716617636,1387.0143200519017,1396.0675048828125,12927394
2025-07-18,ICICIBANK.NS,1393.213729649599,1406.2031014317106,1386.0301388149505,1403.05419921875,11297246
2025-07-21,ICICIBANK.NS,1424.9000530820128,1444.2857308931439,1414.07553610418,1442.4161376953125,13867136
2025-07-22,ICICIBANK.NS,1450.5836983181339,1458.3576938551728,1446.25386737522,1450.0916748046875,8930165
2025-07-23,ICICIBANK.NS,1459.243275244324,1466.2299847038992,1449.1075434082761,1464.852294921875,11974174
2025-07-24,ICICIBANK.NS,1463.9666816111749,1464.9507286163912,1454.5198543856832,1459.7353515625,6700578
2025-07-25,ICICIBANK.NS,1476.0704664133914,1476.0704664133914,1450.0916021799312,1453.5357666015625,8696077
2025-07-28,ICICIBANK.NS,1453.5358600374882,1469.969517693696,1453.5358600374882,1464.6556396484375,7507479
2025-07-29,ICICIBANK.NS,1456.2911765714125,1466.0332658775797,1451.8629650797843,1462.4906005859375,9776027
2025-07-30,ICICIBANK.NS,1463.9667199639605,1464.754005637929,1453.7327269399423,1458.7513427734375,7238625
2025-07-31,ICICIBANK.NS,1446.4507928310486,1470.6583264040125,1440.6448911712775,1457.767333984375,12406146
2025-08-01,ICICIBANK.NS,1456.7831967694258,1461.408169601032,1446.3523226373668,1448.12353515625,4416771
2025-08-04,ICICIBANK.NS,1453.240679444368,1455.2087734738848,1437.987950715613,1439.8575439453125,6140054
2025-08-05,ICICIBANK.NS,1429.820201520808,1438.184600497358,1418.0116382597967,1421.357421875,14799343
2025-08-06,ICICIBANK.NS,1419.291123395121,1430.8044259536912,1418.6022183790183,1420.5703125,7805252
2025-08-07,ICICIBANK.NS,1418.110163604165,1424.8017315172433,1406.301599138448,1417.322998046875,7432535
2025-08-08,ICICIBANK.NS,1422.8336344297813,1424.5064663430474,1409.1553565946745,1412.9931640625,5415511
2025-08-11,ICICIBANK.NS,1405.1207239838918,1415.4532174004985,1397.7403715434584,1413.681884765625,8492484
2025-08-12,ICICIBANK.NS,1419.0368204237539,1421.8134608053708,1408.2279203629066,1410.112060546875,5913947
2025-08-13,ICICIBANK.NS,1412.6902784003407,1415.7643381003145,1403.368838463484,1408.922119140625,9009465
2025-08-14,ICICIBANK.NS,1400.1956576735638,1419.1359571615956,1400.1956576735638,1415.3677978515625,7577793
2025-08-18,ICICIBANK.NS,1437.8779693374279,1440.2579294966365,1419.0368097392131,1422.606689453125,6908844
2025-08-19,ICICIBANK.NS,1419.1358802007367,1426.474039895735,1414.3760811646432,1424.29248046875,6709554
2025-08-20,ICICIBANK.NS,1420.6234166864958,1423.8958770531979,1411.1036970512757,1418.64013671875,5817858
2025-08-21,ICICIBANK.NS,1428.0606770004104,1435.6963772945633,1424.3916575816534,1433.911376953125,6238645
2025-08-22,ICICIBANK.NS,1432.2257038615987,1433.9114434457279,1417.450243616132,1424.3917236328125,6657207
2025-08-25,ICICIBANK.NS,1423.8958843891958,1423.8958843891958,1412.0953443103494,1421.2183837890625,6738427
2025-08-26,ICICIBANK.NS,1415.9627825871721,1415.9627825871721,1401.2864621426106,1404.7572021484375,8720155
2025-08-28,ICICIBANK.NS,1396.2290622275916,1399.9973424915918,1384.6269231275805,1387.4034423828125,12990789
2025-08-29,ICICIBANK.NS,1380.4619594997932,1393.254139151069,1380.4619594997932,1386.1143798828125,8519507
2025-09-01,ICICIBANK.NS,1386.4117998354175,1400.5922996421114,1386.4117998354175,1399.2039794921875,4927348
2025-09-02,ICICIBANK.NS,1402.0798141390458,1402.0798141390458,1378.3795940317052,1382.54443359375,7163073
2025-09-03,ICICIBANK.NS,1377.387925122752,1388.2959648465462,1372.6280048233573,1385.321044921875,9813382
2025-09-04,ICICIBANK.NS,1398.1132401473494,1403.2697196534332,1390.180120261188,1393.75,10564859
2025-09-05,ICICIBANK.NS,1399.2040313658385,1399.699851362779,1376.098771088494,1391.0726318359375,6621077
2025-09-08,ICICIBANK.NS,1390.4775686686341,1398.807368933041,1385.9160488487796,1390.973388671875,5880943
2025-09-09,ICICIBANK.NS,1387.304306420236,1395.7332460946977,1383.5360261458507,1391.9649658203125,6470679
2025-09-10,ICICIBANK.NS,1398.2123094765393,1401.8813288190768,1390.3783297737682,1392.163330078125,7452347
2025-09-11,ICICIBANK.NS,1386.3126886500647,1396.2290884258164,1384.3294086949145,1389.882568359375,10192026
2025-09-12,ICICIBANK.NS,1393.3532613043915,1407.8311802789096,1388.39506158368,1405.847900390625,7770038
2025-09-15,ICICIBANK.NS,1410.1120532176328,1414.8719735471493,1404.4597537449094,1407.5338134765625,5845637
2025-09-16,ICICIBANK.NS,1402.1788926034542,1412.987792293879,1401.8813521978338,1409.71533203125,8213151
2025-09-17,ICICIBANK.NS,1408.2279494348236,1414.1777894755733,1404.5589298296168,1407.33544921875,7484283
2025-09-18,ICICIBANK.NS,1419.1358927633355,1420.821753289835,1403.4680543540285,1409.814453125,8130537
2025-09-19,ICICIBANK.NS,1404.26135906907,1406.145499251229,1388.494259091765,1390.4775390625,13457344
2025-09-22,ICICIBANK.NS,1392.1634074537787,1398.1132473992611,1385.5193468847744,1389.783447265625,8847948
2025-09-23,ICICIBANK.NS,1379.3712163938944,1391.568436605077,1379.3712163938944,1382.6436767578125,12827524
2025-09-24,ICICIBANK.NS,1374.8096433544556,1379.2720231049968,1364.9923836933056,1371.1405029296875,9735678
2025-09-25,ICICIBANK.NS,1365.488259405882,1379.867039189023,1360.331779903573,1364.29833984375,21613389
2025-09-26,ICICIBANK.NS,1356.563442311047,1361.2241016242142,1345.655402935739,1348.233642578125,18342280
2025-09-29,ICICIBANK.NS,1348.233693764239,1355.076033842118,1334.9456938107846,1336.829833984375,20563163
2025-09-30,ICICIBANK.NS,1342.3830124406416,1345.2587926353076,1331.3758327091439,1336.730712890625,20166871
2025-10-01,ICICIBANK.NS,1336.7306701838102,1367.8681892333634,1335.8381700071102,1360.530029296875,20952632
2025-10-03,ICICIBANK.NS,1360.4309257938526,1360.4309257938526,1349.9195661151996,1353.786865234375,12163695
2025-10-06,ICICIBANK.NS,1359.5383926525742,1361.1249923873581,1347.73785285358,1352.001953125,14314283
2025-10-07,ICICIBANK.NS,1352.2002408686599,1371.5372203120692,1352.2002408686599,1364.3974609375,16126464
2025-10-08,ICICIBANK.NS,1360.8276403806535,1370.0498198860423,1352.8945202642897,1358.8443603515625,8100832
2025-10-09,ICICIBANK.NS,1358.3484255020637,1367.173924045517,1353.687645197864,1364.69482421875,7909575
2025-10-10,ICICIBANK.NS,1358.8443421746942,1373.4214017735967,1358.8443421746942,1368.7607421875,7673816
2025-10-13,ICICIBANK.NS,1361.6207839903618,1374.8096436760768,1361.6207839903618,1367.8681640625,8923018
2025-10-14,ICICIBANK.NS,1377.3878684808556,1377.3878684808556,1363.6040491867466,1372.52880859375,10610855
2025-10-15,ICICIBANK.NS,1374.9088107982643,1388.692630514965,1373.9171708337506,1386.7093505859375,8988550
2025-10-16,ICICIBANK.NS,1389.287635646356,1407.0380158006922,1387.7010358612888,1405.451416015625,12185032
2025-10-17,ICICIBANK.NS,1400.1956466119625,1427.5648857493748,1399.1048668479334,1424.5899658203125,17037215
2025-10-20,ICICIBANK.NS,1429.944862993793,1432.9197829584125,1377.5862231965677,1378.6771240234375,23330227
2025-10-21,ICICIBANK.NS,1372.9255110082336,1375.999570643796,1364.3974316467445,1370.4464111328125,3415560
2025-10-23,ICICIBANK.NS,1373.4214191916344,1378.1813396780694,1348.7295586366392,1352.2994384765625,21124942
2025-10-24,ICICIBANK.NS,1356.66265330236,1370.0497932383416,1356.66265330236,1366.182373046875,10570263
2025-10-27,ICICIBANK.NS,1370.5456319928564,1375.206412664237,1362.5133721313011,1366.083251953125,11499836
2025-10-28,ICICIBANK.NS,1361.521728041381,1364.298368477702,1344.8621275230646,1351.7044677734375,26477914
2025-10-29,ICICIBANK.NS,1353.191921020162,1360.2325408166014,1347.043801434495,1358.9434814453125,16129382
2025-10-30,ICICIBANK.NS,1351.0103759765625,1358.7450954369456,1349.9195961737937,1351.0103759765625,9324401
2025-10-31,ICICIBANK.NS,1345.6554843440952,1350.6136843601014,1332.07006472016,1334.0533447265625,15926798
2025-11-03,ICICIBANK.NS,1329.2933430972657,1340.3005222505137,1326.715103456384,1335.14404296875,11071450
2025-11-04,ICICIBANK.NS,1331.375810196628,1338.5156906678078,1322.0543701938611,1325.7235107421875,15211183
2025-11-06,ICICIBANK.NS,1318.88116976713,1330.979129069885,1306.386530263507,1309.3614501953125,24221853
2025-11-07,ICICIBANK.NS,1309.3614221413634,1333.0616413002483,1307.576421800604,1331.7724609375,7719245
2025-11-10,ICICIBANK.NS,1331.6733731274833,1338.3173126722259,1329.7892329275433,1336.730712890625,8542340
2025-11-11,ICICIBANK.NS,1337.7222802082897,1349.0269997439532,1334.9456399539874,1346.944580078125,8305184
2025-11-12,ICICIBANK.NS,1358.5467300041707,1358.5467300041707,1344.0688109600715,1347.53955078125,9736761
2025-11-13,ICICIBANK.NS,1347.5395638924115,1378.7762225869417,1347.142883699029,1374.3138427734375,18296626
2025-11-14,ICICIBANK.NS,1362.513368521827,1369.653128146561,1351.8036080349211,1361.521728515625,9694498
2025-11-17,ICICIBANK.NS,1363.6041374139656,1370.9422976111398,1362.1166774165574,1367.4715576171875,7660717
2025-11-18,ICICIBANK.NS,1368.6614140079962,1371.2397747243117,1357.6542347453071,1361.9183349609375,9529560
2025-11-19,ICICIBANK.NS,1362.0175118520117,1372.4297316368286,1360.133371680989,1371.5372314453125,10393918
2025-11-20,ICICIBANK.NS,1368.5623301618334,1376.6938507345087,1363.9016706145442,1371.4381103515625,10131863
2025-11-21,ICICIBANK.NS,1361.5216431243439,1364.4965629563708,1353.1918433847088,1358.0509033203125,11483595
2025-11-24,ICICIBANK.NS,1361.8192653055182,1365.488284898759,1350.1178648436169,1356.960205078125,15896003
2025-11-25,ICICIBANK.NS,1353.5886121834044,1365.3891524995797,1342.978112507823,1346.4488525390625,12235000
2025-11-26,ICICIBANK.NS,1348.6304048295453,1365.4882848899147,1348.5312650391513,1363.5050048828125,9659004
2025-11-27,ICICIBANK.NS,1367.471557668799,1382.3461576434415,1364.1990972544559,1380.5611572265625,15158741
2025-11-28,ICICIBANK.NS,1380.3628968845176,1386.8085569633604,1374.0163765969262,1377.189697265625,7683986
2025-12-01,ICICIBANK.NS,1382.3461800316288,1388.2960201178482,1373.8181001180092,1378.478759765625,8867593
2025-12-02,ICICIBANK.NS,1370.2482089901266,1370.2482089901266,1359.1417682907786,1361.521728515625,12126396
2025-12-03,ICICIBANK.NS,1355.5718853340877,1382.544445020301,1355.5718853340877,1379.8670654296875,7955933
2025-12-04,ICICIBANK.NS,1375.4045960658268,1379.9661155774988,1368.3639767054422,1375.1070556640625,7373909
2025-12-05,ICICIBANK.NS,1369.4547830523452,1383.6352828825825,1369.4547830523452,1380.858642578125,4942638
2025-12-08,ICICIBANK.NS,1375.404670384236,1383.2386505394277,1371.7356508298087,1377.98291015625,7826227
2025-12-09,ICICIBANK.NS,1368.3640275890855,1372.7272676950297,1361.9183677427457,1363.7032470703125,10492030
2025-12-10,ICICIBANK.NS,1366.3806948465074,1367.8681547535796,1346.5478960855444,1352.2001953125,8725381
2025-12-11,ICICIBANK.NS,1352.299390595187,1355.1751707435094,1341.490611666704,1348.63037109375,6734750
2025-12-12,ICICIBANK.NS,1356.5634801370334,1359.240859638436,1351.90282069391,1354.5802001953125,3890885
2025-12-15,ICICIBANK.NS,1344.7629655399599,1358.5467856038574,1344.7629655399599,1353.786865234375,5342530
2025-12-16,ICICIBANK.NS,1352.5969202535916,1357.257579696715,1344.1679805012782,1354.5802001953125,12359741
2025-12-17,ICICIBANK.NS,1353.5885110391764,1353.5885110391764,1331.8715722565005,1341.0938720703125,9440391
2025-12-18,ICICIBANK.NS,1335.0449336848067,1358.0509324595278,1334.2515732926577,1345.4571533203125,7314573
2025-12-19,ICICIBANK.NS,1342.6805232986085,1349.0270433350909,1339.5073238052678,1342.7796630859375,14318512
2025-12-22,ICICIBANK.NS,1346.647106277973,1359.8359665635035,1343.4739067302291,1357.059326171875,9375294
2025-12-23,ICICIBANK.NS,1349.7210845323889,1353.5885044694035,1345.6553850292898,1351.605224609375,9105467
2025-12-24,ICICIBANK.NS,1352.3986889312134,1356.7618081188289,1346.2504482626368,1348.43212890625,8955140
2025-12-26,ICICIBANK.NS,1345.159575111433,1350.6135947672478,1337.2264556120658,1339.110595703125,2812144
2025-12-29,ICICIBANK.NS,1340.7964277815033,1344.3663075928198,1330.2850679288142,1332.070068359375,6057201
2025-12-30,ICICIBANK.NS,1332.0699716952038,1335.8381308143366,1326.9133714087848,1331.276611328125,18621277
2025-12-31,ICICIBANK.NS,1331.574200056716,1338.7139594203709,1328.3017397359904,1331.67333984375,6150634
2026-01-01,ICICIBANK.NS,1332.665031313395,1337.1274113505744,1324.8310510381634,1326.8143310546875,4179311
2026-01-02,ICICIBANK.NS,1326.8142878641993,1345.5563076202234,1325.12854832495,1344.06884765625,8226205
2026-01-05,ICICIBANK.NS,1342.878760280637,1364.0007394532674,1341.2921605842894,1360.0341796875,6920565
2026-01-06,ICICIBANK.NS,1360.5299848190614,1401.7821817231495,1354.5801452353044,1399.4022216796875,17260416
2026-01-07,ICICIBANK.NS,1396.2290239898057,1417.9459627064246,1392.4607438290054,1415.7642822265625,15813795
2026-01-08,ICICIBANK.NS,1417.0535778936194,1430.1431776389843,1411.4012782421678,1423.00341796875,14861699
2026-01-09,ICICIBANK.NS,1415.1693772847862,1417.549337423264,1389.7834182572258,1392.56005859375,12555636
2026-01-12,ICICIBANK.NS,1388.1967781468372,1412.3928169264516,1380.0652579976486,1401.286376953125,10923811
2026-01-13,ICICIBANK.NS,1408.1288141663404,1429.746614803746,1399.3031938675902,1424.9866943359375,14295581
2026-01-14,ICICIBANK.NS,1413.6818734015883,1431.8289327125644,1403.0713744699053,1406.5421142578125,13832255
2026-01-15,ICICIBANK.NS,1406.5421142578125,1406.5421142578125,1406.5421142578125,1406.5421142578125,0
2026-01-16,ICICIBANK.NS,1406.0463569783972,1417.0535365865687,1388.494256638521,1399.0057373046875,12530886
2026-01-19,ICICIBANK.NS,1388.1968051292893,1388.2959449153948,1348.6303464892405,1369.05810546875,23302883
2026-01-20,ICICIBANK.NS,1363.207439020359,1376.1980196642805,1360.0342394881388,1364.29833984375,15012785
2026-01-21,ICICIBANK.NS,1356.0676290796277,1360.0341888721825,1328.3017105317451,1337.7222900390625,21766068
2026-01-22,ICICIBANK.NS,1343.7713064680374,1346.6470866066866,1326.814287098488,1334.2515869140625,17179765
2026-01-23,ICICIBANK.NS,1329.2934092663852,1343.8704687287582,1324.5334888848981,1332.169189453125,14056524
2026-01-27,ICICIBANK.NS,1328.7975572308817,1357.6542560921293,1317.492837384778,1350.0186767578125,25263634
2026-01-28,ICICIBANK.NS,1351.2086513775284,1368.859891948821,1351.2086513775284,1356.2659912109375,13242696
2026-01-29,ICICIBANK.NS,1347.6387612421634,1376.098780848474,1343.0772414479197,1372.0330810546875,23118234
2026-01-30,ICICIBANK.NS,1356.7617179329986,1370.347257745332,1341.8871188281207,1343.672119140625,24013717
2026-02-02,ICICIBANK.NS,1318.7820210502812,1343.0772003288644,1317.9886606539171,1341.4906005859375,12800245
2026-02-03,ICICIBANK.NS,1400.1956512153185,1405.15385111339,1361.918372212169,1378.08203125,24896698
2026-02-04,ICICIBANK.NS,1375.4046132419246,1402.1788919423802,1375.3054734566974,1396.625732421875,11080683
2026-02-05,ICICIBANK.NS,1402.1788945018798,1402.1788945018798,1381.5527350454402,1384.8251953125,8982761
2026-02-06,ICICIBANK.NS,1385.0235305539115,1398.7082108846507,1383.0402505668367,1394.344970703125,10851190
2026-02-09,ICICIBANK.NS,1401.6831123688528,1402.1789323590788,1377.1896532716103,1384.626953125,7889742
2026-02-10,ICICIBANK.NS,1389.2875574724217,1397.716496971719,1383.8335377964056,1394.7415771484375,16497628
2026-02-11,ICICIBANK.NS,1395.6341511146452,1401.1873108684945,1388.6926711598828,1394.344970703125,8551341
2026-02-12,ICICIBANK.NS,1394.3449463736551,1421.0200859443291,1393.5517070225485,1418.045166015625,19646265
2026-02-13,ICICIBANK.NS,1413.3845464564506,1422.4084462850303,1398.9065055547715,1402.77392578125,12228083
2026-02-16,ICICIBANK.NS,1392.2625106722887,1402.1789103209517,1388.7917707952565,1399.7989501953125,5000042
2026-02-17,ICICIBANK.NS,1394.4440959690942,1401.782256054804,1381.9494563906167,1395.7332763671875,11756187
2026-02-18,ICICIBANK.NS,1398.3115083316352,1400.4931889124357,1387.2051890014204,1396.4273681640625,4758071
2026-02-19,ICICIBANK.NS,1396.7249570846573,1400.4932375506726,1373.2231372171063,1377.189697265625,14323091
2026-02-20,ICICIBANK.NS,1376.8920792080073,1391.9649581225938,1372.4296994050287,1382.8419189453125,10337877
2026-02-23,ICICIBANK.NS,1388.29600959884,1396.5266700756697,1383.6353499865377,1387.7010498046875,10728445
2026-02-24,ICICIBANK.NS,1389.1884011120849,1389.1884011120849,1370.7439226377844,1373.2230224609375,18274784
2026-02-25,ICICIBANK.NS,1380.164528913772,1395.634087902335,1376.5945282588896,1388.791748046875,16297015
2026-02-26,ICICIBANK.NS,1393.3533088725535,1398.2123689746954,1380.4619891586024,1393.155029296875,27288792
2026-02-27,ICICIBANK.NS,1388.296016563106,1390.4775761692113,1365.1907558675261,1367.3724365234375,15096898
2026-03-02,ICICIBANK.NS,1343.672146415433,1367.6697850385044,1343.672146415433,1362.5133056640625,16928683
2026-03-04,ICICIBANK.NS,1314.9145907457403,1364.4965888884906,1314.9145907457403,1353.9852294921875,20009132
2026-03-05,ICICIBANK.NS,1357.45594601842,1359.3400861254038,1336.3339667529167,1346.2503662109375,17590491
2026-03-06,ICICIBANK.NS,1327.8058801381828,1346.2503588188658,1299.4450020539286,1302.419921875,22778852
2026-03-09,ICICIBANK.NS,1262.060104122135,1271.9765035292385,1240.6407056127512,1267.7125244140625,16116652
2026-03-10,ICICIBANK.NS,1276.8355955325096,1304.006554800674,1274.8523156012538,1300.9324951171875,19136143
2026-03-11,ICICIBANK.NS,1289.1319797351587,1295.5776396338345,1280.1080800869731,1283.777099609375,13224259
2026-03-12,ICICIBANK.NS,1265.0350263567016,1269.7949465011072,1247.780588195275,1255.9119873046875,19676187
2026-03-13,ICICIBANK.NS,1241.434156276259,1251.747236619689,1238.2608356053079,1244.3099365234375,17344394
2026-03-16,ICICIBANK.NS,1244.5081652081492,1266.125965023717,1229.7327054112554,1262.258544921875,22740688
2026-03-17,ICICIBANK.NS,1268.2083924442081,1283.578812107693,1262.3576923623407,1277.9263916015625,22303102
2026-03-18,ICICIBANK.NS,1275.2490239961462,1286.2562036480494,1260.1761446052265,1278.521484375,12961135
2026-03-19,ICICIBANK.NS,1257.0027465645267,1275.1498056385733,1233.3025281122907,1239.6490478515625,14422899
2026-03-20,ICICIBANK.NS,1247.8797225177066,1263.34928134462,1231.3192629188682,1234.9884033203125,16421006
2026-03-23,ICICIBANK.NS,1216.3455695278035,1224.5762297429494,1207.9166297375125,1212.4781494140625,17049534
2026-03-24,ICICIBANK.NS,1226.757768953439,1243.4173686829902,1213.46976929413,1240.7398681640625,20617782
2026-03-25,ICICIBANK.NS,1248.3755838951454,1262.2585434912949,1243.9132040249544,1249.1688232421875,17290030
2026-03-27,ICICIBANK.NS,1245.499833090769,1250.358893273775,1219.8163330232837,1223.4854736328125,23630905
2026-03-30,ICICIBANK.NS,1206.3300855990337,1212.3790655174357,1190.3647054702,1195.8187255859375,23952775
2026-04-01,ICICIBANK.NS,1217.8330476356737,1223.6837477872427,1199.884388024768,1202.561767578125,25472333
2026-04-02,ICICIBANK.NS,1186.001465486272,1211.883245832491,1177.67166509731,1205.635986328125,20851722
2026-04-06,ICICIBANK.NS,1202.8592693089724,1224.0803886246306,1190.4637698313447,1221.10546875,10058414
2026-04-07,ICICIBANK.NS,1218.7254656803555,1239.9465842479708,1206.429106422035,1235.0875244140625,25600557
2026-04-08,ICICIBANK.NS,1299.048365281531,1322.3519046587187,1281.595525957938,1298.2550048828125,25148651
2026-04-09,ICICIBANK.NS,1289.032858674316,1297.065118454786,1265.2334987026684,1270.58837890625,22923062
2026-04-10,ICICIBANK.NS,1278.2238983175278,1312.931296642674,1277.7280783414542,1310.848876953125,18174755
2026-04-13,ICICIBANK.NS,1293.9909710757174,1345.655387306946,1285.8594510059597,1339.8046875,30572141
2026-04-15,ICICIBANK.NS,1346.647094004827,1353.3902942945808,1326.8142943876721,1336.829833984375,23827473
2026-04-16,ICICIBANK.NS,1340.697246754227,1355.4727065977952,1328.995846624469,1334.2515869140625,24017236
2026-04-17,ICICIBANK.NS,1335.7390510601572,1341.5897511433582,1322.8477313394578,1335.540771484375,18151993
2026-04-20,ICICIBANK.NS,1353.2910001768837,1364.893260297481,1341.6888611060856,1344.862060546875,21551520
2026-04-21,ICICIBANK.NS,1356.5634890022861,1381.4536282235813,1348.6303691835594,1376.79296875,23312455
2026-04-22,ICICIBANK.NS,1368.463107425001,1368.5622472083335,1353.588508431251,1356.166748046875,13613487
2026-04-23,ICICIBANK.NS,1337.1273930984762,1342.680552858981,1332.268332914358,1336.730712890625,20111792
2026-04-24,ICICIBANK.NS,1325.1285758443225,1337.5240758015216,1312.931355466517,1315.1129150390625,14056743
2026-04-27,ICICIBANK.NS,1316.7986931874252,1324.7318126631535,1299.9408143015023,1303.114013671875,15385625
2026-04-28,ICICIBANK.NS,1303.3124724850059,1306.6839515728986,1275.943112231791,1281.1988525390625,16774778
2026-04-29,ICICIBANK.NS,1283.876190331697,1285.9587310592146,1265.5308513211887,1270.290771484375,11716030
2026-04-30,ICICIBANK.NS,1250.4580524616338,1261.5643721523936,1248.474772441869,1252.8380126953125,17740110
2026-05-01,ICICIBANK.NS,1252.8380126953125,1252.8380126953125,1252.8380126953125,1252.8380126953125,0
2026-05-04,ICICIBANK.NS,1253.7304875272214,1271.4807465048432,1253.7304875272214,1260.1761474609375,14597051
2026-05-05,ICICIBANK.NS,1253.4328902069624,1256.11026963796,1235.0875512284588,1240.839111328125,24447935
2026-05-06,ICICIBANK.NS,1251.449645209005,1272.0758050555082,1241.6323852719695,1268.8033447265625,22909586
2026-05-07,ICICIBANK.NS,1273.9597944081108,1283.1820943562475,1262.5559349914981,1268.3074951171875,25028552
2026-05-08,ICICIBANK.NS,1268.902517705381,1268.902517705381,1250.6563175253964,1254.226318359375,11137424
2026-05-11,ICICIBANK.NS,1248.871386509416,1265.035045184508,1241.5332266149906,1255.8128662109375,18980488
2026-05-12,ICICIBANK.NS,1245.4998520747622,1249.3672723222166,1225.9645923052954,1229.93115234375,21110708
2026-05-13,ICICIBANK.NS,1227.9478864287817,1238.7566658178762,1216.940585355795,1225.2703857421875,19490295
2026-05-14,ICICIBANK.NS,1228.7410341788377,1246.193873036946,1225.6669745529443,1235.5833740234375,16535600
2026-05-15,ICICIBANK.NS,1236.178367000428,1247.4830869105315,1231.616847331383,1234.095947265625,11745614
2026-05-18,ICICIBANK.NS,1225.171187688256,1243.218986792355,1221.7004477797907,1240.6407470703125,13918850
2026-05-19,ICICIBANK.NS,1240.6406985843882,1245.7972988767476,1219.518840596794,1230.4268798828125,38929053
2026-05-20,ICICIBANK.NS,1219.7171565954964,1229.3360158332805,1213.0732172518474,1226.9561767578125,14953103
2026-05-21,ICICIBANK.NS,1234.8892560806848,1237.8641758775068,1224.0803566089394,1232.41015625,14394386
2026-05-22,ICICIBANK.NS,1231.6168488886804,1260.1761285871792,1231.6168488886804,1253.73046875,11601085
2026-05-25,ICICIBANK.NS,1260.3744497717253,1282.6863499447102,1260.2753099809177,1281.0006103515625,13853923
2026-05-26,ICICIBANK.NS,1279.215515708668,1290.9169153575494,1265.5308361904704,1268.4066162109375,18400405
2026-05-27,ICICIBANK.NS,1275.2490410953124,1282.587201311576,1256.1103406589523,1262.0601806640625,18366272
2026-05-28,ICICIBANK.NS,1262.0601806640625,1262.0601806640625,1262.0601806640625,1262.0601806640625,0
2026-05-29,ICICIBANK.NS,1264.4401034217194,1277.0340036893715,1237.4675446174365,1245.896484375,31007884
2026-06-01,ICICIBANK.NS,1246.5906197801364,1251.3505402000205,1225.5679002002253,1229.3360595703125,9911975
2026-06-02,ICICIBANK.NS,1222.692101166893,1227.3527606751832,1210.4948809348448,1216.3455810546875,17920892
2026-06-03,ICICIBANK.NS,1209.7016025437176,1237.8642014111729,1203.5533622069204,1231.6168212890625,13934754
2026-06-04,ICICIBANK.NS,1221.8987381131592,1251.7471984286103,1221.8987381131592,1241.2357177734375,19461560
2026-06-05,ICICIBANK.NS,1246.4914883012805,1254.4246083541127,1239.5500082550523,1251.548828125,10166393
2026-06-08,ICICIBANK.NS,1235.98013161075,1243.516571470306,1232.7076711606426,1239.748291015625,10714196
2026-06-09,ICICIBANK.NS,1244.5081432866116,1269.2000023713417,1242.2273229706288,1264.3409423828125,22368579
2026-06-10,ICICIBANK.NS,1260.6719575059049,1295.0818164605482,1260.6719575059049,1282.488037109375,25951584
2026-06-11,ICICIBANK.NS,1275.7448484381675,1321.8561080202699,1275.7448484381675,1305.9898681640625,35919374
2026-06-12,ICICIBANK.NS,1318.881182108178,1333.0616823357286,1307.6756018402702,1329.5909423828125,18339846
2026-06-15,ICICIBANK.NS,1343.2755003149457,1351.3077599885314,1314.2205213660739,1316.501220703125,16172921
2026-06-16,ICICIBANK.NS,1320.7653035280132,1326.1201835892518,1315.2121438922036,1323.145263671875,13069159
2026-06-17,ICICIBANK.NS,1330.7808691866162,1334.7474291543856,1322.2527894658729,1325.6243896484375,8026424
2026-06-18,ICICIBANK.NS,1322.4510288431072,1335.6398887549333,1320.2694693470728,1331.078369140625,13467985
2026-06-19,ICICIBANK.NS,1329.293324489997,1340.994724069171,1320.8643850956182,1335.2431640625,9057322
2026-06-22,ICICIBANK.NS,1341.6888318212496,1351.307690769155,1337.1273123310036,1341.0938720703125,4814845
2026-06-23,ICICIBANK.NS,1346.647075338441,1357.654254763427,1320.3686162099664,1327.11181640625,11884879
2026-06-24,ICICIBANK.NS,1329.3925787519856,1366.0832592753275,1329.3925787519856,1362.11669921875,16440708
2026-06-25,ICICIBANK.NS,1370.3473528540349,1392.2625728462838,1368.562352417643,1375.9005126953125,17173209
2026-06-26,ICICIBANK.NS,1375.9005126953125,1375.9005126953125,1375.9005126953125,1375.9005126953125,0
2026-06-29,ICICIBANK.NS,1378.379593988644,1390.2792739367474,1371.6363935981306,1375.9996337890625,13249405
2026-06-30,ICICIBANK.NS,1390.2792468566804,1390.2792468566804,1354.6793474953972,1363.7032470703125,18398057
2026-07-01,ICICIBANK.NS,1359.935092537661,1373.5205118412996,1356.2659519824388,1368.264892578125,11948034
2026-07-02,ICICIBANK.NS,1370.347360452637,1393.2542205810548,1365.2900205878914,1388.2960205078125,15779429
2026-07-03,ICICIBANK.NS,1402.1789477753737,1408.128787723501,1394.1466880553623,1399.6007080078125,12901785
2026-07-06,ICICIBANK.NS,1400.1956098660596,1419.6317286825692,1399.7989296759679,1414.9710693359375,12306949
2026-07-07,ICICIBANK.NS,1419.6317869331858,1421.0201071305735,1398.212387337131,1402.873046875,15664178
2026-07-08,ICICIBANK.NS,1398.5098849300493,1406.4430046152802,1364.397446073597,1369.05810546875,10573142
2026-07-09,ICICIBANK.NS,1371.3389070760331,1391.8658055614053,1365.7857475821456,1369.1572265625,13948838
2026-07-10,ICICIBANK.NS,1378.081980498166,1396.4273194454097,1377.9828407138161,1389.48583984375,6409645
2026-07-13,ICICIBANK.NS,1381.850313043882,1401.1872926666704,1374.710553603081,1397.716552734375,10091437
2026-07-14,ICICIBANK.NS,1388.2959393084109,1399.9973392167874,1380.36281965522,1395.9315185546875,14133017
2026-07-15,ICICIBANK.NS,1401.0881343697583,1416.061873669893,1397.4189938599209,1404.3604736328125,12961648
2026-07-16,ICICIBANK.NS,1408.2278901435363,1411.7977698077207,1394.4440704195183,1406.34375,10165264
2026-07-17,ICICIBANK.NS,1410.2112272612976,1442.935347434669,1407.8312670387277,1432.2257080078125,11112550
2026-07-20,ICICIBANK.NS,1432.4239762420166,1467.6271961496604,1427.4657762550246,1447.99267578125,22236415
2026-07-21,ICICIBANK.NS,1457.7107481698004,1461.5781682422519,1444.4227484323062,1450.868408203125,18269907
2026-07-22,ICICIBANK.NS,1454.1408592092237,1454.1408592092237,1426.374940373995,1428.6556396484375,8345136
2026-07-23,ICICIBANK.NS,1420.5242697074934,1433.9114094220142,1414.673569622298,1422.606689453125,12409328
2026-07-24,ICICIBANK.NS,1416.0618385071728,1427.9615178223592,1403.5671994361867,1420.9208984375,10870914
2026-07-27,ICICIBANK.NS,1423.6974916567503,1436.8863520032721,1416.8552725346733,1433.6138916015625,10608300
2026-07-28,ICICIBANK.NS,1430.2423604987887,1433.8122401392648,1405.7487808950839,1418.8385009765625,19486209
2026-07-29,ICICIBANK.NS,1430.4406700852692,1436.3905099608405,1416.557710375603,1425.879150390625,10856166
2026-07-30,ICICIBANK.NS,1419.13595728037,1430.143136895818,1410.7070174140658,1421.91259765625,14141173
2026-07-31,ICICIBANK.NS,1422.309244666781,1429.8456841613988,1419.4334645695478,1423.4000244140625,8752440
2026-08-03,ICICIBANK.NS,1442.0,1460.0,1433.0,1460.0,7706747
2026-08-04,ICICIBANK.NS,1452.0,1454.5999755859375,1430.800048828125,1454.5999755859375,11458963
2026-08-05,ICICIBANK.NS,1454.5999755859375,1454.5999755859375,1431.199951171875,1450.0999755859375,11723296
2026-08-06,ICICIBANK.NS,1460.0,1460.0,1448.300048828125,1457.5,14954726
2026-08-07,ICICIBANK.NS,1451.0,1455.0,1418.199951171875,1421.0,14395789
2026-08-10,ICICIBANK.NS,1428.0999755859375,1441.9000244140625,1415.5,1431.800048828125,12749354
2026-08-11,ICICIBANK.NS,1432.0999755859375,1434.0,1412.199951171875,1429.5999755859375,10471914
2026-08-12,ICICIBANK.NS,1429.4000244140625,1435.0,1418.5999755859375,1431.699951171875,8201733
2026-08-13,ICICIBANK.NS,1429.0,1429.0,1406.4000244140625,1406.800048828125,11408206
2026-08-14,ICICIBANK.NS,1403.0,1417.800048828125,1401.0,1417.0,6097934
2026-08-17,ICICIBANK.NS,1418.0,1423.5999755859375,1407.0,1415.300048828125,5605603
2026-08-18,ICICIBANK.NS,1410.0,1416.5999755859375,1406.300048828125,1412.0,8345198
2026-08-19,ICICIBANK.NS,1412.0,1416.0,1391.5,1402.0,10304210
2026-08-20,ICICIBANK.NS,1407.800048828125,1413.0,1403.300048828125,1411.9000244140625,8425049
2026-08-21,ICICIBANK.NS,1417.0,1420.0,1411.199951171875,1420.0,4565280
2026-08-24,ICICIBANK.NS,1420.5,1425.5,1408.699951171875,1415.0,5307113
2026-08-25,ICICIBANK.NS,1408.0,1424.9000244140625,1408.0,1422.699951171875,7983249
2026-08-26,ICICIBANK.NS,1423.0999755859375,1446.0,1423.0999755859375,1430.0,4177066
2026-08-27,ICICIBANK.NS,1445.0,1453.800048828125,1433.0999755859375,1443.0,11539716
2026-08-28,ICICIBANK.NS,1435.0,1439.800048828125,1418.9000244140625,1422.800048828125,8625738
2026-08-31,ICICIBANK.NS,1422.800048828125,1454.0,1419.0,1454.0,15331697
2026-09-01,ICICIBANK.NS,1442.9000244140625,1446.699951171875,1422.800048828125,1438.0,10627608
2026-09-02,ICICIBANK.NS,1425.0999755859375,1436.0,1420.699951171875,1426.5,8515824
2026-09-03,ICICIBANK.NS,1438.300048828125,1452.0,1430.0,1430.0,10503351
2026-09-04,ICICIBANK.NS,1432.0999755859375,1438.300048828125,1421.4000244140625,1423.199951171875,6693889
2026-09-07,ICICIBANK.NS,1428.0,1434.4000244140625,1422.5999755859375,1427.5,8035111
2026-09-08,ICICIBANK.NS,1424.0,1424.9000244140625,1396.300048828125,1399.4000244140625,12123411
2026-09-09,ICICIBANK.NS,1395.9000244140625,1402.5,1385.5,1389.0999755859375,14229080
2026-09-10,ICICIBANK.NS,1385.9000244140625,1393.0,1373.9000244140625,1384.5,10580641
2026-09-11,ICICIBANK.NS,1371.5999755859375,1389.0,1367.5999755859375,1379.300048828125,7064417
2026-09-14,ICICIBANK.NS,1379.300048828125,1379.300048828125,1379.300048828125,1379.300048828125,0
2026-09-15,ICICIBANK.NS,1379.300048828125,1390.0,1350.4000244140625,1350.4000244140625,10133488
2026-09-16,ICICIBANK.NS,1359.0,1361.4000244140625,1348.0,1358.800048828125,9625762
2026-09-17,ICICIBANK.NS,1352.0,1363.0,1347.5999755859375,1347.5999755859375,7867524
2026-09-18,ICICIBANK.NS,1351.9000244140625,1359.800048828125,1338.9000244140625,1338.9000244140625,7509409
2026-09-21,ICICIBANK.NS,1347.800048828125,1352.0,1340.4000244140625,1345.0,5705598
2026-09-22,ICICIBANK.NS,1343.0,1347.199951171875,1333.800048828125,1339.5999755859375,6433249
2026-09-23,ICICIBANK.NS,1339.9000244140625,1344.5,1333.5,1340.0,4758314
2026-09-24,ICICIBANK.NS,1333.0999755859375,1347.800048828125,1330.0999755859375,1334.5,8653920
2026-09-25,ICICIBANK.NS,1332.9000244140625,1340.800048828125,1312.0,1326.800048828125,10841310
